,date,party,name,chamber,state,district
0,2016-11-08,r,bradley byrne,house,AL,1
1,2016-11-08,r,martha roby,house,AL,2
2,2016-11-08,r,mike rogers,house,AL,3
3,2016-11-08,r,robert aderholt,house,AL,4
4,2016-11-08,r,mo brooks,house,AL,5
5,2016-11-08,r,gary palmer,house,AL,6
6,2016-11-08,d,terri sewell,house,AL,7
7,2016-11-08,r,don young,house,AK,0
8,2016-11-08,d,tom ohalleran,house,AZ,1
9,2016-11-08,r,martha mcsally,house,AZ,2
10,2016-11-08,d,raul grijalva,house,AZ,3
11,2016-11-08,r,paul gosar,house,AZ,4
12,2016-11-08,r,andy biggs,house,AZ,5
13,2016-11-08,r,david schweikert,house,AZ,6
14,2016-11-08,d,ruben gallego,house,AZ,7
15,2016-11-08,r,trent franks,house,AZ,8
16,2018-04-24,r,debbie lesko,house,AZ,8
17,2016-11-08,d,kyrsten sinema,house,AZ,9
18,2016-11-08,r,rick crawford,house,AR,1
19,2016-11-08,r,french hill,house,AR,2
20,2016-11-08,r,steve womack,house,AR,3
21,2016-11-08,r,bruce westerman,house,AR,4
22,2016-11-08,r,doug lamalfa,house,CA,1
23,2016-11-08,d,jared huffman,house,CA,2
24,2016-11-08,d,john garamendi,house,CA,3
25,2016-11-08,r,tom mcclintock,house,CA,4
26,2016-11-08,d,mike thompson,house,CA,5
27,2016-11-08,d,doris matsui,house,CA,6
28,2016-11-08,d,ami bera,house,CA,7
29,2016-11-08,r,paul cook,house,CA,8
30,2016-11-08,d,jerry mcnerney,house,CA,9
31,2016-11-08,r,jeff denham,house,CA,10
32,2016-11-08,d,mark desaulnier,house,CA,11
33,2016-11-08,d,nancy pelosi,house,CA,12
34,2016-11-08,d,barbara lee,house,CA,13
35,2016-11-08,d,jackie speier,house,CA,14
36,2016-11-08,d,eric swalwell,house,CA,15
37,2016-11-08,d,jim costa,house,CA,16
38,2016-11-08,d,ro khanna,house,CA,17
39,2016-11-08,d,anna eshoo,house,CA,18
40,2016-11-08,d,zoe lofgren,house,CA,19
41,2016-11-08,d,jimmy panetta,house,CA,20
42,2016-11-08,r,david valadao,house,CA,21
43,2016-11-08,r,devin nunes,house,CA,22
44,2016-11-08,r,kevin mccarthy,house,CA,23
45,2016-11-08,d,salud carbajal,house,CA,24
46,2016-11-08,r,steve knight,house,CA,25
47,2016-11-08,d,julia brownley,house,CA,26
48,2016-11-08,d,judy chu,house,CA,27
49,2016-11-08,d,adam schiff,house,CA,28
50,2016-11-08,d,tony cardenas,house,CA,29
51,2016-11-08,d,brad sherman,house,CA,30
52,2016-11-08,d,pete aguilar,house,CA,31
53,2016-11-08,d,grace napolitano,house,CA,32
54,2016-11-08,d,ted lieu,house,CA,33
55,2016-11-08,d,xavier becerra,house,CA,34
56,2017-06-06,d,jimmy gomez,house,CA,34
57,2016-11-08,d,norma torres,house,CA,35
58,2016-11-08,d,raul ruiz,house,CA,36
59,2016-11-08,d,karen bass,house,CA,37
60,2016-11-08,d,linda sanchez,house,CA,38
61,2016-11-08,r,ed royce,house,CA,39
62,2016-11-08,d,lucille roybalallard,house,CA,40
63,2016-11-08,d,mark takano,house,CA,41
64,2016-11-08,r,ken calvert,house,CA,42
65,2016-11-08,d,maxine waters,house,CA,43
66,2016-11-08,d,nanette barragan,house,CA,44
67,2016-11-08,r,mimi walters,house,CA,45
68,2016-11-08,d,lou correa,house,CA,46
69,2016-11-08,d,alan lowenthal,house,CA,47
70,2016-11-08,r,dana rohrabacher,house,CA,48
71,2016-11-08,r,darrell issa,house,CA,49
72,2016-11-08,r,duncan d hunter,house,CA,50
73,2016-11-08,d,juan vargas,house,CA,51
74,2016-11-08,d,scott peters,house,CA,52
75,2016-11-08,d,susan davis,house,CA,53
76,2016-11-08,d,diana degette,house,CO,1
77,2016-11-08,d,jared polis,house,CO,2
78,2016-11-08,r,scott tipton,house,CO,3
79,2016-11-08,r,ken buck,house,CO,4
80,2016-11-08,r,doug lamborn,house,CO,5
81,2016-11-08,r,mike coffman,house,CO,6
82,2016-11-08,d,ed perlmutter,house,CO,7
83,2016-11-08,d,john b larson,house,CT,1
84,2016-11-08,d,joe courtney,house,CT,2
85,2016-11-08,d,rosa delauro,house,CT,3
86,2016-11-08,d,jim himes,house,CT,4
87,2016-11-08,d,elizabeth esty,house,CT,5
88,2016-11-08,d,lisa blunt rochester,house,DE,0
89,2016-11-08,r,matt gaetz,house,FL,1
90,2016-11-08,r,neal dunn,house,FL,2
91,2016-11-08,r,ted yoho,house,FL,3
92,2016-11-08,r,john rutherford,house,FL,4
93,2016-11-08,d,al lawson,house,FL,5
94,2016-11-08,r,ron desantis,house,FL,6
95,2016-11-08,d,stephanie murphy,house,FL,7
96,2016-11-08,r,bill posey,house,FL,8
97,2016-11-08,d,darren soto,house,FL,9
98,2016-11-08,d,val demings,house,FL,10
99,2016-11-08,r,daniel webster,house,FL,11
100,2016-11-08,r,gus bilirakis,house,FL,12
101,2016-11-08,d,charlie crist,house,FL,13
102,2016-11-08,d,kathy castor,house,FL,14
103,2016-11-08,r,dennis a ross,house,FL,15
104,2016-11-08,r,vern buchanan,house,FL,16
105,2016-11-08,r,tom rooney,house,FL,17
106,2016-11-08,r,brian mast,house,FL,18
107,2016-11-08,r,francis rooney,house,FL,19
108,2016-11-08,d,alcee hastings,house,FL,20
109,2016-11-08,d,lois frankel,house,FL,21
110,2016-11-08,d,ted deutch,house,FL,22
111,2016-11-08,d,debbie wasserman schultz,house,FL,23
112,2016-11-08,d,frederica wilson,house,FL,24
113,2016-11-08,r,mario diazbalart,house,FL,25
114,2016-11-08,r,carlos curbelo,house,FL,26
115,2016-11-08,r,ileana roslehtinen,house,FL,27
116,2016-11-08,r,buddy carter,house,GA,1
117,2016-11-08,d,sanford bishop,house,GA,2
118,2016-11-08,r,drew ferguson,house,GA,3
119,2016-11-08,d,hank johnson,house,GA,4
120,2016-11-08,d,john lewis,house,GA,5
121,2016-11-08,r,tom price,house,GA,6
122,2017-06-20,r,karen handel,house,GA,6
123,2016-11-08,r,rob woodall,house,GA,7
124,2016-11-08,r,austin scott,house,GA,8
125,2016-11-08,r,doug collins,house,GA,9
126,2016-11-08,r,jody hice,house,GA,10
127,2016-11-08,r,barry loudermilk,house,GA,11
128,2016-11-08,r,rick w allen,house,GA,12
129,2016-11-08,d,david scott,house,GA,13
130,2016-11-08,r,tom graves,house,GA,14
131,2016-11-08,d,colleen hanabusa,house,HI,1
132,2016-11-08,d,tulsi gabbard,house,HI,2
133,2016-11-08,r,raul labrador,house,ID,1
134,2016-11-08,r,mike simpson,house,ID,2
135,2016-11-08,d,bobby rush,house,IL,1
136,2016-11-08,d,robin kelly,house,IL,2
137,2016-11-08,d,dan lipinski,house,IL,3
138,2016-11-08,d,luis gutierrez,house,IL,4
139,2016-11-08,d,mike quigley,house,IL,5
140,2016-11-08,r,peter roskam,house,IL,6
141,2016-11-08,d,danny k davis,house,IL,7
142,2016-11-08,d,raja krishnamoorthi,house,IL,8
143,2016-11-08,d,jan schakowsky,house,IL,9
144,2016-11-08,d,brad schneider,house,IL,10
145,2016-11-08,d,bill foster,house,IL,11
146,2016-11-08,r,mike bost,house,IL,12
147,2016-11-08,r,rodney davis,house,IL,13
148,2016-11-08,r,randy hultgren,house,IL,14
149,2016-11-08,r,john shimkus,house,IL,15
150,2016-11-08,r,adam kinzinger,house,IL,16
151,2016-11-08,d,cheri bustos,house,IL,17
152,2016-11-08,r,darin lahood,house,IL,18
153,2016-11-08,d,pete visclosky,house,IN,1
154,2016-11-08,r,jackie walorski,house,IN,2
155,2016-11-08,r,jim banks,house,IN,3
156,2016-11-08,r,todd rokita,house,IN,4
157,2016-11-08,r,susan brooks,house,IN,5
158,2016-11-08,r,luke messer,house,IN,6
159,2016-11-08,d,andre carson,house,IN,7
160,2016-11-08,r,larry bucshon,house,IN,8
161,2016-11-08,r,trey hollingsworth,house,IN,9
162,2016-11-08,r,rod blum,house,IA,1
163,2016-11-08,d,dave loebsack,house,IA,2
164,2016-11-08,r,david young,house,IA,3
165,2016-11-08,r,steve king,house,IA,4
166,2016-11-08,r,roger marshall,house,KS,1
167,2016-11-08,r,lynn jenkins,house,KS,2
168,2016-11-08,r,kevin yoder,house,KS,3
169,2016-11-08,r,mike pompeo,house,KS,4
170,2017-04-11,r,ron estes,house,KS,4
171,2016-11-08,r,james comer,house,KY,1
172,2016-11-08,r,brett guthrie,house,KY,2
173,2016-11-08,d,john yarmuth,house,KY,3
174,2016-11-08,r,thomas massie,house,KY,4
175,2016-11-08,r,hal rogers,house,KY,5
176,2016-11-08,r,andy barr,house,KY,6
177,2016-11-08,r,steve scalise,house,LA,1
178,2016-11-08,d,cedric richmond,house,LA,2
179,2016-11-08,r,clay higgins,house,LA,3
180,2016-11-08,r,mike johnson,house,LA,4
181,2016-11-08,r,ralph abraham,house,LA,5
182,2016-11-08,r,garret graves,house,LA,6
183,2016-11-08,d,chellie pingree,house,ME,1
184,2016-11-08,r,bruce poliquin,house,ME,2
185,2016-11-08,r,andy harris,house,MD,1
186,2016-11-08,d,dutch ruppersberger,house,MD,2
187,2016-11-08,d,john sarbanes,house,MD,3
188,2016-11-08,d,anthony g brown,house,MD,4
189,2016-11-08,d,steny hoyer,house,MD,5
190,2016-11-08,d,john delaney,house,MD,6
191,2016-11-08,d,elijah cummings,house,MD,7
192,2016-11-08,d,jamie raskin,house,MD,8
193,2016-11-08,d,richard neal,house,MA,1
194,2016-11-08,d,jim mcgovern,house,MA,2
195,2016-11-08,d,niki tsongas,house,MA,3
196,2016-11-08,d,joseph p kennedy iii,house,MA,4
197,2016-11-08,d,katherine clark,house,MA,5
198,2016-11-08,d,seth moulton,house,MA,6
199,2016-11-08,d,mike capuano,house,MA,7
200,2016-11-08,d,stephen f lynch,house,MA,8
201,2016-11-08,d,bill keating,house,MA,9
202,2016-11-08,r,jack bergman,house,MI,1
203,2016-11-08,r,bill huizenga,house,MI,2
204,2016-11-08,r,justin amash,house,MI,3
205,2016-11-08,r,john moolenaar,house,MI,4
206,2016-11-08,d,dan kildee,house,MI,5
207,2016-11-08,r,fred upton,house,MI,6
208,2016-11-08,r,tim walberg,house,MI,7
209,2016-11-08,r,mike bishop,house,MI,8
210,2016-11-08,d,sander levin,house,MI,9
211,2016-11-08,r,paul mitchell,house,MI,10
212,2016-11-08,r,dave trott,house,MI,11
213,2016-11-08,d,debbie dingell,house,MI,12
214,2016-11-08,d,john conyers,house,MI,13
215,2016-11-08,d,brenda lawrence,house,MI,14
216,2016-11-08,d,tim walz,house,MN,1
217,2016-11-08,r,jason lewis,house,MN,2
218,2016-11-08,r,erik paulsen,house,MN,3
219,2016-11-08,d,betty mccollum,house,MN,4
220,2016-11-08,d,keith ellison,house,MN,5
221,2016-11-08,r,tom emmer,house,MN,6
222,2016-11-08,d,collin peterson,house,MN,7
223,2016-11-08,d,rick nolan,house,MN,8
224,2016-11-08,r,trent kelly,house,MS,1
225,2016-11-08,d,bennie thompson,house,MS,2
226,2016-11-08,r,gregg harper,house,MS,3
227,2016-11-08,r,steven palazzo,house,MS,4
228,2016-11-08,d,lacy clay,house,MO,1
229,2016-11-08,r,ann wagner,house,MO,2
230,2016-11-08,r,blaine luetkemeyer,house,MO,3
231,2016-11-08,r,vicky hartzler,house,MO,4
232,2016-11-08,d,emanuel cleaver,house,MO,5
233,2016-11-08,r,sam graves,house,MO,6
234,2016-11-08,r,billy long,house,MO,7
235,2016-11-08,r,jason t smith,house,MO,8
236,2016-11-08,r,ryan zinke,house,MT,0
237,2017-05-25,r,greg gianforte,house,MT,0
238,2016-11-08,r,jeff fortenberry,house,NE,1
239,2016-11-08,r,don bacon,house,NE,2
240,2016-11-08,r,adrian smith,house,NE,3
241,2016-11-08,d,dina titus,house,NV,1
242,2016-11-08,r,mark amodei,house,NV,2
243,2016-11-08,d,jacky rosen,house,NV,3
244,2016-11-08,d,ruben kihuen,house,NV,4
245,2016-11-08,d,carol sheaporter,house,NH,1
246,2016-11-08,d,ann mclane kuster,house,NH,2
247,2016-11-08,d,donald norcross,house,NJ,1
248,2016-11-08,r,frank lobiondo,house,NJ,2
249,2016-11-08,r,tom macarthur,house,NJ,3
250,2016-11-08,r,chris smith,house,NJ,4
251,2016-11-08,d,josh gottheimer,house,NJ,5
252,2016-11-08,d,frank pallone,house,NJ,6
253,2016-11-08,r,leonard lance,house,NJ,7
254,2016-11-08,d,albio sires,house,NJ,8
255,2016-11-08,d,bill pascrell,house,NJ,9
256,2016-11-08,d,donald payne jr,house,NJ,10
257,2016-11-08,r,rodney frelinghuysen,house,NJ,11
258,2016-11-08,d,bonnie watson coleman,house,NJ,12
259,2016-11-08,d,michelle lujan grisham,house,NM,1
260,2016-11-08,r,steve pearce,house,NM,2
261,2016-11-08,d,ben ray lujan,house,NM,3
262,2016-11-08,r,lee zeldin,house,NY,1
263,2016-11-08,r,peter t king,house,NY,2
264,2016-11-08,d,thomas suozzi,house,NY,3
265,2016-11-08,d,kathleen rice,house,NY,4
266,2016-11-08,d,gregory meeks,house,NY,5
267,2016-11-08,d,grace meng,house,NY,6
268,2016-11-08,d,nydia velazquez,house,NY,7
269,2016-11-08,d,hakeem jeffries,house,NY,8
270,2016-11-08,d,yvette clarke,house,NY,9
271,2016-11-08,d,jerrold nadler,house,NY,10
272,2016-11-08,r,dan donovan,house,NY,11
273,2016-11-08,d,carolyn maloney,house,NY,12
274,2016-11-08,d,adriano espaillat,house,NY,13
275,2016-11-08,d,joseph crowley,house,NY,14
276,2016-11-08,d,jose e serrano,house,NY,15
277,2016-11-08,d,eliot engel,house,NY,16
278,2016-11-08,d,nita lowey,house,NY,17
279,2016-11-08,d,sean patrick maloney,house,NY,18
280,2016-11-08,r,john faso,house,NY,19
281,2016-11-08,d,paul tonko,house,NY,20
282,2016-11-08,r,elise stefanik,house,NY,21
283,2016-11-08,r,claudia tenney,house,NY,22
284,2016-11-08,r,tom reed,house,NY,23
285,2016-11-08,r,john katko,house,NY,24
286,2016-11-08,d,louise slaughter,house,NY,25
287,2016-11-08,d,brian higgins,house,NY,26
288,2016-11-08,r,chris collins,house,NY,27
289,2016-11-08,d,g k butterfield,house,NC,1
290,2016-11-08,r,george holding,house,NC,2
291,2016-11-08,r,walter b jones jr,house,NC,3
292,2016-11-08,d,david price,house,NC,4
293,2016-11-08,r,virginia foxx,house,NC,5
294,2016-11-08,r,mark walker,house,NC,6
295,2016-11-08,r,david rouzer,house,NC,7
296,2016-11-08,r,richard hudson,house,NC,8
297,2016-11-08,r,robert pittenger,house,NC,9
298,2016-11-08,r,patrick mchenry,house,NC,10
299,2016-11-08,r,mark meadows,house,NC,11
300,2016-11-08,d,alma adams,house,NC,12
301,2016-11-08,r,ted budd,house,NC,13
302,2016-11-08,r,kevin cramer,house,ND,0
303,2016-11-08,r,steve chabot,house,OH,1
304,2016-11-08,r,brad wenstrup,house,OH,2
305,2016-11-08,d,joyce beatty,house,OH,3
306,2016-11-08,r,jim jordan,house,OH,4
307,2016-11-08,r,bob latta,house,OH,5
308,2016-11-08,r,bill johnson,house,OH,6
309,2016-11-08,r,bob gibbs,house,OH,7
310,2016-11-08,r,warren davidson,house,OH,8
311,2016-11-08,d,marcy kaptur,house,OH,9
312,2016-11-08,r,mike turner,house,OH,10
313,2016-11-08,d,marcia fudge,house,OH,11
314,2016-11-08,r,pat tiberi,house,OH,12
315,2018-08-07,r,troy balderson,house,OH,12
316,2016-11-08,d,tim ryan,house,OH,13
317,2016-11-08,r,david joyce,house,OH,14
318,2016-11-08,r,steve stivers,house,OH,15
319,2016-11-08,r,jim renacci,house,OH,16
320,2016-11-08,r,jim bridenstine,house,OK,1
321,2016-11-08,r,markwayne mullin,house,OK,2
322,2016-11-08,r,frank lucas,house,OK,3
323,2016-11-08,r,tom cole,house,OK,4
324,2016-11-08,r,steve russell,house,OK,5
325,2016-11-08,d,suzanne bonamici,house,OR,1
326,2016-11-08,r,greg walden,house,OR,2
327,2016-11-08,d,earl blumenauer,house,OR,3
328,2016-11-08,d,peter defazio,house,OR,4
329,2016-11-08,d,kurt schrader,house,OR,5
330,2016-11-08,d,bob brady,house,PA,1
331,2016-11-08,d,dwight evans,house,PA,2
332,2016-11-08,r,mike kelly,house,PA,3
333,2016-11-08,r,scott perry,house,PA,4
334,2016-11-08,r,glenn thompson,house,PA,5
335,2016-11-08,r,ryan costello,house,PA,6
336,2016-11-08,r,pat meehan,house,PA,7
337,2016-11-08,r,brian fitzpatrick,house,PA,8
338,2016-11-08,r,bill shuster,house,PA,9
339,2016-11-08,r,tom marino,house,PA,10
340,2016-11-08,r,lou barletta,house,PA,11
341,2016-11-08,r,keith rothfus,house,PA,12
342,2016-11-08,d,brendan boyle,house,PA,13
343,2016-11-08,d,michael f doyle,house,PA,14
344,2016-11-08,r,charlie dent,house,PA,15
345,2016-11-08,r,lloyd smucker,house,PA,16
346,2016-11-08,d,matt cartwright,house,PA,17
347,2016-11-08,r,tim murphy,house,PA,18
348,2018-03-13,d,conor lamb,house,PA,18
349,2016-11-08,d,david cicilline,house,RI,1
350,2016-11-08,d,james langevin,house,RI,2
351,2016-11-08,r,mark sanford,house,SC,1
352,2016-11-08,r,joe wilson,house,SC,2
353,2016-11-08,r,jeff duncan,house,SC,3
354,2016-11-08,r,trey gowdy,house,SC,4
355,2016-11-08,r,mick mulvaney,house,SC,5
356,2017-06-20,r,ralph norman,house,SC,5
357,2016-11-08,d,jim clyburn,house,SC,6
358,2016-11-08,r,tom rice,house,SC,7
359,2016-11-08,r,kristi noem,house,SD,0
360,2016-11-08,r,phil roe,house,TN,1
361,2016-11-08,r,jimmy duncan,house,TN,2
362,2016-11-08,r,chuck fleischmann,house,TN,3
363,2016-11-08,r,scott desjarlais,house,TN,4
364,2016-11-08,d,jim cooper,house,TN,5
365,2016-11-08,r,diane black,house,TN,6
366,2016-11-08,r,marsha blackburn,house,TN,7
367,2016-11-08,r,david kustoff,house,TN,8
368,2016-11-08,d,steve cohen,house,TN,9
369,2016-11-08,r,louie gohmert,house,TX,1
370,2016-11-08,r,ted poe,house,TX,2
371,2016-11-08,r,sam johnson,house,TX,3
372,2016-11-08,r,john ratcliffe,house,TX,4
373,2016-11-08,r,jeb hensarling,house,TX,5
374,2016-11-08,r,joe barton,house,TX,6
375,2016-11-08,r,john culberson,house,TX,7
376,2016-11-08,r,kevin brady,house,TX,8
377,2016-11-08,d,al green,house,TX,9
378,2016-11-08,r,michael mccaul,house,TX,10
379,2016-11-08,r,mike conaway,house,TX,11
380,2016-11-08,r,kay granger,house,TX,12
381,2016-11-08,r,mac thornberry,house,TX,13
382,2016-11-08,r,randy weber,house,TX,14
383,2016-11-08,d,vicente gonzalez,house,TX,15
384,2016-11-08,d,beto orourke,house,TX,16
385,2016-11-08,r,bill flores,house,TX,17
386,2016-11-08,d,sheila jackson lee,house,TX,18
387,2016-11-08,r,jodey arrington,house,TX,19
388,2016-11-08,d,joaquin castro,house,TX,20
389,2016-11-08,r,lamar s smith,house,TX,21
390,2016-11-08,r,pete olson,house,TX,22
391,2016-11-08,r,will hurd,house,TX,23
392,2016-11-08,r,kenny marchant,house,TX,24
393,2016-11-08,r,roger williams,house,TX,25
394,2016-11-08,r,blake farenthold,house,TX,27
395,2018-06-30,r,michael cloud,house,TX,27
396,2016-11-08,d,henry cuellar,house,TX,28
397,2016-11-08,d,gene green,house,TX,29
398,2016-11-08,d,eddie bernice johnson,house,TX,30
399,2016-11-08,r,john carter,house,TX,31
400,2016-11-08,r,pete sessions,house,TX,32
401,2016-11-08,d,marc veasey,house,TX,33
402,2016-11-08,d,filemon vela jr,house,TX,34
403,2016-11-08,d,lloyd doggett,house,TX,35
404,2016-11-08,r,brian babin,house,TX,36
405,2016-11-08,r,rob bishop,house,UT,1
406,2016-11-08,r,chris stewart,house,UT,2
407,2016-11-08,r,jason chaffetz,house,UT,3
408,2017-11-07,r,john curtis,house,UT,3
409,2016-11-08,r,mia love,house,UT,4
410,2016-11-08,d,peter welch,house,VT,0
411,2016-11-08,r,rob wittman,house,VA,1
412,2016-11-08,r,scott taylor,house,VA,2
413,2016-11-08,d,bobby scott,house,VA,3
414,2016-11-08,d,donald mceachin,house,VA,4
415,2016-11-08,r,tom garrett jr,house,VA,5
416,2016-11-08,r,bob goodlatte,house,VA,6
417,2016-11-08,r,dave brat,house,VA,7
418,2016-11-08,d,don beyer,house,VA,8
419,2016-11-08,r,morgan griffith,house,VA,9
420,2016-11-08,r,barbara comstock,house,VA,10
421,2016-11-08,d,gerry connolly,house,VA,11
422,2016-11-08,d,suzan delbene,house,WA,1
423,2016-11-08,d,rick larsen,house,WA,2
424,2016-11-08,r,jaime herrera beutler,house,WA,3
425,2016-11-08,r,dan newhouse,house,WA,4
426,2016-11-08,r,cathy mcmorris rodgers,house,WA,5
427,2016-11-08,d,derek kilmer,house,WA,6
428,2016-11-08,d,pramila jayapal,house,WA,7
429,2016-11-08,r,dave reichert,house,WA,8
430,2016-11-08,d,adam smith,house,WA,9
431,2016-11-08,d,dennis heck,house,WA,10
432,2016-11-08,r,david mckinley,house,WV,1
433,2016-11-08,r,alex mooney,house,WV,2
434,2016-11-08,r,evan jenkins,house,WV,3
435,2016-11-08,r,paul ryan,house,WI,1
436,2016-11-08,d,mark pocan,house,WI,2
437,2016-11-08,d,ron kind,house,WI,3
438,2016-11-08,d,gwen moore,house,WI,4
439,2016-11-08,r,jim sensenbrenner,house,WI,5
440,2016-11-08,r,glenn grothman,house,WI,6
441,2016-11-08,r,sean duffy,house,WI,7
442,2016-11-08,r,mike gallagher,house,WI,8
443,2016-11-08,r,liz cheney,house,WY,0
444,2014-11-04,r,bradley byrne,house,AL,1
445,2014-11-04,r,martha roby,house,AL,2
446,2014-11-04,r,mike rogers,house,AL,3
447,2014-11-04,r,robert aderholt,house,AL,4
448,2014-11-04,r,mo brooks,house,AL,5
449,2014-11-04,r,gary palmer,house,AL,6
450,2014-11-04,d,terri sewell,house,AL,7
451,2014-11-04,r,don young,house,AK,0
452,2014-11-04,d,ann kirkpatrick,house,AZ,1
453,2014-11-04,r,martha mcsally,house,AZ,2
454,2014-11-04,d,raul grijalva,house,AZ,3
455,2014-11-04,r,paul gosar,house,AZ,4
456,2014-11-04,r,matt salmon,house,AZ,5
457,2014-11-04,r,david schweikert,house,AZ,6
458,2014-11-04,d,ruben gallego,house,AZ,7
459,2014-11-04,r,trent franks,house,AZ,8
460,2014-11-04,d,kyrsten sinema,house,AZ,9
461,2014-11-04,r,rick crawford,house,AR,1
462,2014-11-04,r,french hill,house,AR,2
463,2014-11-04,r,steve womack,house,AR,3
464,2014-11-04,r,bruce westerman,house,AR,4
465,2014-11-04,r,doug lamalfa,house,CA,1
466,2014-11-04,d,jared huffman,house,CA,2
467,2014-11-04,d,john garamendi,house,CA,3
468,2014-11-04,r,tom mcclintock,house,CA,4
469,2014-11-04,d,mike thompson,house,CA,5
470,2014-11-04,d,doris matsui,house,CA,6
471,2014-11-04,d,ami bera,house,CA,7
472,2014-11-04,r,paul cook,house,CA,8
473,2014-11-04,d,jerry mcnerney,house,CA,9
474,2014-11-04,r,jeff denham,house,CA,10
475,2014-11-04,d,mark desaulnier,house,CA,11
476,2014-11-04,d,nancy pelosi,house,CA,12
477,2014-11-04,d,barbara lee,house,CA,13
478,2014-11-04,d,jackie speier,house,CA,14
479,2014-11-04,d,eric swalwell,house,CA,15
480,2014-11-04,d,jim costa,house,CA,16
481,2014-11-04,d,mike honda,house,CA,17
482,2014-11-04,d,anna eshoo,house,CA,18
483,2014-11-04,d,zoe lofgren,house,CA,19
484,2014-11-04,d,sam farr,house,CA,20
485,2014-11-04,r,david valadao,house,CA,21
486,2014-11-04,r,devin nunes,house,CA,22
487,2014-11-04,r,kevin mccarthy,house,CA,23
488,2014-11-04,d,lois capps,house,CA,24
489,2014-11-04,r,steve knight,house,CA,25
490,2014-11-04,d,julia brownley,house,CA,26
491,2014-11-04,d,judy chu,house,CA,27
492,2014-11-04,d,adam schiff,house,CA,28
493,2014-11-04,d,tony cardenas,house,CA,29
494,2014-11-04,d,brad sherman,house,CA,30
495,2014-11-04,d,pete aguilar,house,CA,31
496,2014-11-04,d,grace napolitano,house,CA,32
497,2014-11-04,d,ted lieu,house,CA,33
498,2014-11-04,d,xavier becerra,house,CA,34
499,2014-11-04,d,norma torres,house,CA,35
500,2014-11-04,d,raul ruiz,house,CA,36
501,2014-11-04,d,karen bass,house,CA,37
502,2014-11-04,d,linda sanchez,house,CA,38
503,2014-11-04,r,ed royce,house,CA,39
504,2014-11-04,d,lucille roybalallard,house,CA,40
505,2014-11-04,d,mark takano,house,CA,41
506,2014-11-04,r,ken calvert,house,CA,42
507,2014-11-04,d,maxine waters,house,CA,43
508,2014-11-04,d,janice hahn,house,CA,44
509,2014-11-04,r,mimi walters,house,CA,45
510,2014-11-04,d,loretta sanchez,house,CA,46
511,2014-11-04,d,alan lowenthal,house,CA,47
512,2014-11-04,r,dana rohrabacher,house,CA,48
513,2014-11-04,r,darrell issa,house,CA,49
514,2014-11-04,r,duncan d hunter,house,CA,50
515,2014-11-04,d,juan vargas,house,CA,51
516,2014-11-04,d,scott peters,house,CA,52
517,2014-11-04,d,susan davis,house,CA,53
518,2014-11-04,d,diana degette,house,CO,1
519,2014-11-04,d,jared polis,house,CO,2
520,2014-11-04,r,scott tipton,house,CO,3
521,2014-11-04,r,ken buck,house,CO,4
522,2014-11-04,r,doug lamborn,house,CO,5
523,2014-11-04,r,mike coffman,house,CO,6
524,2014-11-04,d,ed perlmutter,house,CO,7
525,2014-11-04,d,john larson,house,CT,1
526,2014-11-04,d,joe courtney,house,CT,2
527,2014-11-04,d,rosa delauro,house,CT,3
528,2014-11-04,d,jim himes,house,CT,4
529,2014-11-04,d,elizabeth esty,house,CT,5
530,2014-11-04,d,john carney,house,DE,0
531,2014-11-04,r,jeff miller,house,FL,1
532,2014-11-04,d,gwen graham,house,FL,2
533,2014-11-04,r,ted yoho,house,FL,3
534,2014-11-04,r,ander crenshaw,house,FL,4
535,2014-11-04,d,corrine brown,house,FL,5
536,2014-11-04,r,ron desantis,house,FL,6
537,2014-11-04,r,john mica,house,FL,7
538,2014-11-04,r,bill posey,house,FL,8
539,2014-11-04,d,alan grayson,house,FL,9
540,2014-11-04,r,daniel webster,house,FL,10
541,2014-11-04,r,rich nugent,house,FL,11
542,2014-11-04,r,gus bilirakis,house,FL,12
543,2014-11-04,r,david jolly,house,FL,13
544,2014-11-04,d,kathy castor,house,FL,14
545,2014-11-04,r,vern buchanan,house,FL,16
546,2014-11-04,r,tom rooney,house,FL,17
547,2014-11-04,d,patrick murphy,house,FL,18
548,2014-11-04,r,curt clawson,house,FL,19
549,2014-11-04,d,alcee hastings,house,FL,20
550,2014-11-04,d,ted deutch,house,FL,21
551,2014-11-04,d,lois frankel,house,FL,22
552,2014-11-04,d,debbie wasserman schultz,house,FL,23
553,2014-11-04,d,frederica wilson,house,FL,24
554,2014-11-04,r,mario diazbalart,house,FL,25
555,2014-11-04,r,carlos curbelo,house,FL,26
556,2014-11-04,r,ileana roslehtinen,house,FL,27
557,2014-11-04,r,buddy carter,house,GA,1
558,2014-11-04,d,sanford bishop,house,GA,2
559,2014-11-04,r,drew ferguson,house,GA,3
560,2014-11-04,d,hank johnson,house,GA,4
561,2014-11-04,d,john lewis,house,GA,5
562,2014-11-04,r,tom price,house,GA,6
563,2014-11-04,r,rob woodall,house,GA,7
564,2014-11-04,r,austin scott,house,GA,8
565,2014-11-04,r,doug collins,house,GA,9
566,2014-11-04,r,jody hice,house,GA,10
567,2014-11-04,r,barry loudermilk,house,GA,11
568,2014-11-04,d,david scott,house,GA,13
569,2014-11-04,r,tom graves,house,GA,14
570,2014-11-04,d,mark takai,house,HI,1
572,2014-11-04,d,tulsi gabbard,house,HI,2
573,2014-11-04,r,raul labrador,house,ID,1
574,2014-11-04,r,mike simpson,house,ID,2
575,2014-11-04,d,bobby rush,house,IL,1
576,2014-11-04,d,robin kelly,house,IL,2
577,2014-11-04,d,dan lipinski,house,IL,3
578,2014-11-04,d,luis gutierrez,house,IL,4
579,2014-11-04,d,mike quigley,house,IL,5
580,2014-11-04,r,peter roskam,house,IL,6
581,2014-11-04,d,tammy duckworth,house,IL,8
582,2014-11-04,d,jan schakowsky,house,IL,9
583,2014-11-04,r,bob dold,house,IL,10
584,2014-11-04,d,bill foster,house,IL,11
585,2014-11-04,r,mike bost,house,IL,12
586,2014-11-04,r,randy hultgren,house,IL,14
587,2014-11-04,r,john shimkus,house,IL,15
588,2014-11-04,r,adam kinzinger,house,IL,16
589,2014-11-04,d,cheri bustos,house,IL,17
590,2014-11-04,r,aaron schock,house,IL,18
591,2015-09-10,r,darin lahood,house,IL,18
592,2014-11-04,d,pete visclosky,house,IN,1
593,2014-11-04,r,jackie walorski,house,IN,2
594,2014-11-04,r,marlin stutzman,house,IN,3
595,2014-11-04,r,todd rokita,house,IN,4
596,2014-11-04,r,susan brooks,house,IN,5
597,2014-11-04,r,luke messer,house,IN,6
598,2014-11-04,d,andre carson,house,IN,7
599,2014-11-04,r,larry bucshon,house,IN,8
600,2014-11-04,r,todd young,house,IN,9
601,2014-11-04,r,rod blum,house,IA,1
602,2014-11-04,d,david loebsack,house,IA,2
603,2014-11-04,r,david young,house,IA,3
604,2014-11-04,r,steve king,house,IA,4
605,2014-11-04,r,tim huelskamp,house,KS,1
606,2014-11-04,r,lynn jenkins,house,KS,2
607,2014-11-04,r,kevin yoder,house,KS,3
608,2014-11-04,r,mike pompeo,house,KS,4
609,2014-11-04,r,ed whitfield,house,KY,1
611,2014-11-04,r,brett guthrie,house,KY,2
612,2014-11-04,d,john yarmuth,house,KY,3
613,2014-11-04,r,thomas massie,house,KY,4
614,2014-11-04,r,hal rogers,house,KY,5
615,2014-11-04,r,andy barr,house,KY,6
616,2014-11-04,r,steve scalise,house,LA,1
617,2014-11-04,d,cedric richmond,house,LA,2
618,2014-11-04,r,charles boustany,house,LA,3
619,2014-11-04,r,john fleming,house,LA,4
620,2014-11-04,r,ralph abraham,house,LA,5
621,2014-11-04,r,garret graves,house,LA,6
622,2014-11-04,d,chellie pingree,house,ME,1
623,2014-11-04,r,bruce poliquin,house,ME,2
624,2014-11-04,r,andy harris,house,MD,1
625,2014-11-04,d,dutch ruppersberger,house,MD,2
626,2014-11-04,d,john sarbanes,house,MD,3
627,2014-11-04,d,donna edwards,house,MD,4
628,2014-11-04,d,steny hoyer,house,MD,5
629,2014-11-04,d,john delaney,house,MD,6
630,2014-11-04,d,elijah cummings,house,MD,7
631,2014-11-04,d,chris van hollen,house,MD,8
632,2014-11-04,d,richard neal,house,MA,1
633,2014-11-04,d,jim mcgovern,house,MA,2
634,2014-11-04,d,niki tsongas,house,MA,3
635,2014-11-04,d,katherine clark,house,MA,5
636,2014-11-04,d,seth moulton,house,MA,6
637,2014-11-04,d,mike capuano,house,MA,7
638,2014-11-04,d,stephen lynch,house,MA,8
639,2014-11-04,r,dan benishek,house,MI,1
640,2014-11-04,r,bill huizenga,house,MI,2
641,2014-11-04,r,justin amash,house,MI,3
642,2014-11-04,r,john moolenaar,house,MI,4
643,2014-11-04,d,dan kildee,house,MI,5
644,2014-11-04,r,fred upton,house,MI,6
645,2014-11-04,r,tim walberg,house,MI,7
646,2014-11-04,r,mike bishop,house,MI,8
647,2014-11-04,d,sander levin,house,MI,9
648,2014-11-04,r,candice miller,house,MI,10
649,2014-11-04,r,dave trott,house,MI,11
650,2014-11-04,d,debbie dingell,house,MI,12
651,2014-11-04,d,john conyers,house,MI,13
652,2014-11-04,d,brenda lawrence,house,MI,14
653,2014-11-04,d,tim walz,house,MN,1
654,2014-11-04,r,john kline,house,MN,2
655,2014-11-04,r,erik paulsen,house,MN,3
656,2014-11-04,d,betty mccollum,house,MN,4
657,2014-11-04,d,keith ellison,house,MN,5
658,2014-11-04,r,tom emmer,house,MN,6
659,2014-11-04,d,collin peterson,house,MN,7
660,2014-11-04,d,rick nolan,house,MN,8
661,2014-11-04,r,alan nunnelee,house,MS,1
662,2015-06-02,r,trent kelly,house,MS,1
663,2014-11-04,d,bennie thompson,house,MS,2
664,2014-11-04,r,gregg harper,house,MS,3
665,2014-11-04,r,steven palazzo,house,MS,4
666,2014-11-04,d,lacy clay,house,MO,1
667,2014-11-04,r,ann wagner,house,MO,2
668,2014-11-04,r,blaine luetkemeyer,house,MO,3
669,2014-11-04,r,vicky hartzler,house,MO,4
670,2014-11-04,d,emanuel cleaver,house,MO,5
671,2014-11-04,r,sam graves,house,MO,6
672,2014-11-04,r,billy long,house,MO,7
673,2014-11-04,r,ryan zinke,house,MT,0
674,2014-11-04,r,jeff fortenberry,house,NE,1
675,2014-11-04,d,brad ashford,house,NE,2
676,2014-11-04,r,adrian smith,house,NE,3
677,2014-11-04,d,dina titus,house,NV,1
678,2014-11-04,r,mark amodei,house,NV,2
679,2014-11-04,r,joe heck,house,NV,3
680,2014-11-04,r,cresent hardy,house,NV,4
681,2014-11-04,r,frank guinta,house,NH,1
682,2014-11-04,d,ann mclane kuster,house,NH,2
683,2014-11-04,d,donald norcross,house,NJ,1
684,2014-11-04,r,frank lobiondo,house,NJ,2
685,2014-11-04,r,tom macarthur,house,NJ,3
686,2014-11-04,r,chris smith,house,NJ,4
687,2014-11-04,d,josh gottheimer,house,NJ,5
688,2014-11-04,d,frank pallone,house,NJ,6
689,2014-11-04,r,leonard lance,house,NJ,7
690,2014-11-04,d,albio sires,house,NJ,8
691,2014-11-04,d,bill pascrell,house,NJ,9
692,2014-11-04,d,donald payne jr,house,NJ,10
693,2014-11-04,r,rodney frelinghuysen,house,NJ,11
694,2014-11-04,d,bonnie watson coleman,house,NJ,12
695,2014-11-04,d,michelle lujan grisham,house,NM,1
696,2014-11-04,r,steve pearce,house,NM,2
697,2014-11-04,d,ben ray lujan,house,NM,3
698,2014-11-04,r,lee zeldin,house,NY,1
699,2014-11-04,d,steve israel,house,NY,3
700,2014-11-04,d,kathleen rice,house,NY,4
701,2014-11-04,d,gregory meeks,house,NY,5
702,2014-11-04,d,grace meng,house,NY,6
703,2014-11-04,d,nydia velazquez,house,NY,7
704,2014-11-04,d,hakeem jeffries,house,NY,8
705,2014-11-04,d,yvette clarke,house,NY,9
706,2014-11-04,d,jerrold nadler,house,NY,10
707,2014-11-04,r,michael grimm,house,NY,11
708,2015-05-05,r,dan donovan,house,NY,11
709,2014-11-04,d,carolyn maloney,house,NY,12
710,2014-11-04,d,charles rangel,house,NY,13
711,2014-11-04,d,joseph crowley,house,NY,14
712,2014-11-04,d,jose e serrano,house,NY,15
713,2014-11-04,d,eliot engel,house,NY,16
714,2014-11-04,d,nita lowey,house,NY,17
715,2014-11-04,d,sean patrick maloney,house,NY,18
716,2014-11-04,r,chris gibson,house,NY,19
717,2014-11-04,d,paul tonko,house,NY,20
718,2014-11-04,r,elise stefanik,house,NY,21
719,2014-11-04,r,john katko,house,NY,24
720,2014-11-04,d,louise slaughter,house,NY,25
721,2014-11-04,d,brian higgins,house,NY,26
722,2014-11-04,r,chris collins,house,NY,27
723,2014-11-04,d,g k butterfield,house,NC,1
724,2014-11-04,r,renee ellmers,house,NC,2
725,2014-11-04,r,walter b jones jr,house,NC,3
726,2014-11-04,d,david price,house,NC,4
727,2014-11-04,r,virginia foxx,house,NC,5
728,2014-11-04,r,mark walker,house,NC,6
729,2014-11-04,r,david rouzer,house,NC,7
730,2014-11-04,r,richard hudson,house,NC,8
731,2014-11-04,r,robert pittenger,house,NC,9
732,2014-11-04,r,patrick mchenry,house,NC,10
733,2014-11-04,r,mark meadows,house,NC,11
734,2014-11-04,d,alma adams,house,NC,12
735,2014-11-04,r,george holding,house,NC,13
736,2014-11-04,r,kevin cramer,house,ND,0
737,2014-11-04,r,steve chabot,house,OH,1
738,2014-11-04,r,brad wenstrup,house,OH,2
739,2014-11-04,d,joyce beatty,house,OH,3
740,2014-11-04,r,jim jordan,house,OH,4
741,2014-11-04,r,bob latta,house,OH,5
742,2014-11-04,r,bill johnson,house,OH,6
743,2014-11-04,r,bob gibbs,house,OH,7
744,2014-11-04,r,john boehner,house,OH,8
745,2016-06-07,r,warren davidson,house,OH,8
746,2014-11-04,d,marcy kaptur,house,OH,9
747,2014-11-04,r,mike turner,house,OH,10
748,2014-11-04,d,marcia fudge,house,OH,11
749,2014-11-04,r,pat tiberi,house,OH,12
750,2014-11-04,d,tim ryan,house,OH,13
751,2014-11-04,r,david joyce,house,OH,14
752,2014-11-04,r,steve stivers,house,OH,15
753,2014-11-04,r,jim renacci,house,OH,16
754,2014-11-04,r,jim bridenstine,house,OK,1
755,2014-11-04,r,markwayne mullin,house,OK,2
756,2014-11-04,r,frank lucas,house,OK,3
757,2014-11-04,r,tom cole,house,OK,4
758,2014-11-04,r,steve russell,house,OK,5
759,2014-11-04,d,suzanne bonamici,house,OR,1
760,2014-11-04,r,greg walden,house,OR,2
761,2014-11-04,d,earl blumenauer,house,OR,3
762,2014-11-04,d,peter defazio,house,OR,4
763,2014-11-04,d,kurt schrader,house,OR,5
764,2014-11-04,d,bob brady,house,PA,1
765,2014-11-04,d,chaka fattah,house,PA,2
767,2014-11-04,r,mike kelly,house,PA,3
768,2014-11-04,r,scott perry,house,PA,4
769,2014-11-04,r,glenn thompson,house,PA,5
770,2014-11-04,r,ryan costello,house,PA,6
771,2014-11-04,r,pat meehan,house,PA,7
772,2014-11-04,r,mike fitzpatrick,house,PA,8
773,2014-11-04,r,bill shuster,house,PA,9
774,2014-11-04,r,tom marino,house,PA,10
775,2014-11-04,r,lou barletta,house,PA,11
776,2014-11-04,r,keith rothfus,house,PA,12
777,2014-11-04,d,brendan boyle,house,PA,13
778,2014-11-04,r,joe pitts,house,PA,16
779,2014-11-04,d,matt cartwright,house,PA,17
780,2014-11-04,d,david cicilline,house,RI,1
781,2014-11-04,d,james langevin,house,RI,2
782,2014-11-04,r,mark sanford,house,SC,1
783,2014-11-04,r,joe wilson,house,SC,2
784,2014-11-04,r,jeff duncan,house,SC,3
785,2014-11-04,r,trey gowdy,house,SC,4
786,2014-11-04,r,mick mulvaney,house,SC,5
787,2014-11-04,d,jim clyburn,house,SC,6
788,2014-11-04,r,tom rice,house,SC,7
789,2014-11-04,r,kristi noem,house,SD,0
790,2014-11-04,r,phil roe,house,TN,1
791,2014-11-04,r,jimmy duncan,house,TN,2
792,2014-11-04,r,chuck fleischmann,house,TN,3
793,2014-11-04,r,scott desjarlais,house,TN,4
794,2014-11-04,d,jim cooper,house,TN,5
795,2014-11-04,r,diane black,house,TN,6
796,2014-11-04,r,marsha blackburn,house,TN,7
797,2014-11-04,r,stephen fincher,house,TN,8
798,2014-11-04,d,steve cohen,house,TN,9
799,2014-11-04,r,louie gohmert,house,TX,1
800,2014-11-04,r,ted poe,house,TX,2
801,2014-11-04,r,sam johnson,house,TX,3
802,2014-11-04,r,john ratcliffe,house,TX,4
803,2014-11-04,r,jeb hensarling,house,TX,5
804,2014-11-04,r,joe barton,house,TX,6
805,2014-11-04,r,john culberson,house,TX,7
806,2014-11-04,r,kevin brady,house,TX,8
807,2014-11-04,d,al green,house,TX,9
808,2014-11-04,r,michael mccaul,house,TX,10
809,2014-11-04,r,mike conaway,house,TX,11
810,2014-11-04,r,kay granger,house,TX,12
811,2014-11-04,r,mac thornberry,house,TX,13
812,2014-11-04,r,randy weber,house,TX,14
813,2014-11-04,d,ruben hinojosa,house,TX,15
814,2014-11-04,d,beto orourke,house,TX,16
815,2014-11-04,r,bill flores,house,TX,17
816,2014-11-04,d,sheila jackson lee,house,TX,18
817,2014-11-04,r,randy neugebauer,house,TX,19
818,2014-11-04,d,joaquin castro,house,TX,20
819,2014-11-04,r,pete olson,house,TX,22
820,2014-11-04,r,will hurd,house,TX,23
821,2014-11-04,r,kenny marchant,house,TX,24
822,2014-11-04,r,roger williams,house,TX,25
823,2014-11-04,r,blake farenthold,house,TX,27
824,2014-11-04,d,henry cuellar,house,TX,28
825,2014-11-04,d,gene green,house,TX,29
826,2014-11-04,d,eddie bernice johnson,house,TX,30
827,2014-11-04,r,john carter,house,TX,31
828,2014-11-04,r,pete sessions,house,TX,32
829,2014-11-04,d,marc veasey,house,TX,33
830,2014-11-04,d,filemon vela jr,house,TX,34
831,2014-11-04,d,lloyd doggett,house,TX,35
832,2014-11-04,r,brian babin,house,TX,36
833,2014-11-04,r,rob bishop,house,UT,1
834,2014-11-04,r,chris stewart,house,UT,2
835,2014-11-04,r,jason chaffetz,house,UT,3
836,2014-11-04,r,mia love,house,UT,4
837,2014-11-04,d,peter welch,house,VT,0
838,2014-11-04,r,rob wittman,house,VA,1
839,2014-11-04,r,scott rigell,house,VA,2
840,2014-11-04,d,bobby scott,house,VA,3
841,2014-11-04,r,randy forbes,house,VA,4
842,2014-11-04,r,robert hurt,house,VA,5
843,2014-11-04,r,bob goodlatte,house,VA,6
844,2014-11-04,r,dave brat,house,VA,7
845,2014-11-04,d,don beyer,house,VA,8
846,2014-11-04,r,morgan griffith,house,VA,9
847,2014-11-04,r,barbara comstock,house,VA,10
848,2014-11-04,d,gerry connolly,house,VA,11
849,2014-11-04,d,suzan delbene,house,WA,1
850,2014-11-04,d,rick larsen,house,WA,2
851,2014-11-04,r,jaime herrera beutler,house,WA,3
852,2014-11-04,r,dan newhouse,house,WA,4
853,2014-11-04,r,cathy mcmorris rodgers,house,WA,5
854,2014-11-04,d,derek kilmer,house,WA,6
855,2014-11-04,d,jim mcdermott,house,WA,7
856,2014-11-04,r,dave reichert,house,WA,8
857,2014-11-04,d,adam smith,house,WA,9
858,2014-11-04,d,dennis heck,house,WA,10
859,2014-11-04,r,david mckinley,house,WV,1
860,2014-11-04,r,alex mooney,house,WV,2
861,2014-11-04,r,evan jenkins,house,WV,3
862,2014-11-04,r,paul ryan,house,WI,1
863,2014-11-04,d,mark pocan,house,WI,2
864,2014-11-04,d,ron kind,house,WI,3
865,2014-11-04,d,gwen moore,house,WI,4
866,2014-11-04,r,jim sensenbrenner,house,WI,5
867,2014-11-04,r,glenn grothman,house,WI,6
868,2014-11-04,r,sean duffy,house,WI,7
869,2014-11-04,r,reid ribble,house,WI,8
870,2014-11-04,r,cynthia lummis,house,WY,0
871,2012-11-06,r,jo bonner,house,AL,1
872,2014-01-07,r,bradley byrne,house,AL,1
873,2012-11-06,r,martha roby,house,AL,2
874,2012-11-06,r,mike rogers,house,MI,3
875,2012-11-06,r,mike rogers,house,MI,8
876,2012-11-06,r,robert aderholt,house,AL,4
877,2012-11-06,r,mo brooks,house,AL,5
878,2012-11-06,r,spencer bachus,house,AL,6
879,2012-11-06,d,terri sewell,house,AL,7
880,2012-11-06,r,don young,house,AK,0
881,2012-11-06,d,ann kirkpatrick,house,AZ,1
882,2012-11-06,d,ron barber,house,AZ,2
883,2012-11-06,d,raul grijalva,house,AZ,3
884,2012-11-06,r,paul gosar,house,AZ,4
885,2012-11-06,r,matt salmon,house,AZ,5
886,2012-11-06,r,david schweikert,house,AZ,6
887,2012-11-06,d,ed pastor,house,AZ,7
888,2012-11-06,r,trent franks,house,AZ,8
889,2012-11-06,d,kyrsten sinema,house,AZ,9
890,2012-11-06,r,rick crawford,house,AR,1
891,2012-11-06,r,timothy griffin,house,AR,2
892,2012-11-06,r,steve womack,house,AR,3
893,2012-11-06,r,tom cotton,house,AR,4
894,2012-11-06,r,doug lamalfa,house,CA,1
895,2012-11-06,d,jared huffman,house,CA,2
896,2012-11-06,d,john garamendi,house,CA,3
897,2012-11-06,r,tom mcclintock,house,CA,4
898,2012-11-06,d,mike thompson,house,CA,5
899,2012-11-06,d,doris matsui,house,CA,6
900,2012-11-06,d,ami bera,house,CA,7
901,2012-11-06,r,paul cook,house,CA,8
902,2012-11-06,d,jerry mcnerney,house,CA,9
903,2012-11-06,r,jeff denham,house,CA,10
904,2012-11-06,d,george miller,house,CA,11
905,2012-11-06,d,nancy pelosi,house,CA,12
906,2012-11-06,d,barbara lee,house,CA,13
907,2012-11-06,d,jackie speier,house,CA,14
908,2012-11-06,d,eric swalwell,house,CA,15
909,2012-11-06,d,jim costa,house,CA,16
910,2012-11-06,d,mike honda,house,CA,17
911,2012-11-06,d,anna eshoo,house,CA,18
912,2012-11-06,d,zoe lofgren,house,CA,19
913,2012-11-06,d,sam farr,house,CA,20
914,2012-11-06,r,david valadao,house,CA,21
915,2012-11-06,r,devin nunes,house,CA,22
916,2012-11-06,r,kevin mccarthy,house,CA,23
917,2012-11-06,d,lois capps,house,CA,24
918,2012-11-06,r,buck mckeon,house,CA,25
919,2012-11-06,d,julia brownley,house,CA,26
920,2012-11-06,d,judy chu,house,CA,27
921,2012-11-06,d,adam schiff,house,CA,28
922,2012-11-06,d,tony cardenas,house,CA,29
923,2012-11-06,d,brad sherman,house,CA,30
924,2012-11-06,r,gary miller,house,CA,31
925,2012-11-06,d,grace napolitano,house,CA,32
926,2012-11-06,d,henry waxman,house,CA,33
927,2012-11-06,d,xavier becerra,house,CA,34
928,2012-11-06,d,gloria negrete mcleod,house,CA,35
929,2012-11-06,d,raul ruiz,house,CA,36
930,2012-11-06,d,karen bass,house,CA,37
931,2012-11-06,d,linda sanchez,house,CA,38
932,2012-11-06,r,ed royce,house,CA,39
933,2012-11-06,d,lucille roybalallard,house,CA,40
934,2012-11-06,d,mark takano,house,CA,41
935,2012-11-06,r,ken calvert,house,CA,42
936,2012-11-06,d,maxine waters,house,CA,43
937,2012-11-06,d,janice hahn,house,CA,44
938,2012-11-06,d,loretta sanchez,house,CA,46
939,2012-11-06,d,alan lowenthal,house,CA,47
940,2012-11-06,r,dana rohrabacher,house,CA,48
941,2012-11-06,r,darrell issa,house,CA,49
942,2012-11-06,r,duncan d hunter,house,CA,50
943,2012-11-06,d,juan vargas,house,CA,51
944,2012-11-06,d,scott peters,house,CA,52
945,2012-11-06,d,susan davis,house,CA,53
946,2012-11-06,d,diana degette,house,CO,1
947,2012-11-06,d,jared polis,house,CO,2
948,2012-11-06,r,scott tipton,house,CO,3
949,2012-11-06,r,cory gardner,house,CO,4
950,2012-11-06,r,doug lamborn,house,CO,5
951,2012-11-06,r,mike coffman,house,CO,6
952,2012-11-06,d,ed perlmutter,house,CO,7
953,2012-11-06,d,john larson,house,CT,1
954,2012-11-06,d,joe courtney,house,CT,2
955,2012-11-06,d,rosa delauro,house,CT,3
956,2012-11-06,d,jim himes,house,CT,4
957,2012-11-06,d,elizabeth esty,house,CT,5
958,2012-11-06,d,john carney,house,DE,0
959,2012-11-06,r,jeff miller,house,FL,1
960,2012-11-06,r,steve southerland,house,FL,2
961,2012-11-06,r,ted yoho,house,FL,3
962,2012-11-06,r,ander crenshaw,house,FL,4
963,2012-11-06,d,corrine brown,house,FL,5
964,2012-11-06,r,ron desantis,house,FL,6
965,2012-11-06,r,john mica,house,FL,7
966,2012-11-06,r,bill posey,house,FL,8
967,2012-11-06,d,alan grayson,house,FL,9
968,2012-11-06,r,daniel webster,house,FL,10
969,2012-11-06,r,rich nugent,house,FL,11
970,2012-11-06,r,gus bilirakis,house,FL,12
971,2012-11-06,r,bill young,house,FL,13
972,2014-03-13,r,david jolly,house,FL,13
973,2012-11-06,d,kathy castor,house,FL,14
974,2012-11-06,r,vern buchanan,house,FL,16
975,2012-11-06,r,tom rooney,house,FL,17
976,2012-11-06,d,patrick murphy,house,FL,18
977,2012-11-06,r,trey radel,house,FL,19
978,2014-06-25,r,curt clawson,house,FL,19
979,2012-11-06,d,alcee hastings,house,FL,20
980,2012-11-06,d,ted deutch,house,FL,21
981,2012-11-06,d,lois frankel,house,FL,22
982,2012-11-06,d,debbie wasserman schultz,house,FL,23
983,2012-11-06,d,frederica wilson,house,FL,24
984,2012-11-06,r,mario diazbalart,house,FL,25
985,2012-11-06,d,joe garcia,house,FL,26
986,2012-11-06,r,ileana roslehtinen,house,FL,27
987,2012-11-06,r,jack kingston,house,GA,1
988,2012-11-06,d,sanford bishop,house,GA,2
989,2012-11-06,r,lynn westmoreland,house,GA,3
990,2012-11-06,d,hank johnson,house,GA,4
991,2012-11-06,d,john lewis,house,GA,5
992,2012-11-06,r,tom price,house,GA,6
993,2012-11-06,r,rob woodall,house,GA,7
994,2012-11-06,r,austin scott,house,GA,8
995,2012-11-06,r,doug collins,house,GA,9
996,2012-11-06,r,paul broun,house,GA,10
997,2012-11-06,r,phil gingrey,house,GA,11
998,2012-11-06,d,john barrow,house,GA,12
999,2012-11-06,d,david scott,house,GA,13
1000,2012-11-06,r,tom graves,house,GA,14
1001,2012-11-06,d,colleen hanabusa,house,HI,1
1002,2012-11-06,d,tulsi gabbard,house,HI,2
1003,2012-11-06,r,raul labrador,house,ID,1
1004,2012-11-06,r,mike simpson,house,ID,2
1005,2012-11-06,d,bobby rush,house,IL,1
1006,2012-11-06,d,robin kelly,house,IL,2
1007,2012-11-06,d,dan lipinski,house,IL,3
1008,2012-11-06,d,luis gutierrez,house,IL,4
1009,2012-11-06,d,mike quigley,house,IL,5
1010,2012-11-06,r,peter roskam,house,IL,6
1011,2012-11-06,d,danny k davis,house,IL,7
1012,2012-11-06,d,tammy duckworth,house,IL,8
1013,2012-11-06,d,jan schakowsky,house,IL,9
1014,2012-11-06,d,brad schneider,house,IL,10
1015,2012-11-06,d,bill foster,house,IL,11
1016,2012-11-06,d,william enyart,house,IL,12
1017,2012-11-06,r,rodney l davis,house,IL,13
1018,2012-11-06,r,randy hultgren,house,IL,14
1019,2012-11-06,r,john shimkus,house,IL,15
1020,2012-11-06,r,adam kinzinger,house,IL,16
1021,2012-11-06,d,cheri bustos,house,IL,17
1022,2012-11-06,r,aaron schock,house,IL,18
1023,2012-11-06,d,pete visclosky,house,IN,1
1024,2012-11-06,r,jackie walorski,house,IN,2
1025,2012-11-06,r,marlin stutzman,house,IN,3
1026,2012-11-06,r,todd rokita,house,IN,4
1027,2012-11-06,r,susan brooks,house,IN,5
1028,2012-11-06,r,luke messer,house,IN,6
1029,2012-11-06,d,andre carson,house,IN,7
1030,2012-11-06,r,larry bucshon,house,IN,8
1031,2012-11-06,r,todd young,house,IN,9
1032,2012-11-06,d,bruce braley,house,IA,1
1033,2012-11-06,d,david loebsack,house,IA,2
1034,2012-11-06,r,tom latham,house,IA,3
1035,2012-11-06,r,steve king,house,IA,4
1036,2012-11-06,r,tim huelskamp,house,KS,1
1037,2012-11-06,r,lynn jenkins,house,KS,2
1038,2012-11-06,r,kevin yoder,house,KS,3
1039,2012-11-06,r,mike pompeo,house,KS,4
1040,2012-11-06,r,ed whitfield,house,KY,1
1041,2012-11-06,r,brett guthrie,house,KY,2
1042,2012-11-06,d,john yarmuth,house,KY,3
1043,2012-11-06,r,thomas massie,house,KY,4
1044,2012-11-06,r,hal rogers,house,KY,5
1045,2012-11-06,r,andy barr,house,KY,6
1046,2012-11-06,r,steve scalise,house,LA,1
1047,2012-11-06,d,cedric richmond,house,LA,2
1048,2012-11-06,r,charles boustany,house,LA,3
1049,2012-11-06,r,john fleming,house,LA,4
1050,2012-11-06,r,rodney alexander,house,LA,5
1051,2013-11-21,r,vance mcallister,house,LA,5
1052,2012-11-06,r,bill cassidy,house,LA,6
1053,2012-11-06,d,chellie pingree,house,ME,1
1054,2012-11-06,d,mike michaud,house,ME,2
1055,2012-11-06,d,dutch ruppersberger,house,MD,2
1056,2012-11-06,d,john sarbanes,house,MD,3
1057,2012-11-06,d,donna edwards,house,MD,4
1058,2012-11-06,d,steny hoyer,house,MD,5
1059,2012-11-06,d,elijah cummings,house,MD,7
1060,2012-11-06,d,chris van hollen,house,MD,8
1061,2012-11-06,d,richard neal,house,MA,1
1062,2012-11-06,d,jim mcgovern,house,MA,2
1063,2012-11-06,d,niki tsongas,house,MA,3
1064,2012-11-06,d,joseph p kennedy iii,house,MA,4
1065,2012-11-06,d,ed markey,house,MA,5
1066,2013-12-12,d,katherine clark,house,MA,5
1067,2012-11-06,d,mike capuano,house,MA,7
1068,2012-11-06,d,stephen lynch,house,MA,8
1069,2012-11-06,r,dan benishek,house,MI,1
1070,2012-11-06,r,bill huizenga,house,MI,2
1071,2012-11-06,r,justin amash,house,MI,3
1072,2012-11-06,r,dave camp,house,MI,4
1073,2012-11-06,d,dan kildee,house,MI,5
1074,2012-11-06,r,fred upton,house,MI,6
1075,2012-11-06,r,tim walberg,house,MI,7
1076,2012-11-06,d,sander levin,house,MI,9
1077,2012-11-06,r,candice miller,house,MI,10
1078,2012-11-06,r,kerry bentivolio,house,MI,11
1079,2012-11-06,d,john dingell,house,MI,12
1080,2012-11-06,d,john conyers,house,MI,13
1081,2012-11-06,d,gary peters,house,MI,14
1082,2012-11-06,d,tim walz,house,MN,1
1083,2012-11-06,r,john kline,house,MN,2
1084,2012-11-06,r,erik paulsen,house,MN,3
1085,2012-11-06,d,betty mccollum,house,MN,4
1086,2012-11-06,d,keith ellison,house,MN,5
1087,2012-11-06,r,michele bachmann,house,MN,6
1088,2012-11-06,d,collin peterson,house,MN,7
1089,2012-11-06,d,rick nolan,house,MN,8
1090,2012-11-06,r,alan nunnelee,house,MS,1
1091,2012-11-06,d,bennie thompson,house,MS,2
1092,2012-11-06,r,gregg harper,house,MS,3
1093,2012-11-06,r,steven palazzo,house,MS,4
1094,2012-11-06,d,lacy clay,house,MO,1
1095,2012-11-06,r,ann wagner,house,MO,2
1096,2012-11-06,r,blaine luetkemeyer,house,MO,3
1097,2012-11-06,r,vicky hartzler,house,MO,4
1098,2012-11-06,d,emanuel cleaver,house,MO,5
1099,2012-11-06,r,sam graves,house,MO,6
1100,2012-11-06,r,billy long,house,MO,7
1101,2012-11-06,r,jo ann emerson,house,MO,8
1102,2013-06-04,r,jason t smith,house,MO,8
1103,2012-11-06,r,steve daines,house,MT,0
1104,2012-11-06,r,jeff fortenberry,house,NE,1
1105,2012-11-06,r,lee terry,house,NE,2
1106,2012-11-06,r,adrian m smith,house,NE,3
1107,2012-11-06,d,dina titus,house,NV,1
1108,2012-11-06,r,mark amodei,house,NV,2
1109,2012-11-06,r,joe heck,house,NV,3
1110,2012-11-06,d,steven horsford,house,NV,4
1111,2012-11-06,d,carol sheaporter,house,NH,1
1112,2012-11-06,d,ann mclane kuster,house,NH,2
1113,2012-11-06,d,rob andrews,house,NJ,1
1114,2014-11-12,d,donald norcross,house,NJ,1
1115,2012-11-06,r,frank lobiondo,house,NJ,2
1116,2012-11-06,r,jon runyan,house,NJ,3
1117,2012-11-06,r,chris smith,house,NJ,4
1118,2012-11-06,r,scott garrett,house,NJ,5
1119,2012-11-06,d,frank pallone,house,NJ,6
1120,2012-11-06,r,leonard lance,house,NJ,7
1121,2012-11-06,d,albio sires,house,NJ,8
1122,2012-11-06,d,bill pascrell,house,NJ,9
1123,2012-11-06,d,donald payne jr,house,NJ,10
1124,2012-11-06,r,rodney frelinghuysen,house,NJ,11
1125,2012-11-06,d,rush holt jr,house,NJ,12
1126,2012-11-06,d,michelle lujan grisham,house,NM,1
1127,2012-11-06,r,steve pearce,house,NM,2
1128,2012-11-06,d,ben ray lujan,house,NM,3
1129,2012-11-06,d,timothy bishop,house,NY,1
1130,2012-11-06,d,steve israel,house,NY,3
1131,2012-11-06,d,carolyn mccarthy,house,NY,4
1132,2012-11-06,d,gregory meeks,house,NY,5
1133,2012-11-06,d,grace meng,house,NY,6
1134,2012-11-06,d,nydia velazquez,house,NY,7
1135,2012-11-06,d,hakeem jeffries,house,NY,8
1136,2012-11-06,d,yvette clarke,house,NY,9
1137,2012-11-06,d,jerrold nadler,house,NY,10
1138,2012-11-06,r,michael grimm,house,NY,11
1139,2012-11-06,d,carolyn maloney,house,NY,12
1140,2012-11-06,d,charles rangel,house,NY,13
1141,2012-11-06,d,jose e serrano,house,NY,15
1142,2012-11-06,d,eliot engel,house,NY,16
1143,2012-11-06,d,nita lowey,house,NY,17
1144,2012-11-06,d,sean patrick maloney,house,NY,18
1145,2012-11-06,r,chris gibson,house,NY,19
1146,2012-11-06,d,paul tonko,house,NY,20
1147,2012-11-06,d,bill owens,house,NY,21
1148,2012-11-06,d,daniel maffei,house,NY,24
1149,2012-11-06,d,louise slaughter,house,NY,25
1150,2012-11-06,d,brian higgins,house,NY,26
1151,2012-11-06,r,chris collins,house,NY,27
1152,2012-11-06,d,g k butterfield,house,NC,1
1153,2012-11-06,r,renee ellmers,house,NC,2
1154,2012-11-06,r,walter jones jr,house,NC,3
1155,2012-11-06,d,david price,house,NC,4
1156,2012-11-06,r,virginia foxx,house,NC,5
1157,2012-11-06,r,howard coble,house,NC,6
1158,2012-11-06,d,mike mcintyre,house,NC,7
1159,2012-11-06,r,richard hudson,house,NC,8
1160,2012-11-06,r,robert pittenger,house,NC,9
1161,2012-11-06,r,patrick mchenry,house,NC,10
1162,2012-11-06,r,mark meadows,house,NC,11
1163,2012-11-06,d,mel watt,house,NC,12
1164,2014-11-12,d,alma adams,house,NC,12
1165,2012-11-06,r,george holding,house,NC,13
1166,2012-11-06,r,kevin cramer,house,ND,0
1167,2012-11-06,r,steve chabot,house,OH,1
1168,2012-11-06,r,brad wenstrup,house,OH,2
1169,2012-11-06,d,joyce beatty,house,OH,3
1170,2012-11-06,r,jim jordan,house,OH,4
1171,2012-11-06,r,bob latta,house,OH,5
1172,2012-11-06,r,bill johnson,house,OH,6
1173,2012-11-06,r,bob gibbs,house,OH,7
1174,2012-11-06,r,john boehner,house,OH,8
1175,2012-11-06,d,marcy kaptur,house,OH,9
1176,2012-11-06,r,mike turner,house,OH,10
1177,2012-11-06,d,marcia fudge,house,OH,11
1178,2012-11-06,r,pat tiberi,house,OH,12
1179,2012-11-06,d,tim ryan,house,OH,13
1180,2012-11-06,r,david joyce,house,OH,14
1181,2012-11-06,r,steve stivers,house,OH,15
1182,2012-11-06,r,jim renacci,house,OH,16
1183,2012-11-06,r,jim bridenstine,house,OK,1
1184,2012-11-06,r,markwayne mullin,house,OK,2
1185,2012-11-06,r,frank lucas,house,OK,3
1186,2012-11-06,r,tom cole,house,OK,4
1187,2012-11-06,r,james lankford,house,OK,5
1188,2012-11-06,d,suzanne bonamici,house,OR,1
1189,2012-11-06,r,greg walden,house,OR,2
1190,2012-11-06,d,earl blumenauer,house,OR,3
1191,2012-11-06,d,peter defazio,house,OR,4
1192,2012-11-06,d,kurt schrader,house,OR,5
1193,2012-11-06,d,bob brady,house,PA,1
1194,2012-11-06,d,chaka fattah,house,PA,2
1195,2012-11-06,r,mike kelly,house,PA,3
1196,2012-11-06,r,scott perry,house,PA,4
1197,2012-11-06,r,glenn thompson,house,PA,5
1198,2012-11-06,r,jim gerlach,house,PA,6
1199,2012-11-06,r,pat meehan,house,PA,7
1200,2012-11-06,r,mike fitzpatrick,house,PA,8
1201,2012-11-06,r,bill shuster,house,PA,9
1202,2012-11-06,r,tom marino,house,PA,10
1203,2012-11-06,r,lou barletta,house,PA,11
1204,2012-11-06,r,keith rothfus,house,PA,12
1205,2012-11-06,d,allyson schwartz,house,PA,13
1206,2012-11-06,d,michael f doyle,house,PA,14
1207,2012-11-06,r,joseph r pitts,house,PA,16
1208,2012-11-06,d,matt cartwright,house,PA,17
1209,2012-11-06,r,timothy f murphy,house,PA,18
1210,2012-11-06,d,david cicilline,house,RI,1
1211,2012-11-06,d,james langevin,house,RI,2
1212,2012-11-06,r,mark sanford,house,SC,1
1213,2012-11-06,r,joe wilson,house,SC,2
1214,2012-11-06,r,jeff duncan,house,SC,3
1215,2012-11-06,r,trey gowdy,house,SC,4
1216,2012-11-06,r,mick mulvaney,house,SC,5
1217,2012-11-06,d,jim clyburn,house,SC,6
1218,2012-11-06,r,tom rice,house,SC,7
1219,2012-11-06,r,kristi noem,house,SD,0
1220,2012-11-06,r,phil roe,house,TN,1
1221,2012-11-06,r,jimmy duncan,house,TN,2
1222,2012-11-06,r,chuck fleischmann,house,TN,3
1223,2012-11-06,r,scott desjarlais,house,TN,4
1224,2012-11-06,d,jim cooper,house,TN,5
1225,2012-11-06,r,diane black,house,TN,6
1226,2012-11-06,r,marsha blackburn,house,TN,7
1227,2012-11-06,r,stephen fincher,house,TN,8
1228,2012-11-06,d,steve cohen,house,TN,9
1229,2012-11-06,r,louie gohmert,house,TX,1
1230,2012-11-06,r,ted poe,house,TX,2
1231,2012-11-06,r,sam johnson,house,TX,3
1232,2012-11-06,r,ralph hall,house,TX,4
1233,2012-11-06,r,jeb hensarling,house,TX,5
1234,2012-11-06,r,joe barton,house,TX,6
1235,2012-11-06,r,john culberson,house,TX,7
1236,2012-11-06,r,kevin brady,house,TX,8
1237,2012-11-06,d,al green,house,TX,9
1238,2012-11-06,r,michael mccaul,house,TX,10
1239,2012-11-06,r,mike conaway,house,TX,11
1240,2012-11-06,r,kay granger,house,TX,12
1241,2012-11-06,r,mac thornberry,house,TX,13
1242,2012-11-06,r,randy weber,house,TX,14
1243,2012-11-06,d,ruben hinojosa,house,TX,15
1244,2012-11-06,d,beto orourke,house,TX,16
1245,2012-11-06,r,bill flores,house,TX,17
1246,2012-11-06,d,sheila jackson lee,house,TX,18
1247,2012-11-06,r,randy neugebauer,house,TX,19
1248,2012-11-06,d,joaquin castro,house,TX,20
1249,2012-11-06,r,lamar s smith,house,TX,21
1250,2012-11-06,r,pete olson,house,TX,22
1251,2012-11-06,d,pete gallego,house,TX,23
1252,2012-11-06,r,kenny marchant,house,TX,24
1253,2012-11-06,r,roger williams,house,TX,25
1254,2012-11-06,r,michael c burgess,house,TX,26
1255,2012-11-06,r,blake farenthold,house,TX,27
1256,2012-11-06,d,henry cuellar,house,TX,28
1257,2012-11-06,d,gene green,house,TX,29
1258,2012-11-06,d,eddie bernice johnson,house,TX,30
1259,2012-11-06,r,john carter,house,TX,31
1260,2012-11-06,r,pete sessions,house,TX,32
1261,2012-11-06,d,marc veasey,house,TX,33
1262,2012-11-06,d,filemon vela jr,house,TX,34
1263,2012-11-06,d,lloyd doggett,house,TX,35
1264,2012-11-06,r,steve stockman,house,TX,36
1265,2012-11-06,r,rob bishop,house,UT,1
1266,2012-11-06,r,chris stewart,house,UT,2
1267,2012-11-06,r,jason chaffetz,house,UT,3
1268,2012-11-06,d,jim matheson,house,UT,4
1269,2012-11-06,d,peter welch,house,VT,0
1270,2012-11-06,r,rob wittman,house,VA,1
1271,2012-11-06,r,scott rigell,house,VA,2
1272,2012-11-06,d,bobby scott,house,VA,3
1273,2012-11-06,r,randy forbes,house,VA,4
1274,2012-11-06,r,robert hurt,house,VA,5
1275,2012-11-06,r,bob goodlatte,house,VA,6
1276,2012-11-06,r,eric cantor,house,VA,7
1277,2014-11-12,r,dave brat,house,VA,7
1278,2012-11-06,d,jim moran,house,VA,8
1279,2012-11-06,r,morgan griffith,house,VA,9
1280,2012-11-06,r,frank wolf,house,VA,10
1281,2012-11-06,d,gerry connolly,house,VA,11
1282,2012-11-06,d,suzan delbene,house,WA,1
1283,2012-11-06,d,rick larsen,house,WA,2
1284,2012-11-06,r,jaime herrera beutler,house,WA,3
1285,2012-11-06,r,doc hastings,house,WA,4
1286,2012-11-06,r,cathy mcmorris rodgers,house,WA,5
1287,2012-11-06,d,derek kilmer,house,WA,6
1288,2012-11-06,d,jim mcdermott,house,WA,7
1289,2012-11-06,r,dave reichert,house,WA,8
1290,2012-11-06,d,adam smith,house,WA,9
1291,2012-11-06,d,dennis heck,house,WA,10
1292,2012-11-06,r,david mckinley,house,WV,1
1293,2012-11-06,r,shelley moore capito,house,WV,2
1294,2012-11-06,d,nick rahall,house,WV,3
1295,2012-11-06,r,paul ryan,house,WI,1
1296,2012-11-06,d,mark pocan,house,WI,2
1297,2012-11-06,d,ron kind,house,WI,3
1298,2012-11-06,d,gwen moore,house,WI,4
1299,2012-11-06,r,jim sensenbrenner,house,WI,5
1300,2012-11-06,r,tom petri,house,WI,6
1301,2012-11-06,r,sean duffy,house,WI,7
1302,2012-11-06,r,reid ribble,house,WI,8
1303,2012-11-06,r,cynthia lummis,house,WY,0
1304,2010-11-02,r,jo bonner,house,AL,1
1305,2010-11-02,r,martha roby,house,AL,2
1306,2010-11-02,r,mike rogers,house,MI,3
1307,2010-11-02,r,mike rogers,house,MI,8
1308,2010-11-02,r,robert aderholt,house,AL,4
1309,2010-11-02,r,mo brooks,house,AL,5
1310,2010-11-02,r,spencer bachus,house,AL,6
1311,2010-11-02,d,terri sewell,house,AL,7
1312,2010-11-02,r,don young,house,AK,0
1313,2010-11-02,r,paul gosar,house,AZ,1
1314,2010-11-02,r,trent franks,house,AZ,2
1315,2010-11-02,r,ben quayle,house,AZ,3
1316,2010-11-02,d,ed pastor,house,AZ,4
1317,2010-11-02,r,david schweikert,house,AZ,5
1318,2010-11-02,r,jeff flake,house,AZ,6
1319,2010-11-02,d,raul grijalva,house,AZ,7
1320,2010-11-02,d,gabrielle giffords,house,AZ,8
1321,2012-06-12,d,ron barber,house,AZ,8
1322,2010-11-02,r,rick crawford,house,AR,1
1323,2010-11-02,r,timothy griffin,house,AR,2
1324,2010-11-02,r,steve womack,house,AR,3
1325,2010-11-02,d,mike ross,house,AR,4
1326,2010-11-02,d,mike thompson,house,CA,1
1327,2010-11-02,r,wally herger,house,CA,2
1328,2010-11-02,r,dan lungren,house,CA,3
1329,2010-11-02,r,tom mcclintock,house,CA,4
1330,2010-11-02,d,doris matsui,house,CA,5
1331,2010-11-02,d,lynn woolsey,house,CA,6
1332,2010-11-02,d,george miller,house,CA,7
1333,2010-11-02,d,nancy pelosi,house,CA,8
1334,2010-11-02,d,barbara lee,house,CA,9
1335,2010-11-02,d,john garamendi,house,CA,10
1336,2010-11-02,d,jerry mcnerney,house,CA,11
1337,2010-11-02,d,jackie speier,house,CA,12
1338,2010-11-02,d,pete stark,house,CA,13
1339,2010-11-02,d,anna eshoo,house,CA,14
1340,2010-11-02,d,mike honda,house,CA,15
1341,2010-11-02,d,zoe lofgren,house,CA,16
1342,2010-11-02,d,sam farr,house,CA,17
1343,2010-11-02,d,dennis cardoza,house,CA,18
1344,2010-11-02,r,jeff denham,house,CA,19
1345,2010-11-02,d,jim costa,house,CA,20
1346,2010-11-02,r,devin nunes,house,CA,21
1347,2010-11-02,r,kevin mccarthy,house,CA,22
1348,2010-11-02,d,lois capps,house,CA,23
1349,2010-11-02,r,elton gallegly,house,CA,24
1350,2010-11-02,r,howard mckeon,house,CA,25
1351,2010-11-02,r,david dreier,house,CA,26
1352,2010-11-02,d,brad sherman,house,CA,27
1353,2010-11-02,d,howard berman,house,CA,28
1354,2010-11-02,d,adam schiff,house,CA,29
1355,2010-11-02,d,henry waxman,house,CA,30
1356,2010-11-02,d,xavier becerra,house,CA,31
1357,2010-11-02,d,judy chu,house,CA,32
1358,2010-11-02,d,karen bass,house,CA,33
1359,2010-11-02,d,lucille roybalallard,house,CA,34
1360,2010-11-02,d,maxine waters,house,CA,35
1361,2010-11-02,d,jane harman,house,CA,36
1362,2011-07-12,d,janice hahn,house,CA,36
1363,2010-11-02,d,laura richardson,house,CA,37
1364,2010-11-02,d,grace napolitano,house,CA,38
1365,2010-11-02,d,linda sanchez,house,CA,39
1366,2010-11-02,r,ed royce,house,CA,40
1367,2010-11-02,r,jerry lewis,house,CA,41
1368,2010-11-02,r,gary miller,house,CA,42
1369,2010-11-02,d,joe baca,house,CA,43
1370,2010-11-02,r,ken calvert,house,CA,44
1371,2010-11-02,r,mary bono mack,house,CA,45
1372,2010-11-02,r,dana rohrabacher,house,CA,46
1373,2010-11-02,d,loretta sanchez,house,CA,47
1374,2010-11-02,r,darrell issa,house,CA,49
1375,2010-11-02,r,brian bilbray,house,CA,50
1376,2010-11-02,d,bob filner,house,CA,51
1377,2010-11-02,r,duncan d hunter,house,CA,52
1378,2010-11-02,d,susan davis,house,CA,53
1379,2010-11-02,d,diana degette,house,CO,1
1380,2010-11-02,d,jared polis,house,CO,2
1381,2010-11-02,r,scott tipton,house,CO,3
1382,2010-11-02,r,cory gardner,house,CO,4
1383,2010-11-02,r,doug lamborn,house,CO,5
1384,2010-11-02,r,mike coffman,house,CO,6
1385,2010-11-02,d,ed perlmutter,house,CO,7
1386,2010-11-02,d,joe courtney,house,CT,2
1387,2010-11-02,d,rosa delauro,house,CT,3
1388,2010-11-02,d,jim himes,house,CT,4
1389,2010-11-02,d,chris murphy,house,CT,5
1390,2010-11-02,d,john carney,house,DE,0
1391,2010-11-02,r,jeff miller,house,FL,1
1392,2010-11-02,r,steve southerland,house,FL,2
1393,2010-11-02,d,corrine brown,house,FL,3
1394,2010-11-02,r,ander crenshaw,house,FL,4
1395,2010-11-02,r,rich nugent,house,FL,5
1396,2010-11-02,r,cliff stearns,house,FL,6
1397,2010-11-02,r,john mica,house,FL,7
1398,2010-11-02,r,daniel webster,house,FL,8
1399,2010-11-02,r,gus bilirakis,house,FL,9
1400,2010-11-02,r,bill young,house,FL,10
1401,2010-11-02,d,kathy castor,house,FL,11
1402,2010-11-02,r,vern buchanan,house,FL,13
1403,2010-11-02,r,bill posey,house,FL,15
1404,2010-11-02,r,tom rooney,house,FL,16
1405,2010-11-02,d,frederica wilson,house,FL,17
1406,2010-11-02,r,ileana roslehtinen,house,FL,18
1407,2010-11-02,d,ted deutch,house,FL,19
1408,2010-11-02,d,debbie wasserman schultz,house,FL,20
1409,2010-11-02,r,mario diazbalart,house,FL,21
1410,2010-11-02,r,allen west,house,FL,22
1411,2010-11-02,d,alcee hastings,house,FL,23
1412,2010-11-02,r,sandy adams,house,FL,24
1413,2010-11-02,r,david rivera,house,FL,25
1414,2010-11-02,r,jack kingston,house,GA,1
1415,2010-11-02,d,sanford bishop,house,GA,2
1416,2010-11-02,r,lynn westmoreland,house,GA,3
1417,2010-11-02,d,hank johnson,house,GA,4
1418,2010-11-02,d,john lewis,house,GA,5
1419,2010-11-02,r,tom price,house,GA,6
1420,2010-11-02,r,rob woodall,house,GA,7
1421,2010-11-02,r,austin scott,house,GA,8
1422,2010-11-02,r,tom graves,house,GA,9
1423,2010-11-02,r,paul broun,house,GA,10
1424,2010-11-02,r,phil gingrey,house,GA,11
1425,2010-11-02,d,john barrow,house,GA,12
1426,2010-11-02,d,david scott,house,GA,13
1427,2010-11-02,d,colleen hanabusa,house,HI,1
1428,2010-11-02,d,mazie hirono,house,HI,2
1429,2010-11-02,r,raul labrador,house,ID,1
1430,2010-11-02,r,mike simpson,house,ID,2
1431,2010-11-02,d,bobby rush,house,IL,1
1432,2010-11-02,d,jesse jackson jr,house,IL,2
1433,2010-11-02,d,dan lipinski,house,IL,3
1434,2010-11-02,d,luis gutierrez,house,IL,4
1435,2010-11-02,r,peter roskam,house,IL,6
1436,2010-11-02,r,joe walsh,house,IL,8
1437,2010-11-02,d,jan schakowsky,house,IL,9
1438,2010-11-02,r,bob dold,house,IL,10
1439,2010-11-02,r,adam kinzinger,house,IL,11
1440,2010-11-02,d,jerry costello,house,IL,12
1441,2010-11-02,r,judy biggert,house,IL,13
1442,2010-11-02,r,randy hultgren,house,IL,14
1443,2010-11-02,r,tim johnson,house,IL,15
1444,2010-11-02,r,don manzullo,house,IL,16
1445,2010-11-02,r,bobby schilling,house,IL,17
1446,2010-11-02,r,aaron schock,house,IL,18
1447,2010-11-02,r,john shimkus,house,IL,19
1448,2010-11-02,d,pete visclosky,house,IN,1
1449,2010-11-02,d,joe donnelly,house,IN,2
1450,2010-11-02,r,marlin stutzman,house,IN,3
1451,2010-11-02,r,todd rokita,house,IN,4
1452,2010-11-02,r,dan burton,house,IN,5
1453,2010-11-02,r,mike pence,house,IN,6
1454,2010-11-02,d,andre carson,house,IN,7
1455,2010-11-02,r,larry bucshon,house,IN,8
1456,2010-11-02,r,todd young,house,IN,9
1457,2010-11-02,d,bruce braley,house,IA,1
1458,2010-11-02,d,david loebsack,house,IA,2
1459,2010-11-02,d,leonard boswell,house,IA,3
1460,2010-11-02,r,tom latham,house,IA,4
1461,2010-11-02,r,steve king,house,IA,5
1462,2010-11-02,r,tim huelskamp,house,KS,1
1463,2010-11-02,r,lynn jenkins,house,KS,2
1464,2010-11-02,r,kevin yoder,house,KS,3
1465,2010-11-02,r,mike pompeo,house,KS,4
1466,2010-11-02,r,ed whitfield,house,KY,1
1467,2010-11-02,r,brett guthrie,house,KY,2
1468,2010-11-02,d,john yarmuth,house,KY,3
1469,2010-11-02,r,geoff davis,house,KY,4
1470,2012-11-13,r,thomas massie,house,KY,4
1471,2010-11-02,r,hal rogers,house,KY,5
1472,2010-11-02,d,ben chandler,house,KY,6
1473,2010-11-02,r,steve scalise,house,LA,1
1474,2010-11-02,d,cedric richmond,house,LA,2
1475,2010-11-02,r,jeff landry,house,LA,3
1476,2010-11-02,r,john fleming,house,LA,4
1477,2010-11-02,r,rodney alexander,house,LA,5
1478,2010-11-02,r,bill cassidy,house,LA,6
1479,2010-11-02,r,charles boustany,house,LA,7
1480,2010-11-02,d,chellie pingree,house,ME,1
1481,2010-11-02,d,mike michaud,house,ME,2
1482,2010-11-02,d,dutch ruppersberger,house,MD,2
1483,2010-11-02,d,john sarbanes,house,MD,3
1484,2010-11-02,d,donna edwards,house,MD,4
1485,2010-11-02,d,steny hoyer,house,MD,5
1486,2010-11-02,r,roscoe bartlett,house,MD,6
1487,2010-11-02,d,elijah cummings,house,MD,7
1488,2010-11-02,d,chris van hollen,house,MD,8
1489,2010-11-02,d,john olver,house,MA,1
1490,2010-11-02,d,richard neal,house,MA,2
1491,2010-11-02,d,jim mcgovern,house,MA,3
1492,2010-11-02,d,barney frank,house,MA,4
1493,2010-11-02,d,niki tsongas,house,MA,5
1494,2010-11-02,d,ed markey,house,MA,7
1495,2010-11-02,d,mike capuano,house,MA,8
1496,2010-11-02,d,stephen lynch,house,MA,9
1497,2010-11-02,r,dan benishek,house,MI,1
1498,2010-11-02,r,bill huizenga,house,MI,2
1499,2010-11-02,r,justin amash,house,MI,3
1500,2010-11-02,r,dave camp,house,MI,4
1501,2010-11-02,d,dale kildee,house,MI,5
1502,2010-11-02,r,fred upton,house,MI,6
1503,2010-11-02,r,tim walberg,house,MI,7
1504,2010-11-02,d,gary peters,house,MI,9
1505,2010-11-02,r,candice miller,house,MI,10
1506,2010-11-02,r,thaddeus mccotter,house,MI,11
1507,2012-11-06,d,david curson,house,MI,11
1508,2010-11-02,d,hansen clarke,house,MI,13
1509,2010-11-02,d,john conyers,house,MI,14
1510,2010-11-02,d,john dingell,house,MI,15
1511,2010-11-02,d,tim walz,house,MN,1
1512,2010-11-02,r,john kline,house,MN,2
1513,2010-11-02,r,erik paulsen,house,MN,3
1514,2010-11-02,d,betty mccollum,house,MN,4
1515,2010-11-02,d,keith ellison,house,MN,5
1516,2010-11-02,r,michele bachmann,house,MN,6
1517,2010-11-02,d,collin peterson,house,MN,7
1518,2010-11-02,r,chip cravaack,house,MN,8
1519,2010-11-02,r,alan nunnelee,house,MS,1
1520,2010-11-02,d,bennie thompson,house,MS,2
1521,2010-11-02,r,gregg harper,house,MS,3
1522,2010-11-02,r,steven palazzo,house,MS,4
1523,2010-11-02,d,lacy clay,house,MO,1
1524,2010-11-02,r,todd akin,house,MO,2
1525,2010-11-02,d,russ carnahan,house,MO,3
1526,2010-11-02,r,vicky hartzler,house,MO,4
1527,2010-11-02,d,emanuel cleaver,house,MO,5
1528,2010-11-02,r,sam graves,house,MO,6
1529,2010-11-02,r,jo ann emerson,house,MO,8
1530,2010-11-02,r,blaine luetkemeyer,house,MO,9
1531,2010-11-02,r,denny rehberg,house,MT,0
1532,2010-11-02,r,jeff fortenberry,house,NE,1
1533,2010-11-02,r,lee terry,house,NE,2
1534,2010-11-02,r,adrian smith,house,NE,3
1535,2010-11-02,d,shelley berkley,house,NV,1
1536,2010-11-02,r,dean heller,house,NV,2
1537,2011-09-13,r,mark amodei,house,NV,2
1538,2010-11-02,r,joe heck,house,NV,3
1539,2010-11-02,r,frank guinta,house,NH,1
1540,2010-11-02,r,charles bass,house,NH,2
1541,2010-11-02,d,rob andrews,house,NJ,1
1542,2010-11-02,r,frank lobiondo,house,NJ,2
1543,2010-11-02,r,jon runyan,house,NJ,3
1544,2010-11-02,r,chris smith,house,NJ,4
1545,2010-11-02,r,scott garrett,house,NJ,5
1546,2010-11-02,d,frank pallone,house,NJ,6
1547,2010-11-02,r,leonard lance,house,NJ,7
1548,2010-11-02,d,bill pascrell,house,NJ,8
1549,2010-11-02,d,steve rothman,house,NJ,9
1551,2010-11-02,r,rodney frelinghuysen,house,NJ,11
1552,2010-11-02,d,rush holt jr,house,NJ,12
1553,2010-11-02,d,albio sires,house,NJ,13
1554,2010-11-02,d,martin heinrich,house,NM,1
1555,2010-11-02,r,steve pearce,house,NM,2
1556,2010-11-02,d,tim bishop,house,NY,1
1557,2010-11-02,d,steve israel,house,NY,2
1558,2010-11-02,d,carolyn mccarthy,house,NY,4
1559,2010-11-02,d,gary ackerman,house,NY,5
1560,2010-11-02,d,gregory meeks,house,NY,6
1561,2010-11-02,d,joseph crowley,house,NY,7
1562,2010-11-02,d,jerrold nadler,house,NY,8
1563,2010-11-02,d,anthony weiner,house,NY,9
1564,2011-09-13,r,bob turner,house,NY,9
1565,2010-11-02,d,edolphus towns,house,NY,10
1566,2010-11-02,d,yvette clarke,house,NY,11
1567,2010-11-02,d,nydia velazquez,house,NY,12
1568,2010-11-02,r,michael grimm,house,NY,13
1569,2010-11-02,d,carolyn maloney,house,NY,14
1570,2010-11-02,d,jose e serrano,house,NY,16
1571,2010-11-02,d,eliot engel,house,NY,17
1572,2010-11-02,d,nita lowey,house,NY,18
1573,2010-11-02,r,nan hayworth,house,NY,19
1574,2010-11-02,r,chris gibson,house,NY,20
1575,2010-11-02,d,paul tonko,house,NY,21
1576,2010-11-02,d,maurice hinchey,house,NY,22
1577,2010-11-02,d,bill owens,house,NY,23
1578,2010-11-02,r,ann marie buerkle,house,NY,25
1579,2010-11-02,r,chris lee,house,NY,26
1580,2011-05-24,d,kathy hochul,house,NY,26
1581,2010-11-02,d,brian higgins,house,NY,27
1582,2010-11-02,d,louise slaughter,house,NY,28
1583,2010-11-02,r,tom reed,house,NY,29
1584,2010-11-02,d,g k butterfield,house,NC,1
1585,2010-11-02,r,renee ellmers,house,NC,2
1586,2010-11-02,r,walter b jones jr,house,NC,3
1587,2010-11-02,d,david price,house,NC,4
1588,2010-11-02,r,virginia foxx,house,NC,5
1589,2010-11-02,r,howard coble,house,NC,6
1590,2010-11-02,d,mike mcintyre,house,NC,7
1591,2010-11-02,d,larry kissell,house,NC,8
1592,2010-11-02,r,sue myrick,house,NC,9
1593,2010-11-02,r,patrick mchenry,house,NC,10
1594,2010-11-02,d,heath shuler,house,NC,11
1595,2010-11-02,d,mel watt,house,NC,12
1596,2010-11-02,d,brad miller,house,NC,13
1597,2010-11-02,r,rick berg,house,ND,0
1598,2010-11-02,r,steve chabot,house,OH,1
1599,2010-11-02,r,jean schmidt,house,OH,2
1600,2010-11-02,r,mike turner,house,OH,3
1601,2010-11-02,r,jim jordan,house,OH,4
1602,2010-11-02,r,bob latta,house,OH,5
1603,2010-11-02,r,bill johnson,house,OH,6
1604,2010-11-02,r,steve austria,house,OH,7
1605,2010-11-02,r,john boehner,house,OH,8
1606,2010-11-02,d,marcy kaptur,house,OH,9
1607,2010-11-02,d,dennis kucinich,house,OH,10
1608,2010-11-02,d,marcia fudge,house,OH,11
1609,2010-11-02,r,pat tiberi,house,OH,12
1610,2010-11-02,d,betty sutton,house,OH,13
1611,2010-11-02,r,steve latourette,house,OH,14
1612,2010-11-02,r,steve stivers,house,OH,15
1613,2010-11-02,r,jim renacci,house,OH,16
1614,2010-11-02,d,tim ryan,house,OH,17
1615,2010-11-02,r,bob gibbs,house,OH,18
1616,2010-11-02,r,john sullivan,house,OK,1
1617,2010-11-02,d,dan boren,house,OK,2
1618,2010-11-02,r,frank lucas,house,OK,3
1619,2010-11-02,r,tom cole,house,OK,4
1620,2010-11-02,r,james lankford,house,OK,5
1621,2010-11-02,d,david wu,house,OR,1
1622,2012-01-31,d,suzanne bonamici,house,OR,1
1623,2010-11-02,r,greg walden,house,OR,2
1624,2010-11-02,d,earl blumenauer,house,OR,3
1625,2010-11-02,d,peter defazio,house,OR,4
1626,2010-11-02,d,kurt schrader,house,OR,5
1627,2010-11-02,d,bob brady,house,PA,1
1628,2010-11-02,d,chaka fattah,house,PA,2
1629,2010-11-02,r,mike kelly,house,PA,3
1630,2010-11-02,d,jason altmire,house,PA,4
1631,2010-11-02,r,glenn thompson,house,PA,5
1632,2010-11-02,r,jim gerlach,house,PA,6
1633,2010-11-02,r,pat meehan,house,PA,7
1634,2010-11-02,r,mike fitzpatrick,house,PA,8
1635,2010-11-02,r,bill shuster,house,PA,9
1636,2010-11-02,r,tom marino,house,PA,10
1637,2010-11-02,r,lou barletta,house,PA,11
1638,2010-11-02,d,mark critz,house,PA,12
1639,2010-11-02,d,allyson schwartz,house,PA,13
1640,2010-11-02,r,charlie dent,house,PA,15
1641,2010-11-02,d,tim holden,house,PA,17
1642,2010-11-02,d,david cicilline,house,RI,1
1643,2010-11-02,d,james langevin,house,RI,2
1644,2010-11-02,r,tim scott,house,SC,1
1645,2010-11-02,r,joe wilson,house,SC,2
1646,2010-11-02,r,jeff duncan,house,SC,3
1647,2010-11-02,r,trey gowdy,house,SC,4
1648,2010-11-02,r,mick mulvaney,house,SC,5
1649,2010-11-02,d,jim clyburn,house,SC,6
1650,2010-11-02,r,kristi noem,house,SD,0
1651,2010-11-02,r,phil roe,house,TN,1
1652,2010-11-02,r,jimmy duncan,house,TN,2
1653,2010-11-02,r,chuck fleischmann,house,TN,3
1654,2010-11-02,r,scott desjarlais,house,TN,4
1655,2010-11-02,d,jim cooper,house,TN,5
1656,2010-11-02,r,diane black,house,TN,6
1657,2010-11-02,r,marsha blackburn,house,TN,7
1658,2010-11-02,r,stephen fincher,house,TN,8
1659,2010-11-02,d,steve cohen,house,TN,9
1660,2010-11-02,r,louie gohmert,house,TX,1
1661,2010-11-02,r,ted poe,house,TX,2
1662,2010-11-02,r,sam johnson,house,TX,3
1663,2010-11-02,r,ralph hall,house,TX,4
1664,2010-11-02,r,jeb hensarling,house,TX,5
1665,2010-11-02,r,joe barton,house,TX,6
1666,2010-11-02,r,john culberson,house,TX,7
1667,2010-11-02,r,kevin brady,house,TX,8
1668,2010-11-02,d,al green,house,TX,9
1669,2010-11-02,r,michael mccaul,house,TX,10
1670,2010-11-02,r,mike conaway,house,TX,11
1671,2010-11-02,r,kay granger,house,TX,12
1672,2010-11-02,r,mac thornberry,house,TX,13
1673,2010-11-02,r,ron paul,house,TX,14
1674,2010-11-02,d,ruben hinojosa,house,TX,15
1675,2010-11-02,d,silvestre reyes,house,TX,16
1676,2010-11-02,r,bill flores,house,TX,17
1677,2010-11-02,d,sheila jackson lee,house,TX,18
1678,2010-11-02,r,randy neugebauer,house,TX,19
1679,2010-11-02,d,charlie gonzalez,house,TX,20
1680,2010-11-02,r,pete olson,house,TX,22
1681,2010-11-02,r,quico canseco,house,TX,23
1682,2010-11-02,r,kenny marchant,house,TX,24
1683,2010-11-02,d,lloyd doggett,house,TX,25
1684,2010-11-02,r,blake farenthold,house,TX,27
1685,2010-11-02,d,henry cuellar,house,TX,28
1686,2010-11-02,d,gene green,house,TX,29
1687,2010-11-02,d,eddie bernice johnson,house,TX,30
1688,2010-11-02,r,john carter,house,TX,31
1689,2010-11-02,r,pete sessions,house,TX,32
1690,2010-11-02,r,rob bishop,house,UT,1
1691,2010-11-02,d,jim matheson,house,UT,2
1692,2010-11-02,r,jason chaffetz,house,UT,3
1693,2010-11-02,d,peter welch,house,VT,0
1694,2010-11-02,r,rob wittman,house,VA,1
1695,2010-11-02,r,scott rigell,house,VA,2
1696,2010-11-02,d,bobby scott,house,VA,3
1697,2010-11-02,r,randy forbes,house,VA,4
1698,2010-11-02,r,robert hurt,house,VA,5
1699,2010-11-02,r,bob goodlatte,house,VA,6
1700,2010-11-02,r,eric cantor,house,VA,7
1701,2010-11-02,d,jim moran,house,VA,8
1702,2010-11-02,r,morgan griffith,house,VA,9
1703,2010-11-02,r,frank wolf,house,VA,10
1704,2010-11-02,d,gerry connolly,house,VA,11
1705,2010-11-02,d,jay inslee,house,WA,1
1707,2010-11-02,d,rick larsen,house,WA,2
1708,2010-11-02,r,jaime herrera beutler,house,WA,3
1709,2010-11-02,r,doc hastings,house,WA,4
1710,2010-11-02,r,cathy mcmorris rodgers,house,WA,5
1711,2010-11-02,d,jim mcdermott,house,WA,7
1712,2010-11-02,r,dave reichert,house,WA,8
1713,2010-11-02,d,adam smith,house,WA,9
1714,2010-11-02,r,david mckinley,house,WV,1
1715,2010-11-02,r,shelley moore capito,house,WV,2
1716,2010-11-02,d,nick rahall,house,WV,3
1717,2010-11-02,r,paul ryan,house,WI,1
1718,2010-11-02,d,tammy baldwin,house,WI,2
1719,2010-11-02,d,ron kind,house,WI,3
1720,2010-11-02,d,gwen moore,house,WI,4
1721,2010-11-02,r,jim sensenbrenner,house,WI,5
1722,2010-11-02,r,tom petri,house,WI,6
1723,2010-11-02,r,sean duffy,house,WI,7
1724,2010-11-02,r,reid ribble,house,WI,8
1725,2010-11-02,r,cynthia lummis,house,WY,0
