,Date,Party,Name,Chamber,State
0,2017-02-09,r,luther strange,senate,AL
1,2018-01-03,d,doug jones,senate,AL
2,2016-11-08,r,richard shelby,senate,AL
3,2016-11-08,r,lisa murkowski,senate,AK
4,2016-11-08,r,john mccain,senate,AZ
5,2018-09-04,r,jon kyl,senate,AZ
6,2016-11-08,r,john boozman,senate,AR
7,2016-11-08,d,kamala harris,senate,CA
8,2016-11-08,d,michael bennet,senate,CO
9,2016-11-08,d,richard blumenthal,senate,CT
10,2016-11-08,r,marco rubio,senate,FL
11,2016-11-08,r,johnny isakson,senate,GA
12,2016-11-08,d,brian schatz,senate,HI
13,2016-11-08,r,mike crapo,senate,ID
14,2016-11-08,d,tammy duckworth,senate,IL
15,2016-11-08,r,todd young,senate,IN
16,2016-11-08,r,chuck grassley,senate,IA
17,2016-11-08,r,jerry moran,senate,KS
18,2016-11-08,r,rand paul,senate,KY
19,2016-11-08,r,john kennedy,senate,LA
20,2016-11-08,d,chris van hollen,senate,MD
21,2018-01-03,d,tina smith,senate,MN
22,2018-04-02,r,cindy hyde-smith,senate,MS
23,2016-11-08,r,roy blunt,senate,MO
24,2016-11-08,d,catherine cortez masto,senate,NV
25,2016-11-08,d,maggie hassan,senate,NH
26,2016-11-08,d,chuck schumer,senate,NY
27,2016-11-08,r,richard burr,senate,NC
28,2016-11-08,r,john hoeven,senate,ND
29,2016-11-08,r,rob portman,senate,OH
30,2016-11-08,r,james lankford,senate,OK
31,2016-11-08,d,ron wyden,senate,OR
32,2016-11-08,r,pat toomey,senate,PA
33,2016-11-08,r,tim scott,senate,SC
34,2016-11-08,r,john thune,senate,SD
35,2016-11-08,r,mike lee,senate,UT
36,2016-11-08,d,patrick leahy,senate,VT
37,2016-11-08,d,patty murray,senate,WA
38,2016-11-08,r,ron johnson,senate,WI
39,2016-11-08,r,bradley byrne,house,AL
40,2016-11-08,r,martha roby,house,AL
41,2016-11-08,r,mike rogers,house,AL
42,2016-11-08,r,robert aderholt,house,AL
43,2016-11-08,r,mo brooks,house,AL
44,2016-11-08,r,gary palmer,house,AL
45,2016-11-08,d,terri sewell,house,AL
46,2016-11-08,r,don young,house,AK
47,2016-11-08,d,tom o'halleran,house,AZ
48,2016-11-08,r,martha mcsally,house,AZ
49,2016-11-08,d,raul grijalva,house,AZ
50,2016-11-08,r,paul gosar,house,AZ
51,2016-11-08,r,andy biggs,house,AZ
52,2016-11-08,r,david schweikert,house,AZ
53,2016-11-08,d,ruben gallego,house,AZ
54,2016-11-08,r,trent franks,house,AZ
55,2018-04-24,r,debbie lesko,house,AZ
56,2016-11-08,d,kyrsten sinema,house,AZ
57,2016-11-08,r,rick crawford,house,AR
58,2016-11-08,r,french hill,house,AR
59,2016-11-08,r,steve womack,house,AR
60,2016-11-08,r,bruce westerman,house,AR
61,2016-11-08,r,doug lamalfa,house,CA
62,2016-11-08,d,jared huffman,house,CA
63,2016-11-08,d,john garamendi,house,CA
64,2016-11-08,r,tom mcclintock,house,CA
65,2016-11-08,d,mike thompson,house,CA
66,2016-11-08,d,doris matsui,house,CA
67,2016-11-08,d,ami bera,house,CA
68,2016-11-08,r,paul cook,house,CA
69,2016-11-08,d,jerry mcnerney,house,CA
70,2016-11-08,r,jeff denham,house,CA
71,2016-11-08,d,mark desaulnier,house,CA
72,2016-11-08,d,nancy pelosi,house,CA
73,2016-11-08,d,barbara lee,house,CA
74,2016-11-08,d,jackie speier,house,CA
75,2016-11-08,d,eric swalwell,house,CA
76,2016-11-08,d,jim costa,house,CA
77,2016-11-08,d,ro khanna,house,CA
78,2016-11-08,d,anna eshoo,house,CA
79,2016-11-08,d,zoe lofgren,house,CA
80,2016-11-08,d,jimmy panetta,house,CA
81,2016-11-08,r,david valadao,house,CA
82,2016-11-08,r,devin nunes,house,CA
83,2016-11-08,r,kevin mccarthy,house,CA
84,2016-11-08,d,salud carbajal,house,CA
85,2016-11-08,r,steve knight,house,CA
86,2016-11-08,d,julia brownley,house,CA
87,2016-11-08,d,judy chu,house,CA
88,2016-11-08,d,adam schiff,house,CA
89,2016-11-08,d,tony cardenas,house,CA
90,2016-11-08,d,brad sherman,house,CA
91,2016-11-08,d,pete aguilar,house,CA
92,2016-11-08,d,grace napolitano,house,CA
93,2016-11-08,d,ted lieu,house,CA
94,2016-11-08,d,xavier becerra,house,CA
95,2017-06-06,d,jimmy gomez,house,CA
96,2016-11-08,d,norma torres,house,CA
97,2016-11-08,d,raul ruiz,house,CA
98,2016-11-08,d,karen bass,house,CA
99,2016-11-08,d,linda sanchez,house,CA
100,2016-11-08,r,ed royce,house,CA
101,2016-11-08,d,lucille roybal-allard,house,CA
102,2016-11-08,d,mark takano,house,CA
103,2016-11-08,r,ken calvert,house,CA
104,2016-11-08,d,maxine waters,house,CA
105,2016-11-08,d,nanette barragan,house,CA
106,2016-11-08,r,mimi walters,house,CA
107,2016-11-08,d,lou correa,house,CA
108,2016-11-08,d,alan lowenthal,house,CA
109,2016-11-08,r,dana rohrabacher,house,CA
110,2016-11-08,r,darrell issa,house,CA
111,2016-11-08,r,duncan d. hunter,house,CA
112,2016-11-08,d,juan vargas,house,CA
113,2016-11-08,d,scott peters,house,CA
114,2016-11-08,d,susan davis,house,CA
115,2016-11-08,d,diana degette,house,CO
116,2016-11-08,d,jared polis,house,CO
117,2016-11-08,r,scott tipton,house,CO
118,2016-11-08,r,ken buck,house,CO
119,2016-11-08,r,doug lamborn,house,CO
120,2016-11-08,r,mike coffman,house,CO
121,2016-11-08,d,ed perlmutter,house,CO
122,2016-11-08,d,john b. larson,house,CT
123,2016-11-08,d,joe courtney,house,CT
124,2016-11-08,d,rosa delauro,house,CT
125,2016-11-08,d,jim himes,house,CT
126,2016-11-08,d,elizabeth esty,house,CT
127,2016-11-08,d,lisa blunt rochester,house,DE
128,2016-11-08,r,matt gaetz,house,FL
129,2016-11-08,r,neal dunn,house,FL
130,2016-11-08,r,ted yoho,house,FL
131,2016-11-08,r,john rutherford,house,FL
132,2016-11-08,d,al lawson,house,FL
133,2016-11-08,r,ron desantis,house,FL
134,2016-11-08,d,stephanie murphy,house,FL
135,2016-11-08,r,bill posey,house,FL
136,2016-11-08,d,darren soto,house,FL
137,2016-11-08,d,val demings,house,FL
138,2016-11-08,r,daniel webster,house,FL
139,2016-11-08,r,gus bilirakis,house,FL
140,2016-11-08,d,charlie crist,house,FL
141,2016-11-08,d,kathy castor,house,FL
142,2016-11-08,r,dennis a. ross,house,FL
143,2016-11-08,r,vern buchanan,house,FL
144,2016-11-08,r,tom rooney,house,FL
145,2016-11-08,r,brian mast,house,FL
146,2016-11-08,r,francis rooney,house,FL
147,2016-11-08,d,alcee hastings,house,FL
148,2016-11-08,d,lois frankel,house,FL
149,2016-11-08,d,ted deutch,house,FL
150,2016-11-08,d,debbie wasserman schultz,house,FL
151,2016-11-08,d,frederica wilson,house,FL
152,2016-11-08,r,mario diaz-balart,house,FL
153,2016-11-08,r,carlos curbelo,house,FL
154,2016-11-08,r,ileana ros-lehtinen,house,FL
155,2016-11-08,r,buddy carter,house,GA
156,2016-11-08,d,sanford bishop,house,GA
157,2016-11-08,r,drew ferguson,house,GA
158,2016-11-08,d,hank johnson,house,GA
159,2016-11-08,d,john lewis,house,GA
160,2016-11-08,r,tom price,house,GA
161,2017-06-20,r,karen handel,house,GA
162,2016-11-08,r,rob woodall,house,GA
163,2016-11-08,r,austin scott,house,GA
164,2016-11-08,r,doug collins,house,GA
165,2016-11-08,r,jody hice,house,GA
166,2016-11-08,r,barry loudermilk,house,GA
167,2016-11-08,r,rick w. allen,house,GA
168,2016-11-08,d,david scott,house,GA
169,2016-11-08,r,tom graves,house,GA
170,2016-11-08,d,colleen hanabusa,house,HI
171,2016-11-08,d,tulsi gabbard,house,HI
172,2016-11-08,r,raul labrador,house,ID
173,2016-11-08,r,mike simpson,house,ID
174,2016-11-08,d,bobby rush,house,IL
175,2016-11-08,d,robin kelly,house,IL
176,2016-11-08,d,dan lipinski,house,IL
177,2016-11-08,d,luis gutierrez,house,IL
178,2016-11-08,d,mike quigley,house,IL
179,2016-11-08,r,peter roskam,house,IL
180,2016-11-08,d,danny k. davis,house,IL
181,2016-11-08,d,raja krishnamoorthi,house,IL
182,2016-11-08,d,jan schakowsky,house,IL
183,2016-11-08,d,brad schneider,house,IL
184,2016-11-08,d,bill foster,house,IL
185,2016-11-08,r,mike bost,house,IL
186,2016-11-08,r,rodney davis,house,IL
187,2016-11-08,r,randy hultgren,house,IL
188,2016-11-08,r,john shimkus,house,IL
189,2016-11-08,r,adam kinzinger,house,IL
190,2016-11-08,d,cheri bustos,house,IL
191,2016-11-08,r,darin lahood,house,IL
192,2016-11-08,d,pete visclosky,house,IN
193,2016-11-08,r,jackie walorski,house,IN
194,2016-11-08,r,jim banks,house,IN
195,2016-11-08,r,todd rokita,house,IN
196,2016-11-08,r,susan brooks,house,IN
197,2016-11-08,r,luke messer,house,IN
198,2016-11-08,d,andre carson,house,IN
199,2016-11-08,r,larry bucshon,house,IN
200,2016-11-08,r,trey hollingsworth,house,IN
201,2016-11-08,r,rod blum,house,IA
202,2016-11-08,d,dave loebsack,house,IA
203,2016-11-08,r,david young,house,IA
204,2016-11-08,r,steve king,house,IA
205,2016-11-08,r,roger marshall,house,KS
206,2016-11-08,r,lynn jenkins,house,KS
207,2016-11-08,r,kevin yoder,house,KS
208,2016-11-08,r,mike pompeo,house,KS
209,2017-04-11,r,ron estes,house,KS
210,2016-11-08,r,james comer,house,KY
211,2016-11-08,r,brett guthrie,house,KY
212,2016-11-08,d,john yarmuth,house,KY
213,2016-11-08,r,thomas massie,house,KY
214,2016-11-08,r,hal rogers,house,KY
215,2016-11-08,r,andy barr,house,KY
216,2016-11-08,r,steve scalise,house,LA
217,2016-11-08,d,cedric richmond,house,LA
218,2016-11-08,r,clay higgins,house,LA
219,2016-11-08,r,mike johnson,house,LA
220,2016-11-08,r,ralph abraham,house,LA
221,2016-11-08,r,garret graves,house,LA
222,2016-11-08,d,chellie pingree,house,ME
223,2016-11-08,r,bruce poliquin,house,ME
224,2016-11-08,r,andy harris,house,MD
225,2016-11-08,d,dutch ruppersberger,house,MD
226,2016-11-08,d,john sarbanes,house,MD
227,2016-11-08,d,anthony g. brown,house,MD
228,2016-11-08,d,steny hoyer,house,MD
229,2016-11-08,d,john delaney,house,MD
230,2016-11-08,d,elijah cummings,house,MD
231,2016-11-08,d,jamie raskin,house,MD
232,2016-11-08,d,richard neal,house,MA
233,2016-11-08,d,jim mcgovern,house,MA
234,2016-11-08,d,niki tsongas,house,MA
235,2016-11-08,d,joseph p. kennedy iii,house,MA
236,2016-11-08,d,katherine clark,house,MA
237,2016-11-08,d,seth moulton,house,MA
238,2016-11-08,d,mike capuano,house,MA
239,2016-11-08,d,stephen f. lynch,house,MA
240,2016-11-08,d,bill keating,house,MA
241,2016-11-08,r,jack bergman,house,MI
242,2016-11-08,r,bill huizenga,house,MI
243,2016-11-08,r,justin amash,house,MI
244,2016-11-08,r,john moolenaar,house,MI
245,2016-11-08,d,dan kildee,house,MI
246,2016-11-08,r,fred upton,house,MI
247,2016-11-08,r,tim walberg,house,MI
248,2016-11-08,r,mike bishop,house,MI
249,2016-11-08,d,sander levin,house,MI
250,2016-11-08,r,paul mitchell,house,MI
251,2016-11-08,r,dave trott,house,MI
252,2016-11-08,d,debbie dingell,house,MI
253,2016-11-08,d,john conyers,house,MI
254,2016-11-08,d,brenda lawrence,house,MI
255,2016-11-08,d,tim walz,house,MN
256,2016-11-08,r,jason lewis,house,MN
257,2016-11-08,r,erik paulsen,house,MN
258,2016-11-08,d,betty mccollum,house,MN
259,2016-11-08,d,keith ellison,house,MN
260,2016-11-08,r,tom emmer,house,MN
261,2016-11-08,d,collin peterson,house,MN
262,2016-11-08,d,rick nolan,house,MN
263,2016-11-08,r,trent kelly,house,MS
264,2016-11-08,d,bennie thompson,house,MS
265,2016-11-08,r,gregg harper,house,MS
266,2016-11-08,r,steven palazzo,house,MS
267,2016-11-08,d,lacy clay,house,MO
268,2016-11-08,r,ann wagner,house,MO
269,2016-11-08,r,blaine luetkemeyer,house,MO
270,2016-11-08,r,vicky hartzler,house,MO
271,2016-11-08,d,emanuel cleaver,house,MO
272,2016-11-08,r,sam graves,house,MO
273,2016-11-08,r,billy long,house,MO
274,2016-11-08,r,jason t. smith,house,MO
275,2016-11-08,r,ryan zinke,house,MT
276,2017-05-25,r,greg gianforte,house,MT
277,2016-11-08,r,jeff fortenberry,house,NE
278,2016-11-08,r,don bacon,house,NE
279,2016-11-08,r,adrian smith,house,NE
280,2016-11-08,d,dina titus,house,NV
281,2016-11-08,r,mark amodei,house,NV
282,2016-11-08,d,jacky rosen,house,NV
283,2016-11-08,d,ruben kihuen,house,NV
284,2016-11-08,d,carol shea-porter,house,NH
285,2016-11-08,d,ann mclane kuster,house,NH
286,2016-11-08,d,donald norcross,house,NJ
287,2016-11-08,r,frank lobiondo,house,NJ
288,2016-11-08,r,tom macarthur,house,NJ
289,2016-11-08,r,chris smith,house,NJ
290,2016-11-08,d,josh gottheimer,house,NJ
291,2016-11-08,d,frank pallone,house,NJ
292,2016-11-08,r,leonard lance,house,NJ
293,2016-11-08,d,albio sires,house,NJ
294,2016-11-08,d,bill pascrell,house,NJ
295,2016-11-08,d,donald payne jr.,house,NJ
296,2016-11-08,r,rodney frelinghuysen,house,NJ
297,2016-11-08,d,bonnie watson coleman,house,NJ
298,2016-11-08,d,michelle lujan grisham,house,NM
299,2016-11-08,r,steve pearce,house,NM
300,2016-11-08,d,ben ray lujan,house,NM
301,2016-11-08,r,lee zeldin,house,NY
302,2016-11-08,r,peter t. king,house,NY
303,2016-11-08,d,thomas suozzi,house,NY
304,2016-11-08,d,kathleen rice,house,NY
305,2016-11-08,d,gregory meeks,house,NY
306,2016-11-08,d,grace meng,house,NY
307,2016-11-08,d,nydia velazquez,house,NY
308,2016-11-08,d,hakeem jeffries,house,NY
309,2016-11-08,d,yvette clarke,house,NY
310,2016-11-08,d,jerrold nadler,house,NY
311,2016-11-08,r,dan donovan,house,NY
312,2016-11-08,d,carolyn maloney,house,NY
313,2016-11-08,d,adriano espaillat,house,NY
314,2016-11-08,d,joseph crowley,house,NY
315,2016-11-08,d,jose e. serrano,house,NY
316,2016-11-08,d,eliot engel,house,NY
317,2016-11-08,d,nita lowey,house,NY
318,2016-11-08,d,sean patrick maloney,house,NY
319,2016-11-08,r,john faso,house,NY
320,2016-11-08,d,paul tonko,house,NY
321,2016-11-08,r,elise stefanik,house,NY
322,2016-11-08,r,claudia tenney,house,NY
323,2016-11-08,r,tom reed,house,NY
324,2016-11-08,r,john katko,house,NY
325,2016-11-08,d,louise slaughter,house,NY
326,2016-11-08,d,brian higgins,house,NY
327,2016-11-08,r,chris collins,house,NY
328,2016-11-08,d,g. k. butterfield,house,NC
329,2016-11-08,r,george holding,house,NC
330,2016-11-08,r,walter b. jones jr.,house,NC
331,2016-11-08,d,david price,house,NC
332,2016-11-08,r,virginia foxx,house,NC
333,2016-11-08,r,mark walker,house,NC
334,2016-11-08,r,david rouzer,house,NC
335,2016-11-08,r,richard hudson,house,NC
336,2016-11-08,r,robert pittenger,house,NC
337,2016-11-08,r,patrick mchenry,house,NC
338,2016-11-08,r,mark meadows,house,NC
339,2016-11-08,d,alma adams,house,NC
340,2016-11-08,r,ted budd,house,NC
341,2016-11-08,r,kevin cramer,house,ND
342,2016-11-08,r,steve chabot,house,OH
343,2016-11-08,r,brad wenstrup,house,OH
344,2016-11-08,d,joyce beatty,house,OH
345,2016-11-08,r,jim jordan,house,OH
346,2016-11-08,r,bob latta,house,OH
347,2016-11-08,r,bill johnson,house,OH
348,2016-11-08,r,bob gibbs,house,OH
349,2016-11-08,r,warren davidson,house,OH
350,2016-11-08,d,marcy kaptur,house,OH
351,2016-11-08,r,mike turner,house,OH
352,2016-11-08,d,marcia fudge,house,OH
353,2016-11-08,r,pat tiberi,house,OH
354,2018-08-07,r,troy balderson,house,OH
355,2016-11-08,d,tim ryan,house,OH
356,2016-11-08,r,david joyce,house,OH
357,2016-11-08,r,steve stivers,house,OH
358,2016-11-08,r,jim renacci,house,OH
359,2016-11-08,r,jim bridenstine,house,OK
360,2016-11-08,r,markwayne mullin,house,OK
361,2016-11-08,r,frank lucas,house,OK
362,2016-11-08,r,tom cole,house,OK
363,2016-11-08,r,steve russell,house,OK
364,2016-11-08,d,suzanne bonamici,house,OR
365,2016-11-08,r,greg walden,house,OR
366,2016-11-08,d,earl blumenauer,house,OR
367,2016-11-08,d,peter defazio,house,OR
368,2016-11-08,d,kurt schrader,house,OR
369,2016-11-08,d,bob brady,house,PA
370,2016-11-08,d,dwight evans,house,PA
371,2016-11-08,r,mike kelly,house,PA
372,2016-11-08,r,scott perry,house,PA
373,2016-11-08,r,glenn thompson,house,PA
374,2016-11-08,r,ryan costello,house,PA
375,2016-11-08,r,pat meehan,house,PA
376,2016-11-08,r,brian fitzpatrick,house,PA
377,2016-11-08,r,bill shuster,house,PA
378,2016-11-08,r,tom marino,house,PA
379,2016-11-08,r,lou barletta,house,PA
380,2016-11-08,r,keith rothfus,house,PA
381,2016-11-08,d,brendan boyle,house,PA
382,2016-11-08,d,michael f. doyle,house,PA
383,2016-11-08,r,charlie dent,house,PA
384,2016-11-08,r,lloyd smucker,house,PA
385,2016-11-08,d,matt cartwright,house,PA
386,2016-11-08,r,tim murphy,house,PA
387,2018-03-13,d,conor lamb,house,PA
388,2016-11-08,d,david cicilline,house,RI
389,2016-11-08,d,james langevin,house,RI
390,2016-11-08,r,mark sanford,house,SC
391,2016-11-08,r,joe wilson,house,SC
392,2016-11-08,r,jeff duncan,house,SC
393,2016-11-08,r,trey gowdy,house,SC
394,2016-11-08,r,mick mulvaney,house,SC
395,2017-06-20,r,ralph norman,house,SC
396,2016-11-08,d,jim clyburn,house,SC
397,2016-11-08,r,tom rice,house,SC
398,2016-11-08,r,kristi noem,house,SD
399,2016-11-08,r,phil roe,house,TN
400,2016-11-08,r,jimmy duncan,house,TN
401,2016-11-08,r,chuck fleischmann,house,TN
402,2016-11-08,r,scott desjarlais,house,TN
403,2016-11-08,d,jim cooper,house,TN
404,2016-11-08,r,diane black,house,TN
405,2016-11-08,r,marsha blackburn,house,TN
406,2016-11-08,r,david kustoff,house,TN
407,2016-11-08,d,steve cohen,house,TN
408,2016-11-08,r,louie gohmert,house,TX
409,2016-11-08,r,ted poe,house,TX
410,2016-11-08,r,sam johnson,house,TX
411,2016-11-08,r,john ratcliffe,house,TX
412,2016-11-08,r,jeb hensarling,house,TX
413,2016-11-08,r,joe barton,house,TX
414,2016-11-08,r,john culberson,house,TX
415,2016-11-08,r,kevin brady,house,TX
416,2016-11-08,d,al green,house,TX
417,2016-11-08,r,michael mccaul,house,TX
418,2016-11-08,r,mike conaway,house,TX
419,2016-11-08,r,kay granger,house,TX
420,2016-11-08,r,mac thornberry,house,TX
421,2016-11-08,r,randy weber,house,TX
422,2016-11-08,d,vicente gonzalez,house,TX
423,2016-11-08,d,beto o'rourke,house,TX
424,2016-11-08,r,bill flores,house,TX
425,2016-11-08,d,sheila jackson lee,house,TX
426,2016-11-08,r,jodey arrington,house,TX
427,2016-11-08,d,joaquin castro,house,TX
428,2016-11-08,r,lamar s. smith,house,TX
429,2016-11-08,r,pete olson,house,TX
430,2016-11-08,r,will hurd,house,TX
431,2016-11-08,r,kenny marchant,house,TX
432,2016-11-08,r,roger williams,house,TX
433,2016-11-08,r,blake farenthold,house,TX
434,2018-06-30,r,michael cloud,house,TX
435,2016-11-08,d,henry cuellar,house,TX
436,2016-11-08,d,gene green,house,TX
437,2016-11-08,d,eddie bernice johnson,house,TX
438,2016-11-08,r,john carter,house,TX
439,2016-11-08,r,pete sessions,house,TX
440,2016-11-08,d,marc veasey,house,TX
441,2016-11-08,d,filemon vela jr.,house,TX
442,2016-11-08,d,lloyd doggett,house,TX
443,2016-11-08,r,brian babin,house,TX
444,2016-11-08,r,rob bishop,house,UT
445,2016-11-08,r,chris stewart,house,UT
446,2016-11-08,r,jason chaffetz,house,UT
447,2017-11-07,r,john curtis,house,UT
448,2016-11-08,r,mia love,house,UT
449,2016-11-08,d,peter welch,house,VT
450,2016-11-08,r,rob wittman,house,VA
451,2016-11-08,r,scott taylor,house,VA
452,2016-11-08,d,bobby scott,house,VA
453,2016-11-08,d,donald mceachin,house,VA
454,2016-11-08,r,tom garrett jr.,house,VA
455,2016-11-08,r,bob goodlatte,house,VA
456,2016-11-08,r,dave brat,house,VA
457,2016-11-08,d,don beyer,house,VA
458,2016-11-08,r,morgan griffith,house,VA
459,2016-11-08,r,barbara comstock,house,VA
460,2016-11-08,d,gerry connolly,house,VA
461,2016-11-08,d,suzan delbene,house,WA
462,2016-11-08,d,rick larsen,house,WA
463,2016-11-08,r,jaime herrera beutler,house,WA
464,2016-11-08,r,dan newhouse,house,WA
465,2016-11-08,r,cathy mcmorris rodgers,house,WA
466,2016-11-08,d,derek kilmer,house,WA
467,2016-11-08,d,pramila jayapal,house,WA
468,2016-11-08,r,dave reichert,house,WA
469,2016-11-08,d,adam smith,house,WA
470,2016-11-08,d,dennis heck,house,WA
471,2016-11-08,r,david mckinley,house,WV
472,2016-11-08,r,alex mooney,house,WV
473,2016-11-08,r,evan jenkins,house,WV
474,2016-11-08,r,paul ryan,house,WI
475,2016-11-08,d,mark pocan,house,WI
476,2016-11-08,d,ron kind,house,WI
477,2016-11-08,d,gwen moore,house,WI
478,2016-11-08,r,jim sensenbrenner,house,WI
479,2016-11-08,r,glenn grothman,house,WI
480,2016-11-08,r,sean duffy,house,WI
481,2016-11-08,r,mike gallagher,house,WI
482,2016-11-08,r,liz cheney,house,WY
483,2014-11-04,r,jeff sessions,senate,AL
484,2014-11-04,r,dan sullivan,senate,AK
485,2014-11-04,r,tom cotton,senate,AR
486,2014-11-04,r,cory gardner,senate,CO
487,2014-11-04,d,chris coons,senate,DE
488,2014-11-04,r,david perdue,senate,GA
489,2014-11-04,r,jim risch,senate,ID
490,2014-11-04,d,dick durbin,senate,IL
491,2014-11-04,r,joni ernst,senate,IA
492,2014-11-04,r,pat roberts,senate,KS
493,2014-11-04,r,mitch mcconnell,senate,KY
494,2014-11-04,r,bill cassidy,senate,LA
495,2014-11-04,r,susan collins,senate,ME
496,2014-11-04,d,ed markey,senate,MA
497,2014-11-04,d,gary peters,senate,MI
498,2014-11-04,d,al franken,senate,MN
499,2014-11-04,r,thad cochran,senate,MS
500,2014-11-04,r,steve daines,senate,MT
501,2014-11-04,r,ben sasse,senate,NE
502,2014-11-04,d,jeanne shaheen,senate,NH
503,2014-11-04,d,cory booker,senate,NJ
504,2014-11-04,d,tom udall,senate,NM
505,2014-11-04,r,thom tillis,senate,NC
506,2014-11-04,r,jim inhofe,senate,OK
507,2014-11-04,d,jeff merkley,senate,OR
508,2014-11-04,d,jack reed,senate,RI
509,2014-11-04,r,lindsey graham,senate,SC
510,2014-11-04,r,mike rounds,senate,SD
511,2014-11-04,r,lamar alexander,senate,TN
512,2014-11-04,r,john cornyn,senate,TX
513,2014-11-04,d,mark warner,senate,VA
514,2014-11-04,r,shelley moore capito,senate,WV
515,2014-11-04,r,mike enzi,senate,WY
516,2014-11-04,r,bradley byrne,house,AL
517,2014-11-04,r,martha roby,house,AL
518,2014-11-04,r,mike rogers,house,AL
519,2014-11-04,r,robert aderholt,house,AL
520,2014-11-04,r,mo brooks,house,AL
521,2014-11-04,r,gary palmer,house,AL
522,2014-11-04,d,terri sewell,house,AL
523,2014-11-04,r,don young,house,AK
524,2014-11-04,d,ann kirkpatrick,house,AZ
525,2014-11-04,r,martha mcsally,house,AZ
526,2014-11-04,d,raul grijalva,house,AZ
527,2014-11-04,r,paul gosar,house,AZ
528,2014-11-04,r,matt salmon,house,AZ
529,2014-11-04,r,david schweikert,house,AZ
530,2014-11-04,d,ruben gallego,house,AZ
531,2014-11-04,r,trent franks,house,AZ
532,2014-11-04,d,kyrsten sinema,house,AZ
533,2014-11-04,r,rick crawford,house,AR
534,2014-11-04,r,french hill,house,AR
535,2014-11-04,r,steve womack,house,AR
536,2014-11-04,r,bruce westerman,house,AR
537,2014-11-04,r,doug lamalfa,house,CA
538,2014-11-04,d,jared huffman,house,CA
539,2014-11-04,d,john garamendi,house,CA
540,2014-11-04,r,tom mcclintock,house,CA
541,2014-11-04,d,mike thompson,house,CA
542,2014-11-04,d,doris matsui,house,CA
543,2014-11-04,d,ami bera,house,CA
544,2014-11-04,r,paul cook,house,CA
545,2014-11-04,d,jerry mcnerney,house,CA
546,2014-11-04,r,jeff denham,house,CA
547,2014-11-04,d,mark desaulnier,house,CA
548,2014-11-04,d,nancy pelosi,house,CA
549,2014-11-04,d,barbara lee,house,CA
550,2014-11-04,d,jackie speier,house,CA
551,2014-11-04,d,eric swalwell,house,CA
552,2014-11-04,d,jim costa,house,CA
553,2014-11-04,d,mike honda,house,CA
554,2014-11-04,d,anna eshoo,house,CA
555,2014-11-04,d,zoe lofgren,house,CA
556,2014-11-04,d,sam farr,house,CA
557,2014-11-04,r,david valadao,house,CA
558,2014-11-04,r,devin nunes,house,CA
559,2014-11-04,r,kevin mccarthy,house,CA
560,2014-11-04,d,lois capps,house,CA
561,2014-11-04,r,steve knight,house,CA
562,2014-11-04,d,julia brownley,house,CA
563,2014-11-04,d,judy chu,house,CA
564,2014-11-04,d,adam schiff,house,CA
565,2014-11-04,d,tony cardenas,house,CA
566,2014-11-04,d,brad sherman,house,CA
567,2014-11-04,d,pete aguilar,house,CA
568,2014-11-04,d,grace napolitano,house,CA
569,2014-11-04,d,ted lieu,house,CA
570,2014-11-04,d,xavier becerra,house,CA
571,2014-11-04,d,norma torres,house,CA
572,2014-11-04,d,raul ruiz,house,CA
573,2014-11-04,d,karen bass,house,CA
574,2014-11-04,d,linda sanchez,house,CA
575,2014-11-04,r,ed royce,house,CA
576,2014-11-04,d,lucille roybal-allard,house,CA
577,2014-11-04,d,mark takano,house,CA
578,2014-11-04,r,ken calvert,house,CA
579,2014-11-04,d,maxine waters,house,CA
580,2014-11-04,d,janice hahn,house,CA
581,2014-11-04,r,mimi walters,house,CA
582,2014-11-04,d,loretta sanchez,house,CA
583,2014-11-04,d,alan lowenthal,house,CA
584,2014-11-04,r,dana rohrabacher,house,CA
585,2014-11-04,r,darrell issa,house,CA
586,2014-11-04,r,duncan d. hunter,house,CA
587,2014-11-04,d,juan vargas,house,CA
588,2014-11-04,d,scott peters,house,CA
589,2014-11-04,d,susan davis,house,CA
590,2014-11-04,d,diana degette,house,CO
591,2014-11-04,d,jared polis,house,CO
592,2014-11-04,r,scott tipton,house,CO
593,2014-11-04,r,ken buck,house,CO
594,2014-11-04,r,doug lamborn,house,CO
595,2014-11-04,r,mike coffman,house,CO
596,2014-11-04,d,ed perlmutter,house,CO
597,2014-11-04,d,john larson,house,CT
598,2014-11-04,d,joe courtney,house,CT
599,2014-11-04,d,rosa delauro,house,CT
600,2014-11-04,d,jim himes,house,CT
601,2014-11-04,d,elizabeth esty,house,CT
602,2014-11-04,d,john carney,house,DE
603,2014-11-04,r,jeff miller,house,FL
604,2014-11-04,d,gwen graham,house,FL
605,2014-11-04,r,ted yoho,house,FL
606,2014-11-04,r,ander crenshaw,house,FL
607,2014-11-04,d,corrine brown,house,FL
608,2014-11-04,r,ron desantis,house,FL
609,2014-11-04,r,john mica,house,FL
610,2014-11-04,r,bill posey,house,FL
611,2014-11-04,d,alan grayson,house,FL
612,2014-11-04,r,daniel webster,house,FL
613,2014-11-04,r,rich nugent,house,FL
614,2014-11-04,r,gus bilirakis,house,FL
615,2014-11-04,r,david jolly,house,FL
616,2014-11-04,d,kathy castor,house,FL
617,2014-11-04,r,vern buchanan,house,FL
618,2014-11-04,r,tom rooney,house,FL
619,2014-11-04,d,patrick murphy,house,FL
620,2014-11-04,r,curt clawson,house,FL
621,2014-11-04,d,alcee hastings,house,FL
622,2014-11-04,d,ted deutch,house,FL
623,2014-11-04,d,lois frankel,house,FL
624,2014-11-04,d,debbie wasserman schultz,house,FL
625,2014-11-04,d,frederica wilson,house,FL
626,2014-11-04,r,mario diaz-balart,house,FL
627,2014-11-04,r,carlos curbelo,house,FL
628,2014-11-04,r,ileana ros-lehtinen,house,FL
629,2014-11-04,r,buddy carter,house,GA
630,2014-11-04,d,sanford bishop,house,GA
631,2014-11-04,r,drew ferguson,house,GA
632,2014-11-04,d,hank johnson,house,GA
633,2014-11-04,d,john lewis,house,GA
634,2014-11-04,r,tom price,house,GA
635,2014-11-04,r,rob woodall,house,GA
636,2014-11-04,r,austin scott,house,GA
637,2014-11-04,r,doug collins,house,GA
638,2014-11-04,r,jody hice,house,GA
639,2014-11-04,r,barry loudermilk,house,GA
640,2014-11-04,d,david scott,house,GA
641,2014-11-04,r,tom graves,house,GA
642,2014-11-04,d,mark takai,house,HI
643,2016-11-08,d,colleen hanabusa,house,HI
644,2014-11-04,d,tulsi gabbard,house,HI
645,2014-11-04,r,raul labrador,house,ID
646,2014-11-04,r,mike simpson,house,ID
647,2014-11-04,d,bobby rush,house,IL
648,2014-11-04,d,robin kelly,house,IL
649,2014-11-04,d,dan lipinski,house,IL
650,2014-11-04,d,luis gutierrez,house,IL
651,2014-11-04,d,mike quigley,house,IL
652,2014-11-04,r,peter roskam,house,IL
653,2014-11-04,d,tammy duckworth,house,IL
654,2014-11-04,d,jan schakowsky,house,IL
655,2014-11-04,r,bob dold,house,IL
656,2014-11-04,d,bill foster,house,IL
657,2014-11-04,r,mike bost,house,IL
658,2014-11-04,r,randy hultgren,house,IL
659,2014-11-04,r,john shimkus,house,IL
660,2014-11-04,r,adam kinzinger,house,IL
661,2014-11-04,d,cheri bustos,house,IL
662,2014-11-04,r,aaron schock,house,IL
663,2015-09-10,r,darin lahood,house,IL
664,2014-11-04,d,pete visclosky,house,IN
665,2014-11-04,r,jackie walorski,house,IN
666,2014-11-04,r,marlin stutzman,house,IN
667,2014-11-04,r,todd rokita,house,IN
668,2014-11-04,r,susan brooks,house,IN
669,2014-11-04,r,luke messer,house,IN
670,2014-11-04,d,andre carson,house,IN
671,2014-11-04,r,larry bucshon,house,IN
672,2014-11-04,r,todd young,house,IN
673,2014-11-04,r,rod blum,house,IA
674,2014-11-04,d,david loebsack,house,IA
675,2014-11-04,r,david young,house,IA
676,2014-11-04,r,steve king,house,IA
677,2014-11-04,r,tim huelskamp,house,KS
678,2014-11-04,r,lynn jenkins,house,KS
679,2014-11-04,r,kevin yoder,house,KS
680,2014-11-04,r,mike pompeo,house,KS
681,2014-11-04,r,ed whitfield,house,KY
682,2016-11-08,r,james comer,house,KY
683,2014-11-04,r,brett guthrie,house,KY
684,2014-11-04,d,john yarmuth,house,KY
685,2014-11-04,r,thomas massie,house,KY
686,2014-11-04,r,hal rogers,house,KY
687,2014-11-04,r,andy barr,house,KY
688,2014-11-04,r,steve scalise,house,LA
689,2014-11-04,d,cedric richmond,house,LA
690,2014-11-04,r,charles boustany,house,LA
691,2014-11-04,r,john fleming,house,LA
692,2014-11-04,r,ralph abraham,house,LA
693,2014-11-04,r,garret graves,house,LA
694,2014-11-04,d,chellie pingree,house,ME
695,2014-11-04,r,bruce poliquin,house,ME
696,2014-11-04,r,andy harris,house,MD
697,2014-11-04,d,dutch ruppersberger,house,MD
698,2014-11-04,d,john sarbanes,house,MD
699,2014-11-04,d,donna edwards,house,MD
700,2014-11-04,d,steny hoyer,house,MD
701,2014-11-04,d,john delaney,house,MD
702,2014-11-04,d,elijah cummings,house,MD
703,2014-11-04,d,chris van hollen,house,MD
704,2014-11-04,d,richard neal,house,MA
705,2014-11-04,d,jim mcgovern,house,MA
706,2014-11-04,d,niki tsongas,house,MA
707,2014-11-04,d,katherine clark,house,MA
708,2014-11-04,d,seth moulton,house,MA
709,2014-11-04,d,mike capuano,house,MA
710,2014-11-04,d,stephen lynch,house,MA
711,2014-11-04,r,dan benishek,house,MI
712,2014-11-04,r,bill huizenga,house,MI
713,2014-11-04,r,justin amash,house,MI
714,2014-11-04,r,john moolenaar,house,MI
715,2014-11-04,d,dan kildee,house,MI
716,2014-11-04,r,fred upton,house,MI
717,2014-11-04,r,tim walberg,house,MI
718,2014-11-04,r,mike bishop,house,MI
719,2014-11-04,d,sander levin,house,MI
720,2014-11-04,r,candice miller,house,MI
721,2014-11-04,r,dave trott,house,MI
722,2014-11-04,d,debbie dingell,house,MI
723,2014-11-04,d,john conyers,house,MI
724,2014-11-04,d,brenda lawrence,house,MI
725,2014-11-04,d,tim walz,house,MN
726,2014-11-04,r,john kline,house,MN
727,2014-11-04,r,erik paulsen,house,MN
728,2014-11-04,d,betty mccollum,house,MN
729,2014-11-04,d,keith ellison,house,MN
730,2014-11-04,r,tom emmer,house,MN
731,2014-11-04,d,collin peterson,house,MN
732,2014-11-04,d,rick nolan,house,MN
733,2014-11-04,r,alan nunnelee,house,MS
734,2015-06-02,r,trent kelly,house,MS
735,2014-11-04,d,bennie thompson,house,MS
736,2014-11-04,r,gregg harper,house,MS
737,2014-11-04,r,steven palazzo,house,MS
738,2014-11-04,d,lacy clay,house,MO
739,2014-11-04,r,ann wagner,house,MO
740,2014-11-04,r,blaine luetkemeyer,house,MO
741,2014-11-04,r,vicky hartzler,house,MO
742,2014-11-04,d,emanuel cleaver,house,MO
743,2014-11-04,r,sam graves,house,MO
744,2014-11-04,r,billy long,house,MO
745,2014-11-04,r,ryan zinke,house,MT
746,2014-11-04,r,jeff fortenberry,house,NE
747,2014-11-04,d,brad ashford,house,NE
748,2014-11-04,r,adrian smith,house,NE
749,2014-11-04,d,dina titus,house,NV
750,2014-11-04,r,mark amodei,house,NV
751,2014-11-04,r,joe heck,house,NV
752,2014-11-04,r,cresent hardy,house,NV
753,2014-11-04,r,frank guinta,house,NH
754,2014-11-04,d,ann mclane kuster,house,NH
755,2014-11-04,d,donald norcross,house,NJ
756,2014-11-04,r,frank lobiondo,house,NJ
757,2014-11-04,r,tom macarthur,house,NJ
758,2014-11-04,r,chris smith,house,NJ
759,2014-11-04,d,josh gottheimer,house,NJ
760,2014-11-04,d,frank pallone,house,NJ
761,2014-11-04,r,leonard lance,house,NJ
762,2014-11-04,d,albio sires,house,NJ
763,2014-11-04,d,bill pascrell,house,NJ
764,2014-11-04,d,donald payne jr.,house,NJ
765,2014-11-04,r,rodney frelinghuysen,house,NJ
766,2014-11-04,d,bonnie watson coleman,house,NJ
767,2014-11-04,d,michelle lujan grisham,house,NM
768,2014-11-04,r,steve pearce,house,NM
769,2014-11-04,d,ben ray lujan,house,NM
770,2014-11-04,r,lee zeldin,house,NY
771,2014-11-04,d,steve israel,house,NY
772,2014-11-04,d,kathleen rice,house,NY
773,2014-11-04,d,gregory meeks,house,NY
774,2014-11-04,d,grace meng,house,NY
775,2014-11-04,d,nydia velazquez,house,NY
776,2014-11-04,d,hakeem jeffries,house,NY
777,2014-11-04,d,yvette clarke,house,NY
778,2014-11-04,d,jerrold nadler,house,NY
779,2014-11-04,r,michael grimm,house,NY
780,2015-05-05,r,dan donovan,house,NY
781,2014-11-04,d,carolyn maloney,house,NY
782,2014-11-04,d,charles rangel,house,NY
783,2014-11-04,d,joseph crowley,house,NY
784,2014-11-04,d,jose e. serrano,house,NY
785,2014-11-04,d,eliot engel,house,NY
786,2014-11-04,d,nita lowey,house,NY
787,2014-11-04,d,sean patrick maloney,house,NY
788,2014-11-04,r,chris gibson,house,NY
789,2014-11-04,d,paul tonko,house,NY
790,2014-11-04,r,elise stefanik,house,NY
791,2014-11-04,r,john katko,house,NY
792,2014-11-04,d,louise slaughter,house,NY
793,2014-11-04,d,brian higgins,house,NY
794,2014-11-04,r,chris collins,house,NY
795,2014-11-04,d,g. k. butterfield,house,NC
796,2014-11-04,r,renee ellmers,house,NC
797,2014-11-04,r,walter b. jones jr.,house,NC
798,2014-11-04,d,david price,house,NC
799,2014-11-04,r,virginia foxx,house,NC
800,2014-11-04,r,mark walker,house,NC
801,2014-11-04,r,david rouzer,house,NC
802,2014-11-04,r,richard hudson,house,NC
803,2014-11-04,r,robert pittenger,house,NC
804,2014-11-04,r,patrick mchenry,house,NC
805,2014-11-04,r,mark meadows,house,NC
806,2014-11-04,d,alma adams,house,NC
807,2014-11-04,r,george holding,house,NC
808,2014-11-04,r,kevin cramer,house,ND
809,2014-11-04,r,steve chabot,house,OH
810,2014-11-04,r,brad wenstrup,house,OH
811,2014-11-04,d,joyce beatty,house,OH
812,2014-11-04,r,jim jordan,house,OH
813,2014-11-04,r,bob latta,house,OH
814,2014-11-04,r,bill johnson,house,OH
815,2014-11-04,r,bob gibbs,house,OH
816,2014-11-04,r,john boehner,house,OH
817,2016-06-07,r,warren davidson,house,OH
818,2014-11-04,d,marcy kaptur,house,OH
819,2014-11-04,r,mike turner,house,OH
820,2014-11-04,d,marcia fudge,house,OH
821,2014-11-04,r,pat tiberi,house,OH
822,2014-11-04,d,tim ryan,house,OH
823,2014-11-04,r,david joyce,house,OH
824,2014-11-04,r,steve stivers,house,OH
825,2014-11-04,r,jim renacci,house,OH
826,2014-11-04,r,jim bridenstine,house,OK
827,2014-11-04,r,markwayne mullin,house,OK
828,2014-11-04,r,frank lucas,house,OK
829,2014-11-04,r,tom cole,house,OK
830,2014-11-04,r,steve russell,house,OK
831,2014-11-04,d,suzanne bonamici,house,OR
832,2014-11-04,r,greg walden,house,OR
833,2014-11-04,d,earl blumenauer,house,OR
834,2014-11-04,d,peter defazio,house,OR
835,2014-11-04,d,kurt schrader,house,OR
836,2014-11-04,d,bob brady,house,PA
837,2014-11-04,d,chaka fattah,house,PA
838,2016-11-08,d,dwight evans,house,PA
839,2014-11-04,r,mike kelly,house,PA
840,2014-11-04,r,scott perry,house,PA
841,2014-11-04,r,glenn thompson,house,PA
842,2014-11-04,r,ryan costello,house,PA
843,2014-11-04,r,pat meehan,house,PA
844,2014-11-04,r,mike fitzpatrick,house,PA
845,2014-11-04,r,bill shuster,house,PA
846,2014-11-04,r,tom marino,house,PA
847,2014-11-04,r,lou barletta,house,PA
848,2014-11-04,r,keith rothfus,house,PA
849,2014-11-04,d,brendan boyle,house,PA
850,2014-11-04,r,joe pitts,house,PA
851,2014-11-04,d,matt cartwright,house,PA
852,2014-11-04,d,david cicilline,house,RI
853,2014-11-04,d,james langevin,house,RI
854,2014-11-04,r,mark sanford,house,SC
855,2014-11-04,r,joe wilson,house,SC
856,2014-11-04,r,jeff duncan,house,SC
857,2014-11-04,r,trey gowdy,house,SC
858,2014-11-04,r,mick mulvaney,house,SC
859,2014-11-04,d,jim clyburn,house,SC
860,2014-11-04,r,tom rice,house,SC
861,2014-11-04,r,kristi noem,house,SD
862,2014-11-04,r,phil roe,house,TN
863,2014-11-04,r,jimmy duncan,house,TN
864,2014-11-04,r,chuck fleischmann,house,TN
865,2014-11-04,r,scott desjarlais,house,TN
866,2014-11-04,d,jim cooper,house,TN
867,2014-11-04,r,diane black,house,TN
868,2014-11-04,r,marsha blackburn,house,TN
869,2014-11-04,r,stephen fincher,house,TN
870,2014-11-04,d,steve cohen,house,TN
871,2014-11-04,r,louie gohmert,house,TX
872,2014-11-04,r,ted poe,house,TX
873,2014-11-04,r,sam johnson,house,TX
874,2014-11-04,r,john ratcliffe,house,TX
875,2014-11-04,r,jeb hensarling,house,TX
876,2014-11-04,r,joe barton,house,TX
877,2014-11-04,r,john culberson,house,TX
878,2014-11-04,r,kevin brady,house,TX
879,2014-11-04,d,al green,house,TX
880,2014-11-04,r,michael mccaul,house,TX
881,2014-11-04,r,mike conaway,house,TX
882,2014-11-04,r,kay granger,house,TX
883,2014-11-04,r,mac thornberry,house,TX
884,2014-11-04,r,randy weber,house,TX
885,2014-11-04,d,ruben hinojosa,house,TX
886,2014-11-04,d,beto o'rourke,house,TX
887,2014-11-04,r,bill flores,house,TX
888,2014-11-04,d,sheila jackson lee,house,TX
889,2014-11-04,r,randy neugebauer,house,TX
890,2014-11-04,d,joaquin castro,house,TX
891,2014-11-04,r,pete olson,house,TX
892,2014-11-04,r,will hurd,house,TX
893,2014-11-04,r,kenny marchant,house,TX
894,2014-11-04,r,roger williams,house,TX
895,2014-11-04,r,blake farenthold,house,TX
896,2014-11-04,d,henry cuellar,house,TX
897,2014-11-04,d,gene green,house,TX
898,2014-11-04,d,eddie bernice johnson,house,TX
899,2014-11-04,r,john carter,house,TX
900,2014-11-04,r,pete sessions,house,TX
901,2014-11-04,d,marc veasey,house,TX
902,2014-11-04,d,filemon vela jr.,house,TX
903,2014-11-04,d,lloyd doggett,house,TX
904,2014-11-04,r,brian babin,house,TX
905,2014-11-04,r,rob bishop,house,UT
906,2014-11-04,r,chris stewart,house,UT
907,2014-11-04,r,jason chaffetz,house,UT
908,2014-11-04,r,mia love,house,UT
909,2014-11-04,d,peter welch,house,VT
910,2014-11-04,r,rob wittman,house,VA
911,2014-11-04,r,scott rigell,house,VA
912,2014-11-04,d,bobby scott,house,VA
913,2014-11-04,r,randy forbes,house,VA
914,2014-11-04,r,robert hurt,house,VA
915,2014-11-04,r,bob goodlatte,house,VA
916,2014-11-04,r,dave brat,house,VA
917,2014-11-04,d,don beyer,house,VA
918,2014-11-04,r,morgan griffith,house,VA
919,2014-11-04,r,barbara comstock,house,VA
920,2014-11-04,d,gerry connolly,house,VA
921,2014-11-04,d,suzan delbene,house,WA
922,2014-11-04,d,rick larsen,house,WA
923,2014-11-04,r,jaime herrera beutler,house,WA
924,2014-11-04,r,dan newhouse,house,WA
925,2014-11-04,r,cathy mcmorris rodgers,house,WA
926,2014-11-04,d,derek kilmer,house,WA
927,2014-11-04,d,jim mcdermott,house,WA
928,2014-11-04,r,dave reichert,house,WA
929,2014-11-04,d,adam smith,house,WA
930,2014-11-04,d,dennis heck,house,WA
931,2014-11-04,r,david mckinley,house,WV
932,2014-11-04,r,alex mooney,house,WV
933,2014-11-04,r,evan jenkins,house,WV
934,2014-11-04,r,paul ryan,house,WI
935,2014-11-04,d,mark pocan,house,WI
936,2014-11-04,d,ron kind,house,WI
937,2014-11-04,d,gwen moore,house,WI
938,2014-11-04,r,jim sensenbrenner,house,WI
939,2014-11-04,r,glenn grothman,house,WI
940,2014-11-04,r,sean duffy,house,WI
941,2014-11-04,r,reid ribble,house,WI
942,2014-11-04,r,cynthia lummis,house,WY
943,2012-11-06,r,jeff flake,senate,AZ
944,2012-11-06,d,dianne feinstein,senate,CA
945,2012-11-06,d,chris murphy,senate,CT
946,2012-11-06,d,tom carper,senate,DE
947,2012-11-06,d,bill nelson,senate,FL
948,2012-11-06,d,mazie hirono,senate,HI
949,2012-11-06,d,joe donnelly,senate,IN
950,2012-11-06,i,angus king,senate,ME
951,2012-11-06,d,ben cardin,senate,MD
952,2012-11-06,d,elizabeth warren,senate,MA
953,2013-02-01,d,mo cowan,senate,MA
954,2013-07-16,d,ed markey,senate,MA
955,2012-11-06,d,debbie stabenow,senate,MI
956,2012-11-06,d,amy klobuchar,senate,MN
957,2012-11-06,r,roger wicker,senate,MS
958,2012-11-06,d,claire mccaskill,senate,MO
959,2012-11-06,d,jon tester,senate,MT
960,2014-02-09,d,john walsh,senate,MT
961,2012-11-06,r,deb fischer,senate,NE
962,2012-11-06,r,dean heller,senate,NV
963,2012-11-06,d,bob menendez,senate,NJ
964,2013-06-06,r,jeffrey chiesa,senate,NJ
965,2013-10-31,d,cory booker,senate,NJ
966,2012-11-06,d,martin heinrich,senate,NM
967,2012-11-06,d,kirsten gillibrand,senate,NY
968,2012-11-06,d,heidi heitkamp,senate,ND
969,2012-11-06,d,sherrod brown,senate,OH
970,2012-11-06,d,bob casey jr.,senate,PA
971,2012-11-06,d,sheldon whitehouse,senate,RI
972,2012-11-06,r,bob corker,senate,TN
973,2012-11-06,r,ted cruz,senate,TX
974,2012-11-06,r,orrin hatch,senate,UT
975,2012-11-06,i,bernie sanders,senate,VT
976,2012-11-06,d,tim kaine,senate,VA
977,2012-11-06,d,maria cantwell,senate,WA
978,2012-11-06,d,joe manchin,senate,WV
979,2012-11-06,d,tammy baldwin,senate,WI
980,2012-11-06,r,john barrasso,senate,WY
981,2012-11-06,r,jo bonner,house,AL
982,2014-01-07,r,bradley byrne,house,AL
983,2012-11-06,r,martha roby,house,AL
984,2012-11-06,r,mike rogers,house,MI
985,2012-11-06,r,mike rogers,house,MI
986,2012-11-06,r,robert aderholt,house,AL
987,2012-11-06,r,mo brooks,house,AL
988,2012-11-06,r,spencer bachus,house,AL
989,2012-11-06,d,terri sewell,house,AL
990,2012-11-06,r,don young,house,AK
991,2012-11-06,d,ann kirkpatrick,house,AZ
992,2012-11-06,d,ron barber,house,AZ
993,2012-11-06,d,raul grijalva,house,AZ
994,2012-11-06,r,paul gosar,house,AZ
995,2012-11-06,r,matt salmon,house,AZ
996,2012-11-06,r,david schweikert,house,AZ
997,2012-11-06,d,ed pastor,house,AZ
998,2012-11-06,r,trent franks,house,AZ
999,2012-11-06,d,kyrsten sinema,house,AZ
1000,2012-11-06,r,rick crawford,house,AR
1001,2012-11-06,r,timothy griffin,house,AR
1002,2012-11-06,r,steve womack,house,AR
1003,2012-11-06,r,tom cotton,house,AR
1004,2012-11-06,r,doug lamalfa,house,CA
1005,2012-11-06,d,jared huffman,house,CA
1006,2012-11-06,d,john garamendi,house,CA
1007,2012-11-06,r,tom mcclintock,house,CA
1008,2012-11-06,d,mike thompson,house,CA
1009,2012-11-06,d,doris matsui,house,CA
1010,2012-11-06,d,ami bera,house,CA
1011,2012-11-06,r,paul cook,house,CA
1012,2012-11-06,d,jerry mcnerney,house,CA
1013,2012-11-06,r,jeff denham,house,CA
1014,2012-11-06,d,george miller,house,CA
1015,2012-11-06,d,nancy pelosi,house,CA
1016,2012-11-06,d,barbara lee,house,CA
1017,2012-11-06,d,jackie speier,house,CA
1018,2012-11-06,d,eric swalwell,house,CA
1019,2012-11-06,d,jim costa,house,CA
1020,2012-11-06,d,mike honda,house,CA
1021,2012-11-06,d,anna eshoo,house,CA
1022,2012-11-06,d,zoe lofgren,house,CA
1023,2012-11-06,d,sam farr,house,CA
1024,2012-11-06,r,david valadao,house,CA
1025,2012-11-06,r,devin nunes,house,CA
1026,2012-11-06,r,kevin mccarthy,house,CA
1027,2012-11-06,d,lois capps,house,CA
1028,2012-11-06,r,buck mckeon,house,CA
1029,2012-11-06,d,julia brownley,house,CA
1030,2012-11-06,d,judy chu,house,CA
1031,2012-11-06,d,adam schiff,house,CA
1032,2012-11-06,d,tony cardenas,house,CA
1033,2012-11-06,d,brad sherman,house,CA
1034,2012-11-06,r,gary miller,house,CA
1035,2012-11-06,d,grace napolitano,house,CA
1036,2012-11-06,d,henry waxman,house,CA
1037,2012-11-06,d,xavier becerra,house,CA
1038,2012-11-06,d,gloria negrete mcleod,house,CA
1039,2012-11-06,d,raul ruiz,house,CA
1040,2012-11-06,d,karen bass,house,CA
1041,2012-11-06,d,linda sanchez,house,CA
1042,2012-11-06,r,ed royce,house,CA
1043,2012-11-06,d,lucille roybal-allard,house,CA
1044,2012-11-06,d,mark takano,house,CA
1045,2012-11-06,r,ken calvert,house,CA
1046,2012-11-06,d,maxine waters,house,CA
1047,2012-11-06,d,janice hahn,house,CA
1048,2012-11-06,d,loretta sanchez,house,CA
1049,2012-11-06,d,alan lowenthal,house,CA
1050,2012-11-06,r,dana rohrabacher,house,CA
1051,2012-11-06,r,darrell issa,house,CA
1052,2012-11-06,r,duncan d. hunter,house,CA
1053,2012-11-06,d,juan vargas,house,CA
1054,2012-11-06,d,scott peters,house,CA
1055,2012-11-06,d,susan davis,house,CA
1056,2012-11-06,d,diana degette,house,CO
1057,2012-11-06,d,jared polis,house,CO
1058,2012-11-06,r,scott tipton,house,CO
1059,2012-11-06,r,cory gardner,house,CO
1060,2012-11-06,r,doug lamborn,house,CO
1061,2012-11-06,r,mike coffman,house,CO
1062,2012-11-06,d,ed perlmutter,house,CO
1063,2012-11-06,d,john larson,house,CT
1064,2012-11-06,d,joe courtney,house,CT
1065,2012-11-06,d,rosa delauro,house,CT
1066,2012-11-06,d,jim himes,house,CT
1067,2012-11-06,d,elizabeth esty,house,CT
1068,2012-11-06,d,john carney,house,DE
1069,2012-11-06,r,jeff miller,house,FL
1070,2012-11-06,r,steve southerland,house,FL
1071,2012-11-06,r,ted yoho,house,FL
1072,2012-11-06,r,ander crenshaw,house,FL
1073,2012-11-06,d,corrine brown,house,FL
1074,2012-11-06,r,ron desantis,house,FL
1075,2012-11-06,r,john mica,house,FL
1076,2012-11-06,r,bill posey,house,FL
1077,2012-11-06,d,alan grayson,house,FL
1078,2012-11-06,r,daniel webster,house,FL
1079,2012-11-06,r,rich nugent,house,FL
1080,2012-11-06,r,gus bilirakis,house,FL
1081,2012-11-06,r,bill young,house,FL
1082,2014-03-13,r,david jolly,house,FL
1083,2012-11-06,d,kathy castor,house,FL
1084,2012-11-06,r,vern buchanan,house,FL
1085,2012-11-06,r,tom rooney,house,FL
1086,2012-11-06,d,patrick murphy,house,FL
1087,2012-11-06,r,trey radel,house,FL
1088,2014-06-25,r,curt clawson,house,FL
1089,2012-11-06,d,alcee hastings,house,FL
1090,2012-11-06,d,ted deutch,house,FL
1091,2012-11-06,d,lois frankel,house,FL
1092,2012-11-06,d,debbie wasserman schultz,house,FL
1093,2012-11-06,d,frederica wilson,house,FL
1094,2012-11-06,r,mario diaz-balart,house,FL
1095,2012-11-06,d,joe garcia,house,FL
1096,2012-11-06,r,ileana ros-lehtinen,house,FL
1097,2012-11-06,r,jack kingston,house,GA
1098,2012-11-06,d,sanford bishop,house,GA
1099,2012-11-06,r,lynn westmoreland,house,GA
1100,2012-11-06,d,hank johnson,house,GA
1101,2012-11-06,d,john lewis,house,GA
1102,2012-11-06,r,tom price,house,GA
1103,2012-11-06,r,rob woodall,house,GA
1104,2012-11-06,r,austin scott,house,GA
1105,2012-11-06,r,doug collins,house,GA
1106,2012-11-06,r,paul broun,house,GA
1107,2012-11-06,r,phil gingrey,house,GA
1108,2012-11-06,d,john barrow,house,GA
1109,2012-11-06,d,david scott,house,GA
1110,2012-11-06,r,tom graves,house,GA
1111,2012-11-06,d,colleen hanabusa,house,HI
1112,2012-11-06,d,tulsi gabbard,house,HI
1113,2012-11-06,r,raul labrador,house,ID
1114,2012-11-06,r,mike simpson,house,ID
1115,2012-11-06,d,bobby rush,house,IL
1116,2012-11-06,d,robin kelly,house,IL
1117,2012-11-06,d,dan lipinski,house,IL
1118,2012-11-06,d,luis gutierrez,house,IL
1119,2012-11-06,d,mike quigley,house,IL
1120,2012-11-06,r,peter roskam,house,IL
1121,2012-11-06,d,danny k. davis,house,IL
1122,2012-11-06,d,tammy duckworth,house,IL
1123,2012-11-06,d,jan schakowsky,house,IL
1124,2012-11-06,d,brad schneider,house,IL
1125,2012-11-06,d,bill foster,house,IL
1126,2012-11-06,d,william enyart,house,IL
1127,2012-11-06,r,rodney l. davis,house,IL
1128,2012-11-06,r,randy hultgren,house,IL
1129,2012-11-06,r,john shimkus,house,IL
1130,2012-11-06,r,adam kinzinger,house,IL
1131,2012-11-06,d,cheri bustos,house,IL
1132,2012-11-06,r,aaron schock,house,IL
1133,2012-11-06,d,pete visclosky,house,IN
1134,2012-11-06,r,jackie walorski,house,IN
1135,2012-11-06,r,marlin stutzman,house,IN
1136,2012-11-06,r,todd rokita,house,IN
1137,2012-11-06,r,susan brooks,house,IN
1138,2012-11-06,r,luke messer,house,IN
1139,2012-11-06,d,andre carson,house,IN
1140,2012-11-06,r,larry bucshon,house,IN
1141,2012-11-06,r,todd young,house,IN
1142,2012-11-06,d,bruce braley,house,IA
1143,2012-11-06,d,david loebsack,house,IA
1144,2012-11-06,r,tom latham,house,IA
1145,2012-11-06,r,steve king,house,IA
1146,2012-11-06,r,tim huelskamp,house,KS
1147,2012-11-06,r,lynn jenkins,house,KS
1148,2012-11-06,r,kevin yoder,house,KS
1149,2012-11-06,r,mike pompeo,house,KS
1150,2012-11-06,r,ed whitfield,house,KY
1151,2012-11-06,r,brett guthrie,house,KY
1152,2012-11-06,d,john yarmuth,house,KY
1153,2012-11-06,r,thomas massie,house,KY
1154,2012-11-06,r,hal rogers,house,KY
1155,2012-11-06,r,andy barr,house,KY
1156,2012-11-06,r,steve scalise,house,LA
1157,2012-11-06,d,cedric richmond,house,LA
1158,2012-11-06,r,charles boustany,house,LA
1159,2012-11-06,r,john fleming,house,LA
1160,2012-11-06,r,rodney alexander,house,LA
1161,2013-11-21,r,vance mcallister,house,LA
1162,2012-11-06,r,bill cassidy,house,LA
1163,2012-11-06,d,chellie pingree,house,ME
1164,2012-11-06,d,mike michaud,house,ME
1165,2012-11-06,d,dutch ruppersberger,house,MD
1166,2012-11-06,d,john sarbanes,house,MD
1167,2012-11-06,d,donna edwards,house,MD
1168,2012-11-06,d,steny hoyer,house,MD
1169,2012-11-06,d,elijah cummings,house,MD
1170,2012-11-06,d,chris van hollen,house,MD
1171,2012-11-06,d,richard neal,house,MA
1172,2012-11-06,d,jim mcgovern,house,MA
1173,2012-11-06,d,niki tsongas,house,MA
1174,2012-11-06,d,joseph p. kennedy iii,house,MA
1175,2012-11-06,d,ed markey,house,MA
1176,2013-12-12,d,katherine clark,house,MA
1177,2012-11-06,d,mike capuano,house,MA
1178,2012-11-06,d,stephen lynch,house,MA
1179,2012-11-06,r,dan benishek,house,MI
1180,2012-11-06,r,bill huizenga,house,MI
1181,2012-11-06,r,justin amash,house,MI
1182,2012-11-06,r,dave camp,house,MI
1183,2012-11-06,d,dan kildee,house,MI
1184,2012-11-06,r,fred upton,house,MI
1185,2012-11-06,r,tim walberg,house,MI
1186,2012-11-06,d,sander levin,house,MI
1187,2012-11-06,r,candice miller,house,MI
1188,2012-11-06,r,kerry bentivolio,house,MI
1189,2012-11-06,d,john dingell,house,MI
1190,2012-11-06,d,john conyers,house,MI
1191,2012-11-06,d,gary peters,house,MI
1192,2012-11-06,d,tim walz,house,MN
1193,2012-11-06,r,john kline,house,MN
1194,2012-11-06,r,erik paulsen,house,MN
1195,2012-11-06,d,betty mccollum,house,MN
1196,2012-11-06,d,keith ellison,house,MN
1197,2012-11-06,r,michele bachmann,house,MN
1198,2012-11-06,d,collin peterson,house,MN
1199,2012-11-06,d,rick nolan,house,MN
1200,2012-11-06,r,alan nunnelee,house,MS
1201,2012-11-06,d,bennie thompson,house,MS
1202,2012-11-06,r,gregg harper,house,MS
1203,2012-11-06,r,steven palazzo,house,MS
1204,2012-11-06,d,lacy clay,house,MO
1205,2012-11-06,r,ann wagner,house,MO
1206,2012-11-06,r,blaine luetkemeyer,house,MO
1207,2012-11-06,r,vicky hartzler,house,MO
1208,2012-11-06,d,emanuel cleaver,house,MO
1209,2012-11-06,r,sam graves,house,MO
1210,2012-11-06,r,billy long,house,MO
1211,2012-11-06,r,jo ann emerson,house,MO
1212,2013-06-04,r,jason t. smith,house,MO
1213,2012-11-06,r,steve daines,house,MT
1214,2012-11-06,r,jeff fortenberry,house,NE
1215,2012-11-06,r,lee terry,house,NE
1216,2012-11-06,r,adrian m. smith,house,NE
1217,2012-11-06,d,dina titus,house,NV
1218,2012-11-06,r,mark amodei,house,NV
1219,2012-11-06,r,joe heck,house,NV
1220,2012-11-06,d,steven horsford,house,NV
1221,2012-11-06,d,carol shea-porter,house,NH
1222,2012-11-06,d,ann mclane kuster,house,NH
1223,2012-11-06,d,rob andrews,house,NJ
1224,2014-11-12,d,donald norcross,house,NJ
1225,2012-11-06,r,frank lobiondo,house,NJ
1226,2012-11-06,r,jon runyan,house,NJ
1227,2012-11-06,r,chris smith,house,NJ
1228,2012-11-06,r,scott garrett,house,NJ
1229,2012-11-06,d,frank pallone,house,NJ
1230,2012-11-06,r,leonard lance,house,NJ
1231,2012-11-06,d,albio sires,house,NJ
1232,2012-11-06,d,bill pascrell,house,NJ
1233,2012-11-06,d,donald payne jr.,house,NJ
1234,2012-11-06,r,rodney frelinghuysen,house,NJ
1235,2012-11-06,d,rush holt jr.,house,NJ
1236,2012-11-06,d,michelle lujan grisham,house,NM
1237,2012-11-06,r,steve pearce,house,NM
1238,2012-11-06,d,ben ray lujan,house,NM
1239,2012-11-06,d,timothy bishop,house,NY
1240,2012-11-06,d,steve israel,house,NY
1241,2012-11-06,d,carolyn mccarthy,house,NY
1242,2012-11-06,d,gregory meeks,house,NY
1243,2012-11-06,d,grace meng,house,NY
1244,2012-11-06,d,nydia velazquez,house,NY
1245,2012-11-06,d,hakeem jeffries,house,NY
1246,2012-11-06,d,yvette clarke,house,NY
1247,2012-11-06,d,jerrold nadler,house,NY
1248,2012-11-06,r,michael grimm,house,NY
1249,2012-11-06,d,carolyn maloney,house,NY
1250,2012-11-06,d,charles rangel,house,NY
1251,2012-11-06,d,jose e. serrano,house,NY
1252,2012-11-06,d,eliot engel,house,NY
1253,2012-11-06,d,nita lowey,house,NY
1254,2012-11-06,d,sean patrick maloney,house,NY
1255,2012-11-06,r,chris gibson,house,NY
1256,2012-11-06,d,paul tonko,house,NY
1257,2012-11-06,d,bill owens,house,NY
1258,2012-11-06,d,daniel maffei,house,NY
1259,2012-11-06,d,louise slaughter,house,NY
1260,2012-11-06,d,brian higgins,house,NY
1261,2012-11-06,r,chris collins,house,NY
1262,2012-11-06,d,g. k. butterfield,house,NC
1263,2012-11-06,r,renee ellmers,house,NC
1264,2012-11-06,r,walter jones jr.,house,NC
1265,2012-11-06,d,david price,house,NC
1266,2012-11-06,r,virginia foxx,house,NC
1267,2012-11-06,r,howard coble,house,NC
1268,2012-11-06,d,mike mcintyre,house,NC
1269,2012-11-06,r,richard hudson,house,NC
1270,2012-11-06,r,robert pittenger,house,NC
1271,2012-11-06,r,patrick mchenry,house,NC
1272,2012-11-06,r,mark meadows,house,NC
1273,2012-11-06,d,mel watt,house,NC
1274,2014-11-12,d,alma adams,house,NC
1275,2012-11-06,r,george holding,house,NC
1276,2012-11-06,r,kevin cramer,house,ND
1277,2012-11-06,r,steve chabot,house,OH
1278,2012-11-06,r,brad wenstrup,house,OH
1279,2012-11-06,d,joyce beatty,house,OH
1280,2012-11-06,r,jim jordan,house,OH
1281,2012-11-06,r,bob latta,house,OH
1282,2012-11-06,r,bill johnson,house,OH
1283,2012-11-06,r,bob gibbs,house,OH
1284,2012-11-06,r,john boehner,house,OH
1285,2012-11-06,d,marcy kaptur,house,OH
1286,2012-11-06,r,mike turner,house,OH
1287,2012-11-06,d,marcia fudge,house,OH
1288,2012-11-06,r,pat tiberi,house,OH
1289,2012-11-06,d,tim ryan,house,OH
1290,2012-11-06,r,david joyce,house,OH
1291,2012-11-06,r,steve stivers,house,OH
1292,2012-11-06,r,jim renacci,house,OH
1293,2012-11-06,r,jim bridenstine,house,OK
1294,2012-11-06,r,markwayne mullin,house,OK
1295,2012-11-06,r,frank lucas,house,OK
1296,2012-11-06,r,tom cole,house,OK
1297,2012-11-06,r,james lankford,house,OK
1298,2012-11-06,d,suzanne bonamici,house,OR
1299,2012-11-06,r,greg walden,house,OR
1300,2012-11-06,d,earl blumenauer,house,OR
1301,2012-11-06,d,peter defazio,house,OR
1302,2012-11-06,d,kurt schrader,house,OR
1303,2012-11-06,d,bob brady,house,PA
1304,2012-11-06,d,chaka fattah,house,PA
1305,2012-11-06,r,mike kelly,house,PA
1306,2012-11-06,r,scott perry,house,PA
1307,2012-11-06,r,glenn thompson,house,PA
1308,2012-11-06,r,jim gerlach,house,PA
1309,2012-11-06,r,pat meehan,house,PA
1310,2012-11-06,r,mike fitzpatrick,house,PA
1311,2012-11-06,r,bill shuster,house,PA
1312,2012-11-06,r,tom marino,house,PA
1313,2012-11-06,r,lou barletta,house,PA
1314,2012-11-06,r,keith rothfus,house,PA
1315,2012-11-06,d,allyson schwartz,house,PA
1316,2012-11-06,d,michael f. doyle,house,PA
1317,2012-11-06,r,joseph r. pitts,house,PA
1318,2012-11-06,d,matt cartwright,house,PA
1319,2012-11-06,r,timothy f. murphy,house,PA
1320,2012-11-06,d,david cicilline,house,RI
1321,2012-11-06,d,james langevin,house,RI
1322,2012-11-06,r,mark sanford,house,SC
1323,2012-11-06,r,joe wilson,house,SC
1324,2012-11-06,r,jeff duncan,house,SC
1325,2012-11-06,r,trey gowdy,house,SC
1326,2012-11-06,r,mick mulvaney,house,SC
1327,2012-11-06,d,jim clyburn,house,SC
1328,2012-11-06,r,tom rice,house,SC
1329,2012-11-06,r,kristi noem,house,SD
1330,2012-11-06,r,phil roe,house,TN
1331,2012-11-06,r,jimmy duncan,house,TN
1332,2012-11-06,r,chuck fleischmann,house,TN
1333,2012-11-06,r,scott desjarlais,house,TN
1334,2012-11-06,d,jim cooper,house,TN
1335,2012-11-06,r,diane black,house,TN
1336,2012-11-06,r,marsha blackburn,house,TN
1337,2012-11-06,r,stephen fincher,house,TN
1338,2012-11-06,d,steve cohen,house,TN
1339,2012-11-06,r,louie gohmert,house,TX
1340,2012-11-06,r,ted poe,house,TX
1341,2012-11-06,r,sam johnson,house,TX
1342,2012-11-06,r,ralph hall,house,TX
1343,2012-11-06,r,jeb hensarling,house,TX
1344,2012-11-06,r,joe barton,house,TX
1345,2012-11-06,r,john culberson,house,TX
1346,2012-11-06,r,kevin brady,house,TX
1347,2012-11-06,d,al green,house,TX
1348,2012-11-06,r,michael mccaul,house,TX
1349,2012-11-06,r,mike conaway,house,TX
1350,2012-11-06,r,kay granger,house,TX
1351,2012-11-06,r,mac thornberry,house,TX
1352,2012-11-06,r,randy weber,house,TX
1353,2012-11-06,d,ruben hinojosa,house,TX
1354,2012-11-06,d,beto o'rourke,house,TX
1355,2012-11-06,r,bill flores,house,TX
1356,2012-11-06,d,sheila jackson lee,house,TX
1357,2012-11-06,r,randy neugebauer,house,TX
1358,2012-11-06,d,joaquin castro,house,TX
1359,2012-11-06,r,lamar s. smith,house,TX
1360,2012-11-06,r,pete olson,house,TX
1361,2012-11-06,d,pete gallego,house,TX
1362,2012-11-06,r,kenny marchant,house,TX
1363,2012-11-06,r,roger williams,house,TX
1364,2012-11-06,r,michael c. burgess,house,TX
1365,2012-11-06,r,blake farenthold,house,TX
1366,2012-11-06,d,henry cuellar,house,TX
1367,2012-11-06,d,gene green,house,TX
1368,2012-11-06,d,eddie bernice johnson,house,TX
1369,2012-11-06,r,john carter,house,TX
1370,2012-11-06,r,pete sessions,house,TX
1371,2012-11-06,d,marc veasey,house,TX
1372,2012-11-06,d,filemon vela jr.,house,TX
1373,2012-11-06,d,lloyd doggett,house,TX
1374,2012-11-06,r,steve stockman,house,TX
1375,2012-11-06,r,rob bishop,house,UT
1376,2012-11-06,r,chris stewart,house,UT
1377,2012-11-06,r,jason chaffetz,house,UT
1378,2012-11-06,d,jim matheson,house,UT
1379,2012-11-06,d,peter welch,house,VT
1380,2012-11-06,r,rob wittman,house,VA
1381,2012-11-06,r,scott rigell,house,VA
1382,2012-11-06,d,bobby scott,house,VA
1383,2012-11-06,r,randy forbes,house,VA
1384,2012-11-06,r,robert hurt,house,VA
1385,2012-11-06,r,bob goodlatte,house,VA
1386,2012-11-06,r,eric cantor,house,VA
1387,2014-11-12,r,dave brat,house,VA
1388,2012-11-06,d,jim moran,house,VA
1389,2012-11-06,r,morgan griffith,house,VA
1390,2012-11-06,r,frank wolf,house,VA
1391,2012-11-06,d,gerry connolly,house,VA
1392,2012-11-06,d,suzan delbene,house,WA
1393,2012-11-06,d,rick larsen,house,WA
1394,2012-11-06,r,jaime herrera beutler,house,WA
1395,2012-11-06,r,doc hastings,house,WA
1396,2012-11-06,r,cathy mcmorris rodgers,house,WA
1397,2012-11-06,d,derek kilmer,house,WA
1398,2012-11-06,d,jim mcdermott,house,WA
1399,2012-11-06,r,dave reichert,house,WA
1400,2012-11-06,d,adam smith,house,WA
1401,2012-11-06,d,dennis heck,house,WA
1402,2012-11-06,r,david mckinley,house,WV
1403,2012-11-06,r,shelley moore capito,house,WV
1404,2012-11-06,d,nick rahall,house,WV
1405,2012-11-06,r,paul ryan,house,WI
1406,2012-11-06,d,mark pocan,house,WI
1407,2012-11-06,d,ron kind,house,WI
1408,2012-11-06,d,gwen moore,house,WI
1409,2012-11-06,r,jim sensenbrenner,house,WI
1410,2012-11-06,r,tom petri,house,WI
1411,2012-11-06,r,sean duffy,house,WI
1412,2012-11-06,r,reid ribble,house,WI
1413,2012-11-06,r,cynthia lummis,house,WY
1414,2010-11-02,r,richard shelby,senate,AL
1415,2010-11-02,r,lisa murkowski,senate,AK
1416,2010-11-02,r,john mccain,senate,AZ
1417,2010-11-02,r,john boozman,senate,AR
1418,2010-11-02,d,barbara boxer,senate,CA
1419,2010-11-02,d,michael bennet,senate,CO
1420,2010-11-02,d,richard blumenthal,senate,CT
1421,2010-11-02,r,marco rubio,senate,FL
1422,2010-11-02,r,johnny isakson,senate,GA
1423,2010-11-02,d,daniel inouye,senate,HI
1424,2012-12-26,d,brian schatz,senate,HI
1425,2010-11-02,r,mike crapo,senate,ID
1426,2010-11-02,r,mark kirk,senate,IL
1427,2010-11-02,r,dan coats,senate,IN
1428,2010-11-02,r,chuck grassley,senate,IA
1429,2010-11-02,r,jerry moran,senate,KS
1430,2010-11-02,r,rand paul,senate,KY
1431,2010-11-02,r,david vitter,senate,LA
1432,2010-11-02,d,barbara mikulski,senate,MD
1433,2010-11-02,r,roy blunt,senate,MO
1434,2011-05-09,r,dean heller,senate,NV
1435,2010-11-02,d,harry reid,senate,NV
1436,2010-11-02,r,kelly ayotte,senate,NH
1437,2010-11-02,d,charles schumer,senate,NY
1438,2010-11-02,r,richard burr,senate,NC
1439,2010-11-02,r,john hoeven,senate,ND
1440,2010-11-02,r,rob portman,senate,OH
1441,2010-11-02,r,tom coburn,senate,OK
1442,2010-11-02,d,ron wyden,senate,OR
1443,2010-11-02,r,pat toomey,senate,PA
1444,2010-11-02,r,jim demint,senate,SC
1445,2013-01-02,r,tim scott,senate,SC
1446,2010-11-02,r,john thune,senate,SD
1447,2010-11-02,r,mike lee,senate,UT
1448,2010-11-02,d,patrick leahy,senate,VT
1449,2010-11-02,d,patty murray,senate,WA
1450,2010-11-02,r,ron johnson,senate,WI
1451,2010-11-02,r,jo bonner,house,AL
1452,2010-11-02,r,martha roby,house,AL
1453,2010-11-02,r,mike rogers,house,MI
1454,2010-11-02,r,mike rogers,house,MI
1455,2010-11-02,r,robert aderholt,house,AL
1456,2010-11-02,r,mo brooks,house,AL
1457,2010-11-02,r,spencer bachus,house,AL
1458,2010-11-02,d,terri sewell,house,AL
1459,2010-11-02,r,don young,house,AK
1460,2010-11-02,r,paul gosar,house,AZ
1461,2010-11-02,r,trent franks,house,AZ
1462,2010-11-02,r,ben quayle,house,AZ
1463,2010-11-02,d,ed pastor,house,AZ
1464,2010-11-02,r,david schweikert,house,AZ
1465,2010-11-02,r,jeff flake,house,AZ
1466,2010-11-02,d,raul grijalva,house,AZ
1467,2010-11-02,d,gabrielle giffords,house,AZ
1468,2012-06-12,d,ron barber,house,AZ
1469,2010-11-02,r,rick crawford,house,AR
1470,2010-11-02,r,timothy griffin,house,AR
1471,2010-11-02,r,steve womack,house,AR
1472,2010-11-02,d,mike ross,house,AR
1473,2010-11-02,d,mike thompson,house,CA
1474,2010-11-02,r,wally herger,house,CA
1475,2010-11-02,r,dan lungren,house,CA
1476,2010-11-02,r,tom mcclintock,house,CA
1477,2010-11-02,d,doris matsui,house,CA
1478,2010-11-02,d,lynn woolsey,house,CA
1479,2010-11-02,d,george miller,house,CA
1480,2010-11-02,d,nancy pelosi,house,CA
1481,2010-11-02,d,barbara lee,house,CA
1482,2010-11-02,d,john garamendi,house,CA
1483,2010-11-02,d,jerry mcnerney,house,CA
1484,2010-11-02,d,jackie speier,house,CA
1485,2010-11-02,d,pete stark,house,CA
1486,2010-11-02,d,anna eshoo,house,CA
1487,2010-11-02,d,mike honda,house,CA
1488,2010-11-02,d,zoe lofgren,house,CA
1489,2010-11-02,d,sam farr,house,CA
1490,2010-11-02,d,dennis cardoza,house,CA
1491,2010-11-02,r,jeff denham,house,CA
1492,2010-11-02,d,jim costa,house,CA
1493,2010-11-02,r,devin nunes,house,CA
1494,2010-11-02,r,kevin mccarthy,house,CA
1495,2010-11-02,d,lois capps,house,CA
1496,2010-11-02,r,elton gallegly,house,CA
1497,2010-11-02,r,howard mckeon,house,CA
1498,2010-11-02,r,david dreier,house,CA
1499,2010-11-02,d,brad sherman,house,CA
1500,2010-11-02,d,howard berman,house,CA
1501,2010-11-02,d,adam schiff,house,CA
1502,2010-11-02,d,henry waxman,house,CA
1503,2010-11-02,d,xavier becerra,house,CA
1504,2010-11-02,d,judy chu,house,CA
1505,2010-11-02,d,karen bass,house,CA
1506,2010-11-02,d,lucille roybal-allard,house,CA
1507,2010-11-02,d,maxine waters,house,CA
1508,2010-11-02,d,jane harman,house,CA
1509,2011-07-12,d,janice hahn,house,CA
1510,2010-11-02,d,laura richardson,house,CA
1511,2010-11-02,d,grace napolitano,house,CA
1512,2010-11-02,d,linda sanchez,house,CA
1513,2010-11-02,r,ed royce,house,CA
1514,2010-11-02,r,jerry lewis,house,CA
1515,2010-11-02,r,gary miller,house,CA
1516,2010-11-02,d,joe baca,house,CA
1517,2010-11-02,r,ken calvert,house,CA
1518,2010-11-02,r,mary bono mack,house,CA
1519,2010-11-02,r,dana rohrabacher,house,CA
1520,2010-11-02,d,loretta sanchez,house,CA
1521,2010-11-02,r,darrell issa,house,CA
1522,2010-11-02,r,brian bilbray,house,CA
1523,2010-11-02,d,bob filner,house,CA
1524,2010-11-02,r,duncan d. hunter,house,CA
1525,2010-11-02,d,susan davis,house,CA
1526,2010-11-02,d,diana degette,house,CO
1527,2010-11-02,d,jared polis,house,CO
1528,2010-11-02,r,scott tipton,house,CO
1529,2010-11-02,r,cory gardner,house,CO
1530,2010-11-02,r,doug lamborn,house,CO
1531,2010-11-02,r,mike coffman,house,CO
1532,2010-11-02,d,ed perlmutter,house,CO
1533,2010-11-02,d,joe courtney,house,CT
1534,2010-11-02,d,rosa delauro,house,CT
1535,2010-11-02,d,jim himes,house,CT
1536,2010-11-02,d,chris murphy,house,CT
1537,2010-11-02,d,john carney,house,DE
1538,2010-11-02,r,jeff miller,house,FL
1539,2010-11-02,r,steve southerland,house,FL
1540,2010-11-02,d,corrine brown,house,FL
1541,2010-11-02,r,ander crenshaw,house,FL
1542,2010-11-02,r,rich nugent,house,FL
1543,2010-11-02,r,cliff stearns,house,FL
1544,2010-11-02,r,john mica,house,FL
1545,2010-11-02,r,daniel webster,house,FL
1546,2010-11-02,r,gus bilirakis,house,FL
1547,2010-11-02,r,bill young,house,FL
1548,2010-11-02,d,kathy castor,house,FL
1549,2010-11-02,r,vern buchanan,house,FL
1550,2010-11-02,r,bill posey,house,FL
1551,2010-11-02,r,tom rooney,house,FL
1552,2010-11-02,d,frederica wilson,house,FL
1553,2010-11-02,r,ileana ros-lehtinen,house,FL
1554,2010-11-02,d,ted deutch,house,FL
1555,2010-11-02,d,debbie wasserman schultz,house,FL
1556,2010-11-02,r,mario diaz-balart,house,FL
1557,2010-11-02,r,allen west,house,FL
1558,2010-11-02,d,alcee hastings,house,FL
1559,2010-11-02,r,sandy adams,house,FL
1560,2010-11-02,r,david rivera,house,FL
1561,2010-11-02,r,jack kingston,house,GA
1562,2010-11-02,d,sanford bishop,house,GA
1563,2010-11-02,r,lynn westmoreland,house,GA
1564,2010-11-02,d,hank johnson,house,GA
1565,2010-11-02,d,john lewis,house,GA
1566,2010-11-02,r,tom price,house,GA
1567,2010-11-02,r,rob woodall,house,GA
1568,2010-11-02,r,austin scott,house,GA
1569,2010-11-02,r,tom graves,house,GA
1570,2010-11-02,r,paul broun,house,GA
1571,2010-11-02,r,phil gingrey,house,GA
1572,2010-11-02,d,john barrow,house,GA
1573,2010-11-02,d,david scott,house,GA
1574,2010-11-02,d,colleen hanabusa,house,HI
1575,2010-11-02,d,mazie hirono,house,HI
1576,2010-11-02,r,raul labrador,house,ID
1577,2010-11-02,r,mike simpson,house,ID
1578,2010-11-02,d,bobby rush,house,IL
1579,2010-11-02,d,jesse jackson jr.,house,IL
1580,2010-11-02,d,dan lipinski,house,IL
1581,2010-11-02,d,luis gutierrez,house,IL
1582,2010-11-02,r,peter roskam,house,IL
1583,2010-11-02,r,joe walsh,house,IL
1584,2010-11-02,d,jan schakowsky,house,IL
1585,2010-11-02,r,bob dold,house,IL
1586,2010-11-02,r,adam kinzinger,house,IL
1587,2010-11-02,d,jerry costello,house,IL
1588,2010-11-02,r,judy biggert,house,IL
1589,2010-11-02,r,randy hultgren,house,IL
1590,2010-11-02,r,tim johnson,house,IL
1591,2010-11-02,r,don manzullo,house,IL
1592,2010-11-02,r,bobby schilling,house,IL
1593,2010-11-02,r,aaron schock,house,IL
1594,2010-11-02,r,john shimkus,house,IL
1595,2010-11-02,d,pete visclosky,house,IN
1596,2010-11-02,d,joe donnelly,house,IN
1597,2010-11-02,r,marlin stutzman,house,IN
1598,2010-11-02,r,todd rokita,house,IN
1599,2010-11-02,r,dan burton,house,IN
1600,2010-11-02,r,mike pence,house,IN
1601,2010-11-02,d,andre carson,house,IN
1602,2010-11-02,r,larry bucshon,house,IN
1603,2010-11-02,r,todd young,house,IN
1604,2010-11-02,d,bruce braley,house,IA
1605,2010-11-02,d,david loebsack,house,IA
1606,2010-11-02,d,leonard boswell,house,IA
1607,2010-11-02,r,tom latham,house,IA
1608,2010-11-02,r,steve king,house,IA
1609,2010-11-02,r,tim huelskamp,house,KS
1610,2010-11-02,r,lynn jenkins,house,KS
1611,2010-11-02,r,kevin yoder,house,KS
1612,2010-11-02,r,mike pompeo,house,KS
1613,2010-11-02,r,ed whitfield,house,KY
1614,2010-11-02,r,brett guthrie,house,KY
1615,2010-11-02,d,john yarmuth,house,KY
1616,2010-11-02,r,geoff davis,house,KY
1617,2012-11-13,r,thomas massie,house,KY
1618,2010-11-02,r,hal rogers,house,KY
1619,2010-11-02,d,ben chandler,house,KY
1620,2010-11-02,r,steve scalise,house,LA
1621,2010-11-02,d,cedric richmond,house,LA
1622,2010-11-02,r,jeff landry,house,LA
1623,2010-11-02,r,john fleming,house,LA
1624,2010-11-02,r,rodney alexander,house,LA
1625,2010-11-02,r,bill cassidy,house,LA
1626,2010-11-02,r,charles boustany,house,LA
1627,2010-11-02,d,chellie pingree,house,ME
1628,2010-11-02,d,mike michaud,house,ME
1629,2010-11-02,d,dutch ruppersberger,house,MD
1630,2010-11-02,d,john sarbanes,house,MD
1631,2010-11-02,d,donna edwards,house,MD
1632,2010-11-02,d,steny hoyer,house,MD
1633,2010-11-02,r,roscoe bartlett,house,MD
1634,2010-11-02,d,elijah cummings,house,MD
1635,2010-11-02,d,chris van hollen,house,MD
1636,2010-11-02,d,john olver,house,MA
1637,2010-11-02,d,richard neal,house,MA
1638,2010-11-02,d,jim mcgovern,house,MA
1639,2010-11-02,d,barney frank,house,MA
1640,2010-11-02,d,niki tsongas,house,MA
1641,2010-11-02,d,ed markey,house,MA
1642,2010-11-02,d,mike capuano,house,MA
1643,2010-11-02,d,stephen lynch,house,MA
1644,2010-11-02,r,dan benishek,house,MI
1645,2010-11-02,r,bill huizenga,house,MI
1646,2010-11-02,r,justin amash,house,MI
1647,2010-11-02,r,dave camp,house,MI
1648,2010-11-02,d,dale kildee,house,MI
1649,2010-11-02,r,fred upton,house,MI
1650,2010-11-02,r,tim walberg,house,MI
1651,2010-11-02,d,gary peters,house,MI
1652,2010-11-02,r,candice miller,house,MI
1653,2010-11-02,r,thaddeus mccotter,house,MI
1654,2012-11-06,d,david curson,house,MI
1655,2010-11-02,d,hansen clarke,house,MI
1656,2010-11-02,d,john conyers,house,MI
1657,2010-11-02,d,john dingell,house,MI
1658,2010-11-02,d,tim walz,house,MN
1659,2010-11-02,r,john kline,house,MN
1660,2010-11-02,r,erik paulsen,house,MN
1661,2010-11-02,d,betty mccollum,house,MN
1662,2010-11-02,d,keith ellison,house,MN
1663,2010-11-02,r,michele bachmann,house,MN
1664,2010-11-02,d,collin peterson,house,MN
1665,2010-11-02,r,chip cravaack,house,MN
1666,2010-11-02,r,alan nunnelee,house,MS
1667,2010-11-02,d,bennie thompson,house,MS
1668,2010-11-02,r,gregg harper,house,MS
1669,2010-11-02,r,steven palazzo,house,MS
1670,2010-11-02,d,lacy clay,house,MO
1671,2010-11-02,r,todd akin,house,MO
1672,2010-11-02,d,russ carnahan,house,MO
1673,2010-11-02,r,vicky hartzler,house,MO
1674,2010-11-02,d,emanuel cleaver,house,MO
1675,2010-11-02,r,sam graves,house,MO
1676,2010-11-02,r,jo ann emerson,house,MO
1677,2010-11-02,r,blaine luetkemeyer,house,MO
1678,2010-11-02,r,denny rehberg,house,MT
1679,2010-11-02,r,jeff fortenberry,house,NE
1680,2010-11-02,r,lee terry,house,NE
1681,2010-11-02,r,adrian smith,house,NE
1682,2010-11-02,d,shelley berkley,house,NV
1683,2010-11-02,r,dean heller,house,NV
1684,2011-09-13,r,mark amodei,house,NV
1685,2010-11-02,r,joe heck,house,NV
1686,2010-11-02,r,frank guinta,house,NH
1687,2010-11-02,r,charles bass,house,NH
1688,2010-11-02,d,rob andrews,house,NJ
1689,2010-11-02,r,frank lobiondo,house,NJ
1690,2010-11-02,r,jon runyan,house,NJ
1691,2010-11-02,r,chris smith,house,NJ
1692,2010-11-02,r,scott garrett,house,NJ
1693,2010-11-02,d,frank pallone,house,NJ
1694,2010-11-02,r,leonard lance,house,NJ
1695,2010-11-02,d,bill pascrell,house,NJ
1696,2010-11-02,d,steve rothman,house,NJ
1697,2012-11-06,d,donald payne jr.,house,NJ
1698,2010-11-02,r,rodney frelinghuysen,house,NJ
1699,2010-11-02,d,rush holt jr.,house,NJ
1700,2010-11-02,d,albio sires,house,NJ
1701,2010-11-02,d,martin heinrich,house,NM
1702,2010-11-02,r,steve pearce,house,NM
1703,2010-11-02,d,tim bishop,house,NY
1704,2010-11-02,d,steve israel,house,NY
1705,2010-11-02,d,carolyn mccarthy,house,NY
1706,2010-11-02,d,gary ackerman,house,NY
1707,2010-11-02,d,gregory meeks,house,NY
1708,2010-11-02,d,joseph crowley,house,NY
1709,2010-11-02,d,jerrold nadler,house,NY
1710,2010-11-02,d,anthony weiner,house,NY
1711,2011-09-13,r,bob turner,house,NY
1712,2010-11-02,d,edolphus towns,house,NY
1713,2010-11-02,d,yvette clarke,house,NY
1714,2010-11-02,d,nydia velazquez,house,NY
1715,2010-11-02,r,michael grimm,house,NY
1716,2010-11-02,d,carolyn maloney,house,NY
1717,2010-11-02,d,jose e. serrano,house,NY
1718,2010-11-02,d,eliot engel,house,NY
1719,2010-11-02,d,nita lowey,house,NY
1720,2010-11-02,r,nan hayworth,house,NY
1721,2010-11-02,r,chris gibson,house,NY
1722,2010-11-02,d,paul tonko,house,NY
1723,2010-11-02,d,maurice hinchey,house,NY
1724,2010-11-02,d,bill owens,house,NY
1725,2010-11-02,r,ann marie buerkle,house,NY
1726,2010-11-02,r,chris lee,house,NY
1727,2011-05-24,d,kathy hochul,house,NY
1728,2010-11-02,d,brian higgins,house,NY
1729,2010-11-02,d,louise slaughter,house,NY
1730,2010-11-02,r,tom reed,house,NY
1731,2010-11-02,d,g. k. butterfield,house,NC
1732,2010-11-02,r,renee ellmers,house,NC
1733,2010-11-02,r,walter b. jones jr.,house,NC
1734,2010-11-02,d,david price,house,NC
1735,2010-11-02,r,virginia foxx,house,NC
1736,2010-11-02,r,howard coble,house,NC
1737,2010-11-02,d,mike mcintyre,house,NC
1738,2010-11-02,d,larry kissell,house,NC
1739,2010-11-02,r,sue myrick,house,NC
1740,2010-11-02,r,patrick mchenry,house,NC
1741,2010-11-02,d,heath shuler,house,NC
1742,2010-11-02,d,mel watt,house,NC
1743,2010-11-02,d,brad miller,house,NC
1744,2010-11-02,r,rick berg,house,ND
1745,2010-11-02,r,steve chabot,house,OH
1746,2010-11-02,r,jean schmidt,house,OH
1747,2010-11-02,r,mike turner,house,OH
1748,2010-11-02,r,jim jordan,house,OH
1749,2010-11-02,r,bob latta,house,OH
1750,2010-11-02,r,bill johnson,house,OH
1751,2010-11-02,r,steve austria,house,OH
1752,2010-11-02,r,john boehner,house,OH
1753,2010-11-02,d,marcy kaptur,house,OH
1754,2010-11-02,d,dennis kucinich,house,OH
1755,2010-11-02,d,marcia fudge,house,OH
1756,2010-11-02,r,pat tiberi,house,OH
1757,2010-11-02,d,betty sutton,house,OH
1758,2010-11-02,r,steve latourette,house,OH
1759,2010-11-02,r,steve stivers,house,OH
1760,2010-11-02,r,jim renacci,house,OH
1761,2010-11-02,d,tim ryan,house,OH
1762,2010-11-02,r,bob gibbs,house,OH
1763,2010-11-02,r,john sullivan,house,OK
1764,2010-11-02,d,dan boren,house,OK
1765,2010-11-02,r,frank lucas,house,OK
1766,2010-11-02,r,tom cole,house,OK
1767,2010-11-02,r,james lankford,house,OK
1768,2010-11-02,d,david wu,house,OR
1769,2012-01-31,d,suzanne bonamici,house,OR
1770,2010-11-02,r,greg walden,house,OR
1771,2010-11-02,d,earl blumenauer,house,OR
1772,2010-11-02,d,peter defazio,house,OR
1773,2010-11-02,d,kurt schrader,house,OR
1774,2010-11-02,d,bob brady,house,PA
1775,2010-11-02,d,chaka fattah,house,PA
1776,2010-11-02,r,mike kelly,house,PA
1777,2010-11-02,d,jason altmire,house,PA
1778,2010-11-02,r,glenn thompson,house,PA
1779,2010-11-02,r,jim gerlach,house,PA
1780,2010-11-02,r,pat meehan,house,PA
1781,2010-11-02,r,mike fitzpatrick,house,PA
1782,2010-11-02,r,bill shuster,house,PA
1783,2010-11-02,r,tom marino,house,PA
1784,2010-11-02,r,lou barletta,house,PA
1785,2010-11-02,d,mark critz,house,PA
1786,2010-11-02,d,allyson schwartz,house,PA
1787,2010-11-02,r,charlie dent,house,PA
1788,2010-11-02,d,tim holden,house,PA
1789,2010-11-02,d,david cicilline,house,RI
1790,2010-11-02,d,james langevin,house,RI
1791,2010-11-02,r,tim scott,house,SC
1792,2010-11-02,r,joe wilson,house,SC
1793,2010-11-02,r,jeff duncan,house,SC
1794,2010-11-02,r,trey gowdy,house,SC
1795,2010-11-02,r,mick mulvaney,house,SC
1796,2010-11-02,d,jim clyburn,house,SC
1797,2010-11-02,r,kristi noem,house,SD
1798,2010-11-02,r,phil roe,house,TN
1799,2010-11-02,r,jimmy duncan,house,TN
1800,2010-11-02,r,chuck fleischmann,house,TN
1801,2010-11-02,r,scott desjarlais,house,TN
1802,2010-11-02,d,jim cooper,house,TN
1803,2010-11-02,r,diane black,house,TN
1804,2010-11-02,r,marsha blackburn,house,TN
1805,2010-11-02,r,stephen fincher,house,TN
1806,2010-11-02,d,steve cohen,house,TN
1807,2010-11-02,r,louie gohmert,house,TX
1808,2010-11-02,r,ted poe,house,TX
1809,2010-11-02,r,sam johnson,house,TX
1810,2010-11-02,r,ralph hall,house,TX
1811,2010-11-02,r,jeb hensarling,house,TX
1812,2010-11-02,r,joe barton,house,TX
1813,2010-11-02,r,john culberson,house,TX
1814,2010-11-02,r,kevin brady,house,TX
1815,2010-11-02,d,al green,house,TX
1816,2010-11-02,r,michael mccaul,house,TX
1817,2010-11-02,r,mike conaway,house,TX
1818,2010-11-02,r,kay granger,house,TX
1819,2010-11-02,r,mac thornberry,house,TX
1820,2010-11-02,r,ron paul,house,TX
1821,2010-11-02,d,ruben hinojosa,house,TX
1822,2010-11-02,d,silvestre reyes,house,TX
1823,2010-11-02,r,bill flores,house,TX
1824,2010-11-02,d,sheila jackson lee,house,TX
1825,2010-11-02,r,randy neugebauer,house,TX
1826,2010-11-02,d,charlie gonzalez,house,TX
1827,2010-11-02,r,pete olson,house,TX
1828,2010-11-02,r,quico canseco,house,TX
1829,2010-11-02,r,kenny marchant,house,TX
1830,2010-11-02,d,lloyd doggett,house,TX
1831,2010-11-02,r,blake farenthold,house,TX
1832,2010-11-02,d,henry cuellar,house,TX
1833,2010-11-02,d,gene green,house,TX
1834,2010-11-02,d,eddie bernice johnson,house,TX
1835,2010-11-02,r,john carter,house,TX
1836,2010-11-02,r,pete sessions,house,TX
1837,2010-11-02,r,rob bishop,house,UT
1838,2010-11-02,d,jim matheson,house,UT
1839,2010-11-02,r,jason chaffetz,house,UT
1840,2010-11-02,d,peter welch,house,VT
1841,2010-11-02,r,rob wittman,house,VA
1842,2010-11-02,r,scott rigell,house,VA
1843,2010-11-02,d,bobby scott,house,VA
1844,2010-11-02,r,randy forbes,house,VA
1845,2010-11-02,r,robert hurt,house,VA
1846,2010-11-02,r,bob goodlatte,house,VA
1847,2010-11-02,r,eric cantor,house,VA
1848,2010-11-02,d,jim moran,house,VA
1849,2010-11-02,r,morgan griffith,house,VA
1850,2010-11-02,r,frank wolf,house,VA
1851,2010-11-02,d,gerry connolly,house,VA
1852,2010-11-02,d,jay inslee,house,WA
1853,2012-11-06,d,suzan delbene,house,WA
1854,2010-11-02,d,rick larsen,house,WA
1855,2010-11-02,r,jaime herrera beutler,house,WA
1856,2010-11-02,r,doc hastings,house,WA
1857,2010-11-02,r,cathy mcmorris rodgers,house,WA
1858,2010-11-02,d,jim mcdermott,house,WA
1859,2010-11-02,r,dave reichert,house,WA
1860,2010-11-02,d,adam smith,house,WA
1861,2010-11-02,r,david mckinley,house,WV
1862,2010-11-02,r,shelley moore capito,house,WV
1863,2010-11-02,d,nick rahall,house,WV
1864,2010-11-02,r,paul ryan,house,WI
1865,2010-11-02,d,tammy baldwin,house,WI
1866,2010-11-02,d,ron kind,house,WI
1867,2010-11-02,d,gwen moore,house,WI
1868,2010-11-02,r,jim sensenbrenner,house,WI
1869,2010-11-02,r,tom petri,house,WI
1870,2010-11-02,r,sean duffy,house,WI
1871,2010-11-02,r,reid ribble,house,WI
1872,2010-11-02,r,cynthia lummis,house,WY
