,race_name,race_type,state,top_candidates,pollster,poll_results,poll_leader,poll_spread,date,winner,district
0,pennsylvania 12th district special election,house,PA,"['burns', 'critz']",ppp (d),"{'burns': 44.0, 'critz': 41.0}",burns,3.0,2010-04-20,critz,12
1,new hampshire 1st district,house,NH,"['guinta', 'shea-porter']",ppp (d),"{'guinta': 46.0, 'shea-porter': 45.0}",guinta,1.0,2010-04-22,guinta,1
2,new hampshire 2nd district,house,NH,"['bass', 'swett']",ppp (d),"{'bass': 47.0, 'swett': 32.0}",bass,15.0,2010-04-22,bass,2
3,new hampshire 1st district,house,NH,"['guinta', 'shea-porter']",wmur/unh,"{'guinta': 42.0, 'shea-porter': 38.0}",guinta,4.0,2010-04-30,guinta,1
4,new hampshire 2nd district,house,NH,"['bass', 'swett']",wmur/unh,"{'bass': 44.0, 'swett': 27.0}",bass,17.0,2010-04-30,bass,2
5,maryland 1st district,house,MD,"['harris', 'kratovil']",pos (r),"{'harris': 39.0, 'kratovil': 36.0}",harris,3.0,2010-05-01,harris,1
6,pennsylvania 12th district special election,house,PA,"['burns', 'critz']",r2000/daily kos (d),"{'burns': 46.0, 'critz': 40.0}",burns,6.0,2010-05-01,critz,12
7,pennsylvania 12th district special election,house,PA,"['burns', 'critz']",r2000/daily kos (d),"{'critz': 40.0, 'burns': 46.0}",burns,6.0,2010-05-01,critz,12
8,hawaii 1st district special election,house,HI,"['djou', 'case']",honolulu advertiser,"{'djou': 36.0, 'case': 28.0, 'hanabusa': 22.0}",djou,8.0,2010-05-02,<BLANK>,1
9,pennsylvania 12th district special election,house,PA,"['critz', 'burns']",susquehanna,"{'critz': 44.0, 'burns': 38.0}",critz,6.0,2010-05-12,critz,12
10,pennsylvania 12th district special election,house,PA,"['critz', 'burns']",susquehanna,"{'burns': 38.0, 'critz': 44.0}",critz,6.0,2010-05-12,critz,12
11,pennsylvania 12th district special election,house,PA,"['burns', 'critz']",ppp (d),"{'critz': 47.0, 'burns': 48.0}",burns,1.0,2010-05-17,critz,12
12,south carolina 4th district,house,SC,"['gowdy', 'inglis']",ppp (d),"{'gowdy': 37.0, 'inglis': 33.0, 'lee': 9.0, 'thomas': 9.0, 'jeffrey': 5.0}",gowdy,4.0,2010-06-06,gowdy,4
13,north carolina 2nd district,house,NC,"['ellmers', 'etheridge']",surveyusa,"{'ellmers': 39.0, 'etheridge': 38.0, 'rose': 13.0}",ellmers,1.0,2010-06-17,ellmers,2
14,minnesota 6th district,house,MN,"['bachmann', 'clark']",surveyusa,"{'bachmann': 48.0, 'clark': 39.0, 'anderson': 6.0}",bachmann,9.0,2010-07-13,bachmann,6
15,nevada 3rd district,house,NV,"['titus', 'heck']",las vegas review-journal,"{'titus': 42.0, 'heck': 40.0}",titus,2.0,2010-07-18,heck,3
16,virginia 5th district,house,VA,"['hurt', 'perriello']",surveyusa,"{'hurt': 58.0, 'perriello': 35.0}",hurt,23.0,2010-07-21,hurt,5
17,virginia 9th district,house,VA,"['boucher', 'griffith']",surveyusa,"{'boucher': 52.0, 'griffith': 39.0}",boucher,13.0,2010-07-22,griffith,9
18,new mexico 1st district,house,NM,"['barela', 'heinrich']",surveyusa,"{'barela': 51.0, 'heinrich': 45.0}",barela,6.0,2010-07-27,heinrich,1
19,kentucky 6th district,house,KY,"['chandler', 'barr']",cn|2/braun research,"{'chandler': 46.0, 'barr': 32.0}",chandler,14.0,2010-07-29,chandler,6
20,north carolina 11th district,house,NC,"['shuler', 'miller']",surveyusa,"{'shuler': 45.0, 'miller': 44.0}",shuler,1.0,2010-08-02,shuler,11
21,nevada 3rd district,house,NV,"['titus', 'heck']",las vegas review-journal,"{'titus': 43.0, 'heck': 42.0}",titus,1.0,2010-08-15,heck,3
22,virginia 5th district,house,VA,"['hurt', 'perriello']",aaf/ayers (r),"{'hurt': 49.0, 'perriello': 43.0}",hurt,6.0,2010-08-16,hurt,5
23,new york 23rd district,house,NY,"['owens', 'doheny']",aaf/ayers (r),"{'owens': 41.0, 'doheny': 39.0}",owens,2.0,2010-08-16,owens,23
24,new york 25th district,house,NY,"['maffei', 'buerkle']",aaf/ayers (r),"{'maffei': 44.0, 'buerkle': 41.0}",maffei,3.0,2010-08-16,<BLANK>,25
25,pennsylvania 3rd district,house,PA,"['kelly', 'dahlkemper']",aaf/ayers (r),"{'kelly': 52.0, 'dahlkemper': 38.0}",kelly,14.0,2010-08-16,kelly,3
26,pennsylvania 10th district,house,PA,"['marino', 'carney']",aaf/ayers (r),"{'marino': 52.0, 'carney': 37.0}",marino,15.0,2010-08-16,marino,10
27,pennsylvania 11th district,house,PA,"['barletta', 'kanjorski']",aaf/ayers (r),"{'barletta': 52.0, 'kanjorski': 41.0}",barletta,11.0,2010-08-16,barletta,11
28,pennsylvania 12th district,house,PA,"['burns', 'critz']",aaf/ayers (r),"{'burns': 44.0, 'critz': 40.0}",burns,4.0,2010-08-16,critz,12
29,west virginia 3rd district,house,WV,"['rahall', 'maynard']",aaf/ayers (r),"{'rahall': 53.0, 'maynard': 37.0}",rahall,16.0,2010-08-16,rahall,3
30,new york 20th district,house,NY,"['murphy', 'gibson']",aaf/ayers (r),"{'murphy': 45.0, 'gibson': 40.0}",murphy,5.0,2010-08-16,gibson,20
31,washington 3rd district,house,WA,"['herrera', 'heck']",surveyusa,"{'herrera': 54.0, 'heck': 41.0}",herrera,13.0,2010-08-26,<BLANK>,3
32,virginia 5th district,house,VA,"['hurt', 'perriello']",surveyusa,"{'hurt': 61.0, 'perriello': 35.0}",hurt,26.0,2010-09-02,hurt,5
33,nevada 3rd district,house,NV,"['heck', 'titus']",aaf/ayers (r),"{'titus': 45.0, 'heck': 48.0}",heck,3.0,2010-09-02,heck,3
34,kentucky 3rd district,house,KY,"['yarmuth', 'lally']",surveyusa,"{'yarmuth': 47.0, 'lally': 45.0}",yarmuth,2.0,2010-09-03,yarmuth,3
35,virginia 9th district,house,VA,"['boucher', 'griffith']",surveyusa,"{'boucher': 50.0, 'griffith': 40.0}",boucher,10.0,2010-09-03,griffith,9
36,washington 8th district,house,WA,"['reichert', 'delbene']",surveyusa,"{'reichert': 54.0, 'delbene': 41.0}",reichert,13.0,2010-09-04,reichert,8
37,washington 2nd district,house,WA,"['koster', 'larsen']",surveyusa,"{'koster': 50.0, 'larsen': 46.0}",koster,4.0,2010-09-04,larsen,2
38,maine 2nd district,house,ME,"['michaud', 'levesque']",ppp (d),"{'michaud': 45.0, 'levesque': 38.0}",michaud,7.0,2010-09-09,michaud,2
39,maine 1st district,house,ME,"['pingree', 'scontras']",ppp (d),"{'pingree': 47.0, 'scontras': 38.0}",pingree,9.0,2010-09-09,pingree,1
40,nevada 3rd district,house,NV,"['titus', 'heck']",las vegas review-journal,"{'heck': 43.0, 'titus': 47.0}",titus,4.0,2010-09-13,heck,3
41,nevada 3rd district,house,NV,"['titus', 'heck']",las vegas review-journal,"{'titus': 47.0, 'heck': 43.0}",titus,4.0,2010-09-13,heck,3
42,california 20th district,house,CA,"['costa', 'vidak']",surveyusa,"{'costa': 48.0, 'vidak': 46.0}",costa,2.0,2010-09-15,costa,20
43,washington 3rd district,house,WA,"['herrera', 'heck']",surveyusa,"{'herrera': 52.0, 'heck': 43.0}",herrera,9.0,2010-09-16,<BLANK>,3
44,michigan 9th district,house,MI,"['raczkowski', 'peters']",rossman group (d),"{'raczkowski': 45.0, 'peters': 41.0}",raczkowski,4.0,2010-09-16,peters,9
45,minnesota 6th district,house,MN,"['bachmann', 'clark']",surveyusa,"{'bachmann': 49.0, 'clark': 40.0}",bachmann,9.0,2010-09-17,bachmann,6
46,new york 20th district,house,NY,"['murphy', 'gibson']",siena,"{'murphy': 54.0, 'gibson': 37.0}",murphy,17.0,2010-09-17,gibson,20
47,pennsylvania 15th district,house,PA,"['dent', 'callahan']",morning call,"{'dent': 49.0, 'callahan': 38.0}",dent,11.0,2010-09-19,dent,15
48,maine 2nd district,house,ME,"['michaud', 'levesque']",critical insights,"{'michaud': 48.0, 'levesque': 28.0}",michaud,20.0,2010-09-19,michaud,2
49,maine 1st district,house,ME,"['pingree', 'scontras']",critical insights,"{'pingree': 53.0, 'scontras': 29.0}",pingree,24.0,2010-09-19,pingree,1
50,washington 9th district,house,WA,"['smith', 'muri']",surveyusa,"{'smith': 49.0, 'muri': 46.0}",smith,3.0,2010-09-20,smith,9
51,michigan 15th district,house,MI,"['dingell', 'steele']",detroit news,"{'steele': 30.0, 'dingell': 49.0}",dingell,19.0,2010-09-20,dingell,15
52,new york 29th district,house,NY,"['reed', 'zeller']",siena,"{'reed': 44.0, 'zeller': 30.0}",reed,14.0,2010-09-21,reed,29
53,idaho 1st district,house,ID,"['minnick', 'labrador']",mason-dixon,"{'minnick': 46.0, 'labrador': 36.0}",minnick,10.0,2010-09-21,labrador,1
54,new york 24th district,house,NY,"['arcuri', 'hanna']",siena,"{'arcuri': 48.0, 'hanna': 40.0}",arcuri,8.0,2010-09-21,<BLANK>,24
55,rhode island 1st district,house,RI,"['cicilline', 'loughlin']",nbc 10/quest research,"{'cicilline': 49.0, 'loughlin': 26.0}",cicilline,23.0,2010-09-22,cicilline,1
56,pennsylvania 3rd district,house,PA,"['kelly', 'dahlkemper']",franklin & marshall,"{'kelly': 44.0, 'dahlkemper': 38.0}",kelly,6.0,2010-09-22,kelly,3
57,pennsylvania 8th district,house,PA,"['fitzpatrick', 'murphy']",franklin & marshall,"{'fitzpatrick': 49.0, 'murphy': 35.0}",fitzpatrick,14.0,2010-09-23,fitzpatrick,8
58,kentucky 3rd district,house,KY,"['yarmuth', 'lally']",cn|2/braun research,"{'yarmuth': 53.0, 'lally': 30.0}",yarmuth,23.0,2010-09-23,yarmuth,3
59,michigan 7th district,house,MI,"['walberg', 'schauer']",rossman group (d),"{'walberg': 42.0, 'schauer': 38.0}",walberg,4.0,2010-09-23,walberg,7
60,kentucky 6th district,house,KY,"['chandler', 'barr']",cn|2/braun research,"{'chandler': 51.0, 'barr': 37.0}",chandler,14.0,2010-09-25,chandler,6
61,pennsylvania 11th district,house,PA,"['barletta', 'kanjorski']",times leader/critical insights,"{'barletta': 43.0, 'kanjorski': 32.0}",barletta,11.0,2010-09-26,barletta,11
62,pennsylvania 10th district,house,PA,"['marino', 'carney']",times leader/critical insights,"{'marino': 40.0, 'carney': 36.0}",marino,4.0,2010-09-26,marino,10
63,new jersey 3rd district,house,NJ,"['adler', 'runyan']",stockton/zogby,"{'adler': 38.0, 'runyan': 30.0}",adler,8.0,2010-09-27,runyan,3
64,florida 22nd district,house,FL,"['klein', 'west']",harstad strategic res. (d),"{'klein': 48.0, 'west': 43.0}",klein,5.0,2010-09-27,west,22
65,new hampshire 2nd district,house,NH,"['bass', 'kuster']",american res. group,"{'kuster': 36.0, 'bass': 38.0}",bass,2.0,2010-09-27,bass,2
66,new hampshire 1st district,house,NH,"['guinta', 'shea-porter']",american res. group,"{'guinta': 50.0, 'shea-porter': 40.0}",guinta,10.0,2010-09-27,guinta,1
67,new hampshire 2nd district,house,NH,"['bass', 'kuster']",american res. group,"{'bass': 38.0, 'kuster': 36.0}",bass,2.0,2010-09-27,bass,2
68,new mexico 1st district,house,NM,"['heinrich', 'barela']",daily kos/ppp (d),"{'heinrich': 50.0, 'barela': 43.0}",heinrich,7.0,2010-09-28,heinrich,1
69,new mexico 2nd district,house,NM,"['pearce', 'teague']",daily kos/ppp (d),"{'pearce': 48.0, 'teague': 47.0}",pearce,1.0,2010-09-28,pearce,2
70,new mexico 3rd district,house,NM,"['lujan', 'mullins']",daily kos/ppp (d),"{'lujan': 49.0, 'mullins': 43.0}",lujan,6.0,2010-09-28,<BLANK>,3
71,florida 8th district,house,FL,"['webster', 'grayson']",sunshine state news/vss,"{'webster': 43.0, 'grayson': 36.0}",webster,7.0,2010-09-29,webster,8
72,north carolina 7th district,house,NC,"['pantano', 'mcintyre']",surveyusa,"{'pantano': 46.0, 'mcintyre': 45.0}",pantano,1.0,2010-09-29,mcintyre,7
73,new jersey 3rd district,house,NJ,"['adler', 'runyan']",rutgers-eagleton,"{'adler': 41.0, 'runyan': 39.0}",adler,2.0,2010-09-29,runyan,3
74,maine 1st district,house,ME,"['pingree', 'scontras']",critical insights,"{'pingree': 54.0, 'scontras': 26.0}",pingree,28.0,2010-09-29,pingree,1
75,virginia 5th district,house,VA,"['hurt', 'perriello']",surveyusa,"{'hurt': 58.0, 'perriello': 35.0}",hurt,23.0,2010-09-29,hurt,5
76,maine 2nd district,house,ME,"['michaud', 'levesque']",critical insights,"{'michaud': 44.0, 'levesque': 32.0}",michaud,12.0,2010-09-29,michaud,2
77,new jersey 3rd district,house,NJ,"['adler', 'runyan']",monmouth/gannett,"{'adler': 42.0, 'runyan': 39.0}",adler,3.0,2010-09-30,runyan,3
78,virginia 9th district,house,VA,"['boucher', 'griffith']",surveyusa,"{'boucher': 53.0, 'griffith': 38.0}",boucher,15.0,2010-09-30,griffith,9
79,ohio 1st district,house,OH,"['chabot', 'driehaus']",surveyusa,"{'chabot': 53.0, 'driehaus': 41.0}",chabot,12.0,2010-10-01,chabot,1
80,new hampshire 2nd district,house,NH,"['bass', 'kuster']",wmur/unh,"{'bass': 43.0, 'kuster': 38.0}",bass,5.0,2010-10-01,bass,2
81,rhode island 1st district,house,RI,"['cicilline', 'loughlin']",wpri/fleming,"{'cicilline': 48.0, 'loughlin': 29.0}",cicilline,19.0,2010-10-01,cicilline,1
82,washington 2nd district,house,WA,"['larsen', 'koster']",surveyusa,"{'larsen': 50.0, 'koster': 47.0}",larsen,3.0,2010-10-01,larsen,2
83,new hampshire 1st district,house,NH,"['guinta', 'shea-porter']",wmur/unh,"{'guinta': 49.0, 'shea-porter': 39.0}",guinta,10.0,2010-10-01,guinta,1
84,new hampshire 2nd district,house,NH,"['bass', 'kuster']",wmur/unh,"{'kuster': 38.0, 'bass': 43.0}",bass,5.0,2010-10-01,bass,2
85,washington 8th district,house,WA,"['reichert', 'delbene']",surveyusa,"{'reichert': 52.0, 'delbene': 45.0}",reichert,7.0,2010-10-02,reichert,8
86,new mexico 2nd district,house,NM,"['pearce', 'teague']",albuquerque journal,"{'pearce': 45.0, 'teague': 44.0}",pearce,1.0,2010-10-04,pearce,2
87,new mexico 1st district,house,NM,"['heinrich', 'barela']",albuquerque journal,"{'heinrich': 48.0, 'barela': 41.0}",heinrich,7.0,2010-10-04,heinrich,1
88,hawaii 1st district,house,HI,"['hanabusa', 'djou']",daily kos/ppp (d),"{'djou': 47.0, 'hanabusa': 48.0}",hanabusa,1.0,2010-10-05,hanabusa,1
89,louisiana 2nd district,house,LA,"['richmond', 'cao']",daily kos/ppp (d),"{'richmond': 49.0, 'cao': 38.0}",richmond,11.0,2010-10-05,richmond,2
90,hawaii 1st district,house,HI,"['hanabusa', 'djou']",daily kos/ppp (d),"{'hanabusa': 48.0, 'djou': 47.0}",hanabusa,1.0,2010-10-05,hanabusa,1
91,rhode island 1st district,house,RI,"['cicilline', 'loughlin']",brown university,"{'cicilline': 39.0, 'loughlin': 21.0}",cicilline,18.0,2010-10-05,cicilline,1
92,arizona 1st district,house,AZ,"['gosar', 'kirkpatrick']","the hill/penn, schoen & berland (d)","{'gosar': 46.0, 'kirkpatrick': 39.0}",gosar,7.0,2010-10-06,gosar,1
93,illinois 11th district,house,IL,"['kinzinger', 'halvorson']","the hill/penn, schoen & berland (d)","{'kinzinger': 49.0, 'halvorson': 31.0}",kinzinger,18.0,2010-10-06,kinzinger,11
94,maryland 1st district,house,MD,"['harris', 'kratovil']","the hill/penn, schoen & berland (d)","{'harris': 43.0, 'kratovil': 40.0}",harris,3.0,2010-10-06,harris,1
95,ohio 15th district,house,OH,"['stivers', 'kilroy']","the hill/penn, schoen & berland (d)","{'stivers': 47.0, 'kilroy': 38.0}",stivers,9.0,2010-10-06,stivers,15
96,arizona 1st district,house,AZ,"['gosar', 'kirkpatrick']",the hill/anga,"{'gosar': 46.0, 'kirkpatrick': 39.0}",gosar,7.0,2010-10-06,gosar,1
97,illinois 11th district,house,IL,"['kinzinger', 'halvorson']",the hill/anga,"{'kinzinger': 49.0, 'halvorson': 31.0}",kinzinger,18.0,2010-10-06,kinzinger,11
98,maryland 1st district,house,MD,"['harris', 'kratovil']",the hill/anga,"{'harris': 43.0, 'kratovil': 40.0}",harris,3.0,2010-10-06,harris,1
99,new mexico 2nd district,house,NM,"['pearce', 'teague']",the hill/anga,"{'pearce': 46.0, 'teague': 42.0}",pearce,4.0,2010-10-06,pearce,2
100,ohio 15th district,house,OH,"['stivers', 'kilroy']",the hill/anga,"{'stivers': 47.0, 'kilroy': 38.0}",stivers,9.0,2010-10-06,stivers,15
101,virginia 5th district,house,VA,"['hurt', 'perriello']",the hill/anga,"{'hurt': 45.0, 'perriello': 44.0}",hurt,1.0,2010-10-06,hurt,5
102,new mexico 2nd district,house,NM,"['pearce', 'teague']","the hill/penn, schoen & berland (d)","{'pearce': 46.0, 'teague': 42.0}",pearce,4.0,2010-10-06,pearce,2
103,michigan 7th district,house,MI,"['walberg', 'schauer']",the hill/anga,"{'walberg': 41.0, 'schauer': 41.0}",,,2010-10-06,walberg,7
104,nevada 3rd district,house,NV,"['heck', 'titus']",the hill/anga,"{'heck': 47.0, 'titus': 44.0}",heck,3.0,2010-10-06,heck,3
105,ohio 16th district,house,OH,"['renacci', 'boccieri']",the hill/anga,"{'renacci': 42.0, 'boccieri': 39.0}",renacci,3.0,2010-10-06,renacci,16
106,colorado 4th district,house,CO,"['gardner', 'markey']",the hill/anga,"{'gardner': 44.0, 'markey': 41.0}",gardner,3.0,2010-10-06,gardner,4
107,virginia 2nd district,house,VA,"['rigell', 'nye']",the hill/anga,"{'rigell': 42.0, 'nye': 36.0}",rigell,6.0,2010-10-06,rigell,2
108,virginia 5th district,house,VA,"['hurt', 'perriello']","the hill/penn, schoen & berland (d)","{'hurt': 45.0, 'perriello': 44.0}",hurt,1.0,2010-10-06,hurt,5
109,colorado 4th district,house,CO,"['gardner', 'markey']","the hill/penn, schoen & berland (d)","{'gardner': 44.0, 'markey': 41.0}",gardner,3.0,2010-10-06,gardner,4
110,pennsylvania 3rd district,house,PA,"['kelly', 'dahlkemper']",the hill/anga,"{'kelly': 49.0, 'dahlkemper': 36.0}",kelly,13.0,2010-10-06,kelly,3
111,nevada 3rd district,house,NV,"['heck', 'titus']","the hill/penn, schoen & berland (d)","{'heck': 47.0, 'titus': 44.0}",heck,3.0,2010-10-06,heck,3
112,ohio 16th district,house,OH,"['renacci', 'boccieri']","the hill/penn, schoen & berland (d)","{'renacci': 42.0, 'boccieri': 39.0}",renacci,3.0,2010-10-06,renacci,16
113,pennsylvania 3rd district,house,PA,"['kelly', 'dahlkemper']","the hill/penn, schoen & berland (d)","{'kelly': 49.0, 'dahlkemper': 36.0}",kelly,13.0,2010-10-06,kelly,3
114,michigan 7th district,house,MI,"['walberg', 'schauer']","the hill/penn, schoen & berland (d)","{'walberg': 41.0, 'schauer': 41.0}",,,2010-10-06,walberg,7
115,indiana 2nd district,house,IN,"['donnelly', 'walorski']",wsbt/epic-mra,"{'donnelly': 48.0, 'walorski': 39.0}",donnelly,9.0,2010-10-06,donnelly,2
116,connecticut 5th district,house,CT,"['caligiuri', 'murphy']",ct capitol report/mrg,"{'caligiuri': 50.0, 'murphy': 44.0}",caligiuri,6.0,2010-10-06,murphy,5
117,north carolina 8th district,house,NC,"['kissell', 'johnson']",surveyusa,"{'kissell': 46.0, 'johnson': 45.0}",kissell,1.0,2010-10-06,kissell,8
118,new jersey 6th district,house,NJ,"['pallone', 'little']",monmouth university,"{'pallone': 53.0, 'little': 41.0}",pallone,12.0,2010-10-06,pallone,6
119,virginia 2nd district,house,VA,"['rigell', 'nye']","the hill/penn, schoen & berland (d)","{'rigell': 42.0, 'nye': 36.0}",rigell,6.0,2010-10-06,rigell,2
120,pennsylvania 7th district,house,PA,"['meehan', 'lentz']",monmouth university,"{'meehan': 49.0, 'lentz': 45.0}",meehan,4.0,2010-10-07,meehan,7
121,connecticut 4th district,house,CT,"['himes', 'debicella']",ct capitol report/mrg,"{'himes': 49.0, 'debicella': 47.0}",himes,2.0,2010-10-07,himes,4
122,connecticut 1st district,house,CT,"['larson', 'brickley']",ct capitol report/mrg,"{'larson': 52.0, 'brickley': 45.0}",larson,7.0,2010-10-07,larson,1
123,michigan 15th district,house,MI,"['steele', 'dingell']",rossman/team telcom,"{'steele': 44.0, 'dingell': 40.0}",steele,4.0,2010-10-08,dingell,15
124,california 18th district,house,CA,"['cardoza', 'berryhill']",surveyusa,"{'cardoza': 50.0, 'berryhill': 44.0}",cardoza,6.0,2010-10-08,cardoza,18
125,connecticut 2nd district,house,CT,"['courtney', 'peckinpaugh']",ct capitol report/mrg,"{'courtney': 55.0, 'peckinpaugh': 41.0}",courtney,14.0,2010-10-08,courtney,2
126,new york 19th district,house,NY,"['hayworth', 'hall']",rnn-tv/iona college,"{'hayworth': 42.0, 'hall': 42.0}",,,2010-10-09,hayworth,19
127,pennsylvania 3rd district,house,PA,"['kelly', 'dahlkemper']",mercyhurst college,"{'kelly': 44.0, 'dahlkemper': 37.0}",kelly,7.0,2010-10-10,kelly,3
128,maine 1st district,house,ME,"['pingree', 'scontras']",pinetreepolitics/mecpo,"{'pingree': 46.0, 'scontras': 38.0}",pingree,8.0,2010-10-10,pingree,1
129,washington 8th district,house,WA,"['reichert', 'delbene']",daily kos/ppp (d),"{'reichert': 49.0, 'delbene': 46.0}",reichert,3.0,2010-10-11,reichert,8
130,utah 2nd district,house,UT,"['matheson', 'philpot']",utahpolicy/western wats,"{'matheson': 46.0, 'philpot': 30.0}",matheson,16.0,2010-10-12,matheson,2
131,rhode island 1st district,house,RI,"['cicilline', 'loughlin']",nbc 10/quest research,"{'cicilline': 47.0, 'loughlin': 36.0}",cicilline,11.0,2010-10-13,cicilline,1
132,new jersey 12th district,house,NJ,"['holt', 'sipprelle']",monmouth university,"{'holt': 51.0, 'sipprelle': 46.0}",holt,5.0,2010-10-13,<BLANK>,12
133,new york 1st district,house,NY,"['bishop', 'altschuler']",siena,"{'bishop': 51.0, 'altschuler': 39.0}",bishop,12.0,2010-10-13,bishop,1
134,new york 23rd district,house,NY,"['owens', 'doheny']",siena,"{'owens': 44.0, 'doheny': 39.0}",owens,5.0,2010-10-13,owens,23
135,virginia 5th district,house,VA,"['hurt', 'perriello']",surveyusa*,"{'hurt': 52.0, 'perriello': 41.0}",hurt,11.0,2010-10-13,hurt,5
136,wisconsin 7th district,house,WI,"['duffy', 'lassa']","the hill/penn, schoen & berland (d)","{'duffy': 44.0, 'lassa': 35.0}",duffy,9.0,2010-10-13,duffy,7
137,washington 3rd district,house,WA,"['herrera', 'heck']","the hill/penn, schoen & berland (d)","{'herrera': 42.0, 'heck': 40.0}",herrera,2.0,2010-10-13,<BLANK>,3
138,tennessee 8th district,house,TN,"['fincher', 'herron']","the hill/penn, schoen & berland (d)","{'fincher': 47.0, 'herron': 37.0}",fincher,10.0,2010-10-13,fincher,8
139,new york 19th district,house,NY,"['hayworth', 'hall']",siena,"{'hayworth': 46.0, 'hall': 43.0}",hayworth,3.0,2010-10-13,hayworth,19
140,pennsylvania 7th district,house,PA,"['meehan', 'lentz']","the hill/penn, schoen & berland (d)","{'meehan': 40.0, 'lentz': 39.0}",meehan,1.0,2010-10-13,meehan,7
141,new hampshire 2nd district,house,NH,"['bass', 'kuster']","the hill/penn, schoen & berland (d)","{'kuster': 42.0, 'bass': 45.0}",bass,3.0,2010-10-13,bass,2
142,hawaii 1st district,house,HI,"['djou', 'hanabusa']","the hill/penn, schoen & berland (d)","{'djou': 45.0, 'hanabusa': 41.0}",djou,4.0,2010-10-13,hanabusa,1
143,west virginia 1st district,house,WV,"['oliverio', 'mckinley']","the hill/penn, schoen & berland (d)","{'oliverio': 42.0, 'mckinley': 39.0}",oliverio,3.0,2010-10-13,mckinley,1
144,arkansas 1st district,house,AR,"['crawford', 'causey']","the hill/penn, schoen & berland (d)","{'crawford': 46.0, 'causey': 34.0}",crawford,12.0,2010-10-13,crawford,1
145,pennsylvania 11th district,house,PA,"['barletta', 'kanjorski']",franklin & marshall,"{'barletta': 47.0, 'kanjorski': 40.0}",barletta,7.0,2010-10-13,barletta,11
146,michigan 1st district,house,MI,"['benishek', 'mcdowell']","the hill/penn, schoen & berland (d)","{'benishek': 42.0, 'mcdowell': 39.0}",benishek,3.0,2010-10-13,benishek,1
147,maine 1st district,house,ME,"['pingree', 'scontras']",critical insights,"{'pingree': 48.0, 'scontras': 33.0}",pingree,15.0,2010-10-14,pingree,1
148,maine 2nd district,house,ME,"['michaud', 'levesque']",critical insights,"{'michaud': 43.0, 'levesque': 30.0}",michaud,13.0,2010-10-14,michaud,2
149,washington 3rd district,house,WA,"['herrera', 'heck']",surveyusa,"{'herrera': 53.0, 'heck': 42.0}",herrera,11.0,2010-10-14,<BLANK>,3
150,pennsylvania 12th district,house,PA,"['critz', 'burns']",susquehanna,"{'critz': 43.0, 'burns': 36.0}",critz,7.0,2010-10-14,critz,12
151,pennsylvania 10th district,house,PA,"['marino', 'carney']",times leader/critical insights,"{'marino': 44.0, 'carney': 38.0}",marino,6.0,2010-10-14,marino,10
152,pennsylvania 11th district,house,PA,"['barletta', 'kanjorski']",times leader/critical insights,"{'barletta': 43.0, 'kanjorski': 41.0}",barletta,2.0,2010-10-14,barletta,11
153,pennsylvania 8th district,house,PA,"['fitzpatrick', 'murphy']",monmouth university,"{'fitzpatrick': 51.0, 'murphy': 46.0}",fitzpatrick,5.0,2010-10-14,fitzpatrick,8
154,pennsylvania 7th district,house,PA,"['meehan', 'lentz']",franklin & marshall,"{'meehan': 34.0, 'lentz': 31.0}",meehan,3.0,2010-10-14,meehan,7
155,oregon 4th district,house,OR,"['defazio', 'robinson']",cta/wilson research strategies (r),"{'defazio': 48.0, 'robinson': 42.0}",defazio,6.0,2010-10-15,defazio,4
156,virginia 9th district,house,VA,"['boucher', 'griffith']",surveyusa,"{'boucher': 51.0, 'griffith': 41.0}",boucher,10.0,2010-10-15,griffith,9
157,new hampshire 2nd district,house,NH,"['kuster', 'bass']",wmur/unh,"{'kuster': 43.0, 'bass': 36.0}",kuster,7.0,2010-10-15,bass,2
158,new hampshire 1st district,house,NH,"['guinta', 'shea-porter']",wmur/unh,"{'guinta': 48.0, 'shea-porter': 36.0}",guinta,12.0,2010-10-15,guinta,1
159,minnesota 1st district,house,MN,"['walz', 'demmer']",surveyusa,"{'walz': 47.0, 'demmer': 42.0}",walz,5.0,2010-10-16,walz,1
160,pennsylvania 15th district,house,PA,"['dent', 'callahan']",morning call,"{'dent': 49.0, 'callahan': 32.0}",dent,17.0,2010-10-16,dent,15
161,new york 25th district,house,NY,"['maffei', 'buerkle']",siena,"{'maffei': 51.0, 'buerkle': 39.0}",maffei,12.0,2010-10-17,<BLANK>,25
162,virginia 5th district,house,VA,"['hurt', 'perriello']",roanoke college,"{'hurt': 46.0, 'perriello': 40.0}",hurt,6.0,2010-10-18,hurt,5
163,arizona 3rd district,house,AZ,"['hulburd', 'quayle']",daily kos/ppp (d),"{'hulburd': 46.0, 'quayle': 44.0}",hulburd,2.0,2010-10-18,quayle,3
164,pennsylvania 18th district special election,house,PA,"['saccone', 'lamb']",monmouth,"{'saccone': 49.0, 'lamb': 46.0}",saccone,3.0,2011-02-15,lamb,18
165,pennsylvania 18th district special election,house,PA,"['saccone', 'lamb']",gravis,"{'saccone': 46.0, 'lamb': 40.0}",saccone,6.0,2011-02-18,lamb,18
166,pennsylvania 18th district special election,house,PA,"['lamb', 'saccone']",emerson,"{'saccone': 45.0, 'lamb': 48.0}",lamb,3.0,2011-03-05,lamb,18
167,pennsylvania 18th district special election,house,PA,"['saccone', 'lamb']",gravis,"{'saccone': 45.0, 'lamb': 42.0}",saccone,3.0,2011-03-07,lamb,18
168,new york 26th district special election,house,NY,"['hochul', 'corwin']",ppp (d),"{'hochul': 42.0, 'corwin': 36.0, 'davis': 13.0}",hochul,6.0,2011-05-23,hochul,26
169,new york 9th district special election,house,NY,"['weprin', 'turner']",siena,"{'weprin': 48.0, 'turner': 42.0}",weprin,6.0,2011-08-10,turner,9
170,new york 9th district special election,house,NY,"['turner', 'weprin']",magellan strategies (r),"{'turner': 45.0, 'weprin': 40.0}",turner,5.0,2011-09-06,turner,9
171,new york 9th district special election,house,NY,"['turner', 'weprin']",siena,"{'turner': 50.0, 'weprin': 44.0}",turner,6.0,2011-09-09,turner,9
172,new york 9th district special election,house,NY,"['turner', 'weprin']",ppp (d),"{'turner': 47.0, 'weprin': 41.0}",turner,6.0,2011-09-12,turner,9
173,nevada 2nd district special election,house,NV,"['amodei', 'marshall']",ppp (d),"{'amodei': 50.0, 'marshall': 37.0}",amodei,13.0,2011-09-12,amodei,2
174,oregon 1st district special election,house,OR,"['bonamici', 'cornilles']",surveyusa,"{'bonamici': 50.0, 'cornilles': 39.0}",bonamici,11.0,2012-01-05,bonamici,1
175,illinois 16th district,house,IL,"['manzullo', 'kinzinger']",weaskamerica,"{'manzullo': 43.0, 'kinzinger': 42.0}",manzullo,1.0,2012-03-14,kinzinger,16
176,pennsylvania 12th district,house,PA,"['altmire', 'critz']",susquehanna,"{'altmire': 43.0, 'critz': 39.0}",altmire,4.0,2012-04-18,<BLANK>,12
177,new hampshire 1st district,house,NH,"['shea-porter', 'guinta']",ppp (d),"{'shea-porter': 47.0, 'guinta': 43.0}",shea-porter,4.0,2012-05-17,guinta,1
178,new hampshire 2nd district,house,NH,"['bass', 'kuster']",ppp (d),"{'bass': 42.0, 'kuster': 42.0}",,,2012-05-17,<BLANK>,2
179,rhode island 1st district,house,RI,"['cicilline', 'gemma']",wpri/fleming,"{'cicilline': 40.0, 'gemma': 36.0}",cicilline,4.0,2012-05-17,cicilline,1
180,arizona 8th district special election,house,AZ,"['barber', 'kelly']",ppp (d),"{'barber': 53.0, 'kelly': 41.0}",barber,12.0,2012-06-11,barber,8
181,utah 4th district,house,UT,"['matheson', 'love']",deseret news/ksl,"{'matheson': 53.0, 'love': 38.0}",matheson,15.0,2012-06-25,matheson,4
182,new hampshire 2nd district,house,NH,"['bass', 'kuster']",wmur/unh,"{'bass': 42.0, 'kuster': 37.0}",bass,5.0,2012-08-15,<BLANK>,2
183,new hampshire 1st district,house,NH,"['shea-porter', 'guinta']",wmur/unh,"{'shea-porter': 45.0, 'guinta': 43.0}",shea-porter,2.0,2012-08-15,guinta,1
184,new york 27th district,house,NY,"['collins', 'hochul']",siena,"{'collins': 47.0, 'hochul': 45.0}",collins,2.0,2012-08-19,collins,27
185,new mexico 1st district,house,NM,"['grisham', 'arnold-jones']",albuquerque journal,"{'grisham': 46.0, 'arnold-jones': 34.0}",grisham,12.0,2012-09-10,<BLANK>,1
186,new york 21st district,house,NY,"['owens', 'doheny']",siena,"{'owens': 49.0, 'doheny': 36.0}",owens,13.0,2012-09-10,owens,21
187,new york 24th district,house,NY,"['buerkle', 'maffei']",siena,"{'buerkle': 43.0, 'maffei': 43.0}",,,2012-09-13,maffei,24
188,new york 1st district,house,NY,"['bishop', 'altschuler']",siena,"{'bishop': 52.0, 'altschuler': 39.0}",bishop,13.0,2012-09-13,bishop,1
189,new york 18th district,house,NY,"['hayworth', 'maloney']",siena,"{'hayworth': 46.0, 'maloney': 33.0}",hayworth,13.0,2012-09-18,<BLANK>,18
190,washington 1st district,house,WA,"['koster', 'delbene']",surveyusa,"{'koster': 46.0, 'delbene': 42.0}",koster,4.0,2012-09-19,delbene,1
191,michigan 1st district,house,MI,"['mcdowell', 'benishek']",ppp (d),"{'mcdowell': 44.0, 'benishek': 42.0}",mcdowell,2.0,2012-09-20,benishek,1
192,nevada 4th district,house,NV,"['tarkanian', 'horsford']",lvrj/surveyusa,"{'tarkanian': 45.0, 'horsford': 42.0}",tarkanian,3.0,2012-09-21,horsford,4
193,new york 19th district,house,NY,"['gibson', 'schreibman']",siena,"{'gibson': 52.0, 'schreibman': 36.0}",gibson,16.0,2012-09-21,gibson,19
194,arkansas 1st district,house,AR,"['crawford', 'ellington']",talk business poll,"{'crawford': 53.0, 'ellington': 28.0}",crawford,25.0,2012-09-24,crawford,1
195,nebraska 2nd district,house,NE,"['terry', 'ewing']",omaha world-herald,"{'terry': 51.0, 'ewing': 38.0}",terry,13.0,2012-09-24,terry,2
196,arkansas 4th district,house,AR,"['cotton', 'jeffress']",talk business poll,"{'cotton': 51.0, 'jeffress': 22.0}",cotton,29.0,2012-09-24,cotton,4
197,illinois 8th district,house,IL,"['duckworth', 'walsh']",ppp (d),"{'duckworth': 52.0, 'walsh': 38.0}",duckworth,14.0,2012-09-25,duckworth,8
198,new york 11th district,house,NY,"['grimm', 'murphy']",siena,"{'grimm': 48.0, 'murphy': 38.0}",grimm,10.0,2012-09-25,grimm,11
199,new york 25th district,house,NY,"['slaughter', 'brooks']",siena,"{'slaughter': 52.0, 'brooks': 42.0}",slaughter,10.0,2012-09-27,slaughter,25
200,washington 6th district,house,WA,"['kilmer', 'driscoll']",surveyusa,"{'kilmer': 52.0, 'driscoll': 37.0}",kilmer,15.0,2012-09-28,kilmer,6
201,massachusetts 6th district,house,MA,"['tisei', 'tierney']",boston globe,"{'tisei': 37.0, 'tierney': 31.0}",tisei,6.0,2012-10-01,<BLANK>,6
202,rhode island 1st district,house,RI,"['cicilline', 'doherty']",wpri/fleming,"{'cicilline': 44.0, 'doherty': 38.0}",cicilline,6.0,2012-10-02,cicilline,1
203,utah 4th district,house,UT,"['love', 'matheson']",deseret news/ksl,"{'love': 49.0, 'matheson': 43.0}",love,6.0,2012-10-02,matheson,4
204,new hampshire 2nd district,house,NH,"['kuster', 'bass']",wmur/unh,"{'kuster': 42.0, 'bass': 41.0}",kuster,1.0,2012-10-04,<BLANK>,2
205,new hampshire 1st district,house,NH,"['shea-porter', 'guinta']",wmur/unh,"{'guinta': 38.0, 'shea-porter': 47.0}",shea-porter,9.0,2012-10-04,guinta,1
206,new jersey 3rd district,house,NJ,"['runyan', 'adler']",richard stockton col.,"{'runyan': 49.0, 'adler': 39.0}",runyan,10.0,2012-10-05,runyan,3
207,new york 27th district,house,NY,"['collins', 'hochul']",siena,"{'collins': 47.0, 'hochul': 47.0}",,,2012-10-07,collins,27
208,rhode island 1st district,house,RI,"['cicilline', 'doherty']",brown university,"{'cicilline': 46.0, 'doherty': 40.0}",cicilline,6.0,2012-10-10,cicilline,1
209,new hampshire 2nd district,house,NH,"['kuster', 'bass']",wmur/unh,"{'kuster': 38.0, 'bass': 35.0}",kuster,3.0,2012-10-11,<BLANK>,2
210,new hampshire 1st district,house,NH,"['guinta', 'shea-porter']",wmur/unh,"{'guinta': 45.0, 'shea-porter': 35.0}",guinta,10.0,2012-10-11,guinta,1
211,illinois 8th district,house,IL,"['walsh', 'duckworth']",weaskamerica,"{'duckworth': 45.0, 'walsh': 48.0}",walsh,3.0,2012-10-12,duckworth,8
212,new york 25th district,house,NY,"['slaughter', 'brooks']",siena,"{'slaughter': 49.0, 'brooks': 44.0}",slaughter,5.0,2012-10-14,slaughter,25
213,virginia 2nd district,house,VA,"['rigell', 'hirschbiel']",virginian-pilot/cnu,"{'rigell': 44.0, 'hirschbiel': 32.0}",rigell,12.0,2012-10-15,rigell,2
214,minnesota 6th district,house,MN,"['bachmann', 'graves']",kstp/surveyusa,"{'bachmann': 50.0, 'graves': 41.0}",bachmann,9.0,2012-10-16,bachmann,6
215,new mexico 1st district,house,NM,"['grisham', 'arnold-jones']",albuquerque journal,"{'grisham': 51.0, 'arnold-jones': 37.0}",grisham,14.0,2012-10-16,<BLANK>,1
216,florida 22nd district,house,FL,"['frankel', 'hasner']",ppp (d),"{'frankel': 47.0, 'hasner': 44.0}",frankel,3.0,2012-10-18,frankel,22
217,florida 22nd district,house,FL,"['frankel', 'hasner']",sunshine state news/vss,"{'frankel': 47.0, 'hasner': 47.0}",,,2012-10-18,frankel,22
218,florida 18th district,house,FL,"['west', 'murphy']",ppp (d),"{'west': 51.0, 'murphy': 42.0}",west,9.0,2012-10-19,murphy,18
219,florida 18th district,house,FL,"['west', 'murphy']",sunshine state news/vss,"{'west': 49.0, 'murphy': 48.0}",west,1.0,2012-10-19,murphy,18
220,new york 18th district,house,NY,"['hayworth', 'maloney']",siena,"{'hayworth': 49.0, 'maloney': 42.0}",hayworth,7.0,2012-10-19,<BLANK>,18
221,california 52nd district,house,CA,"['bilbray', 'peters']",u-t san diego,"{'bilbray': 47.0, 'peters': 38.0}",bilbray,9.0,2012-10-20,peters,52
222,michigan 3rd district,house,MI,"['pestka', 'amash']",glengariff group (r),"{'pestka': 35.0, 'amash': 34.0}",pestka,1.0,2012-10-22,amash,3
223,minnesota 6th district,house,MN,"['bachmann', 'graves']",star tribune,"{'bachmann': 51.0, 'graves': 45.0}",bachmann,6.0,2012-10-22,bachmann,6
224,minnesota 8th district,house,MN,"['nolan', 'cravaack']",star tribune,"{'nolan': 50.0, 'cravaack': 43.0}",nolan,7.0,2012-10-22,nolan,8
225,washington 1st district,house,WA,"['delbene', 'koster']",surveyusa,"{'delbene': 47.0, 'koster': 44.0}",delbene,3.0,2012-10-23,delbene,1
226,michigan 11th district,house,MI,"['bentivolio', 'taj']",baydoun/foster (d),"{'bentivolio': 47.0, 'taj': 39.0}",bentivolio,8.0,2012-10-24,bentivolio,11
227,new hampshire 1st district,house,NH,"['guinta', 'shea-porter']",unh,"{'guinta': 41.0, 'shea-porter': 38.0}",guinta,3.0,2012-10-25,guinta,1
228,new hampshire 2nd district,house,NH,"['kuster', 'bass']",unh,"{'kuster': 39.0, 'bass': 36.0}",kuster,3.0,2012-10-25,<BLANK>,2
229,illinois 8th district,house,IL,"['duckworth', 'walsh']",chicago tribune,"{'duckworth': 50.0, 'walsh': 40.0}",duckworth,10.0,2012-10-26,duckworth,8
230,maryland 6th district,house,MD,"['delaney', 'bartlett']",baltimore sun,"{'delaney': 42.0, 'bartlett': 41.0}",delaney,1.0,2012-10-29,delaney,6
231,new york 19th district,house,NY,"['gibson', 'schreibman']",siena,"{'gibson': 48.0, 'schreibman': 43.0}",gibson,5.0,2012-10-30,gibson,19
232,new mexico 1st district,house,NM,"['grisham', 'arnold-jones']",albuquerque journal,"{'grisham': 51.0, 'arnold-jones': 36.0}",grisham,15.0,2012-10-30,<BLANK>,1
233,rhode island 1st district,house,RI,"['cicilline', 'doherty']",wpri/fleming,"{'cicilline': 43.0, 'doherty': 42.0}",cicilline,1.0,2012-10-31,cicilline,1
234,nevada 4th district,house,NV,"['tarkanian', 'horsford']",lvrj/surveyusa,"{'tarkanian': 47.0, 'horsford': 42.0}",tarkanian,5.0,2012-10-31,horsford,4
235,new york 25th district,house,NY,"['slaughter', 'brooks']",siena,"{'slaughter': 52.0, 'brooks': 42.0}",slaughter,10.0,2012-11-01,slaughter,25
236,new york 21st district,house,NY,"['owens', 'doheny']",siena,"{'owens': 44.0, 'doheny': 43.0}",owens,1.0,2012-11-01,owens,21
237,california 52nd district,house,CA,"['peters', 'bilbray']",surveyusa,"{'peters': 46.0, 'bilbray': 46.0}",,,2012-11-01,peters,52
238,new york 11th district,house,NY,"['grimm', 'murphy']",siena,"{'grimm': 52.0, 'murphy': 34.0}",grimm,18.0,2012-11-01,grimm,11
239,utah 4th district,house,UT,"['love', 'matheson']",mason-dixon,"{'love': 52.0, 'matheson': 40.0}",love,12.0,2012-11-02,matheson,4
240,new hampshire 2nd district,house,NH,"['kuster', 'bass']",new england college,"{'kuster': 47.0, 'bass': 41.0}",kuster,6.0,2012-11-02,<BLANK>,2
241,new hampshire 1st district,house,NH,"['guinta', 'shea-porter']",new england college,"{'shea-porter': 41.0, 'guinta': 48.0}",guinta,7.0,2012-11-02,guinta,1
242,oklahoma 2nd district,house,OK,"['mullin', 'wallace']",sooner poll,"{'mullin': 45.0, 'wallace': 33.0}",mullin,12.0,2012-11-03,mullin,2
243,new york 24th district,house,NY,"['maffei', 'buerkle']",siena,"{'maffei': 44.0, 'buerkle': 44.0}",,,2012-11-03,maffei,24
244,maine 2nd district,house,ME,"['michaud', 'raye']",critical insights,"{'michaud': 55.0, 'raye': 36.0}",michaud,19.0,2012-11-04,michaud,2
245,new york 27th district,house,NY,"['collins', 'hochul']",siena,"{'collins': 48.0, 'hochul': 47.0}",collins,1.0,2012-11-04,collins,27
246,maine 2nd district,house,ME,"['michaud', 'raye']",mprc (d),"{'michaud': 50.0, 'raye': 46.0}",michaud,4.0,2012-11-05,michaud,2
247,new hampshire 2nd district,house,NH,"['kuster', 'bass']",wmur/unh,"{'kuster': 53.0, 'bass': 43.0}",kuster,10.0,2012-11-05,<BLANK>,2
248,new hampshire 1st district,house,NH,"['shea-porter', 'guinta']",wmur/unh,"{'shea-porter': 49.0, 'guinta': 46.0}",shea-porter,3.0,2012-11-05,guinta,1
249,minnesota 8th district,house,MN,"['nolan', 'cravaack']",kstp/surveyusa,"{'nolan': 47.0, 'cravaack': 45.0}",nolan,2.0,2012-11-05,nolan,8
250,south carolina 1st district special election,house,SC,"['colbert busch', 'sanford']",ppp (d),"{'sanford': 41.0, 'colbert busch': 50.0}",colbert busch,9.0,2013-04-22,sanford,1
251,south carolina 1st district special election,house,SC,"['sanford', 'colbert busch']",ppp (d),"{'sanford': 47.0, 'colbert busch': 46.0}",sanford,1.0,2013-05-06,sanford,1
252,new hampshire 2nd district,house,NH,"['lambert', 'kuster']",wmur/unh,"{'lambert': 34.0, 'kuster': 33.0}",lambert,1.0,2013-10-18,<BLANK>,2
253,new hampshire 1st district,house,NH,"['shea-porter', 'innis']",wmur/unh,"{'shea-porter': 43.0, 'innis': 32.0}",shea-porter,11.0,2013-10-18,<BLANK>,1
254,new hampshire 1st district,house,NH,"['shea-porter', 'guinta']",wmur/unh,"{'shea-porter': 48.0, 'guinta': 32.0}",shea-porter,16.0,2013-10-18,guinta,1
255,new hampshire 1st district,house,NH,"['guinta', 'shea-porter']",wmur/unh,"{'guinta': 45.0, 'shea-porter': 39.0}",guinta,6.0,2014-02-04,guinta,1
256,new hampshire 1st district,house,NH,"['shea-porter', 'innis']",wmur/unh,"{'shea-porter': 43.0, 'innis': 33.0}",shea-porter,10.0,2014-02-04,<BLANK>,1
257,new hampshire 2nd district,house,NH,"['kuster', 'lambert']",wmur/unh,"{'kuster': 38.0, 'lambert': 34.0}",kuster,4.0,2014-02-04,<BLANK>,2
258,new hampshire 2nd district,house,NH,"['kuster', 'garcia']",wmur/unh,"{'kuster': 36.0, 'garcia': 30.0}",kuster,6.0,2014-02-04,<BLANK>,2
259,alaska at-large district,house,AK,"['young', 'moore']",ppp (d)*,"{'young': 50.0, 'moore': 22.0}",young,28.0,2014-02-04,young,0
260,florida 13th district special,house,FL,"['sink', 'jolly']",tb times/bay news 9/wusf,"{'sink': 42.0, 'jolly': 35.0}",sink,7.0,2014-02-13,jolly,13
261,new hampshire 2nd district,house,NH,"['kuster', 'lambert']",wmur/unh,"{'kuster': 38.0, 'lambert': 31.0}",kuster,7.0,2014-04-17,<BLANK>,2
262,new hampshire 1st district,house,NH,"['shea-porter', 'innis']",wmur/unh,"{'shea-porter': 45.0, 'innis': 29.0}",shea-porter,16.0,2014-04-17,<BLANK>,1
263,new hampshire 2nd district,house,NH,"['kuster', 'garcia']",wmur/unh,"{'kuster': 34.0, 'garcia': 33.0}",kuster,1.0,2014-04-17,<BLANK>,2
264,new hampshire 1st district,house,NH,"['shea-porter', 'guinta']",wmur/unh,"{'shea-porter': 44.0, 'guinta': 35.0}",shea-porter,9.0,2014-04-17,guinta,1
265,florida 19th district special election,house,FL,"['clawson', 'benacquisto']",news-press/wink/ppp (d),"{'clawson': 38.0, 'benacquisto': 19.0, 'dreikorn': 18.0, 'kreegel': 17.0}",clawson,19.0,2014-04-18,clawson,19
266,new york 13th district,house,NY,"['rangel', 'espaillat']",ny times/ny1/siena,"{'rangel': 41.0, 'espaillat': 32.0, 'walrond': 6.0, 'garcia': 5.0}",rangel,9.0,2014-05-22,rangel,13
267,california 52nd district,house,CA,"['demaio', 'peters']",surveyusa,"{'demaio': 51.0, 'peters': 44.0}",demaio,7.0,2014-06-16,peters,52
268,michigan 3rd district,house,MI,"['amash', 'ellis']",epic-mra,"{'amash': 55.0, 'ellis': 35.0}",amash,20.0,2014-06-17,amash,3
269,new york 13th district,house,NY,"['rangel', 'espaillat']",ny1/siena,"{'rangel': 47.0, 'espaillat': 34.0, 'walrond': 7.0, 'garcia': 4.0}",rangel,13.0,2014-06-20,rangel,13
270,maine 2nd district,house,ME,"['cain', 'poliquin']",portland press herald,"{'cain': 44.0, 'poliquin': 39.0}",cain,5.0,2014-06-23,poliquin,2
271,new hampshire 2nd district,house,NH,"['kuster', 'lawrence']",wmur/unh,"{'kuster': 48.0, 'lawrence': 36.0}",kuster,12.0,2014-07-08,<BLANK>,2
272,new hampshire 1st district,house,NH,"['guinta', 'shea-porter']",wmur/unh,"{'guinta': 47.0, 'shea-porter': 43.0}",guinta,4.0,2014-07-08,guinta,1
273,new hampshire 1st district,house,NH,"['shea-porter', 'innis']",wmur/unh,"{'shea-porter': 46.0, 'innis': 39.0}",shea-porter,7.0,2014-07-08,<BLANK>,1
274,new hampshire 2nd district,house,NH,"['kuster', 'lambert']",wmur/unh,"{'kuster': 46.0, 'lambert': 38.0}",kuster,8.0,2014-07-08,<BLANK>,2
275,new hampshire 2nd district,house,NH,"['kuster', 'garcia']",wmur/unh,"{'kuster': 50.0, 'garcia': 36.0}",kuster,14.0,2014-07-08,<BLANK>,2
276,michigan 14th district,house,MI,"['clarke', 'lawrence']",epic-mra,"{'clarke': 39.0, 'lawrence': 28.0, 'hobbs': 20.0, 'foster': 4.0}",clarke,11.0,2014-07-17,lawrence,14
277,michigan 11th district,house,MI,"['trott', 'bentivolio']",epic-mra,"{'trott': 53.0, 'bentivolio': 31.0}",trott,22.0,2014-07-17,trott,11
278,michigan 14th district,house,MI,"['clarke', 'lawrence']",epic-mra,"{'clarke': 39.0, 'lawrence': 28.0, 'hobbs': 20.0, 'foster': 4.0}",clarke,11.0,2014-07-17,lawrence,14
279,michigan 4th district,house,MI,"['mitchell', 'moolenaar']",epic-mra,"{'mitchell': 50.0, 'moolenaar': 27.0, 'konetchy': 7.0}",mitchell,23.0,2014-07-17,moolenaar,4
280,michigan 11th district,house,MI,"['trott', 'bentivolio']",epic-mra,"{'trott': 53.0, 'bentivolio': 31.0}",trott,22.0,2014-07-17,trott,11
281,kansas 4th district,house,KS,"['pompeo', 'tiahrt']",surveyusa,"{'pompeo': 46.0, 'tiahrt': 39.0}",pompeo,7.0,2014-07-24,pompeo,4
282,arkansas 1st district,house,AR,"['crawford', 'mcpherson']",talk business poll*,"{'crawford': 48.0, 'mcpherson': 33.0}",crawford,15.0,2014-08-02,crawford,1
283,arkansas 4th district,house,AR,"['westerman', 'witt']",talk business poll*,"{'westerman': 48.0, 'witt': 34.0}",westerman,14.0,2014-08-02,westerman,4
284,arkansas 2nd district,house,AR,"['hill', 'hays']",talk business poll*,"{'hill': 44.0, 'hays': 43.0}",hill,1.0,2014-08-02,hill,2
285,utah 4th district,house,UT,"['love', 'owens']",utahpolicy/dan jones,"{'love': 44.0, 'owens': 32.0}",love,12.0,2014-08-12,love,4
286,new hampshire 1st district,house,NH,"['shea-porter', 'innis']",wmur/unh,"{'shea-porter': 44.0, 'innis': 37.0}",shea-porter,7.0,2014-08-21,<BLANK>,1
287,new hampshire 2nd district,house,NH,"['kuster', 'garcia']",wmur/unh,"{'kuster': 39.0, 'garcia': 36.0}",kuster,3.0,2014-08-21,<BLANK>,2
288,new hampshire 2nd district,house,NH,"['kuster', 'lambert']",wmur/unh,"{'kuster': 41.0, 'lambert': 35.0}",kuster,6.0,2014-08-21,<BLANK>,2
289,new hampshire 2nd district,house,NH,"['kuster', 'lawrence']",wmur/unh,"{'kuster': 40.0, 'lawrence': 32.0}",kuster,8.0,2014-08-21,<BLANK>,2
290,n.h. 1st district,house,,"['guinta', 'shea-porter']",wmur/unh,"{'guinta': 45.0, 'shea-porter': 41.0}",guinta,4.0,2014-08-21,<BLANK>,1
291,massachusetts 6th district,house,MA,"['tierney', 'moulton']",emerson college,"{'tierney': 47.0, 'moulton': 44.0, 'defranco': 4.0}",tierney,3.0,2014-09-06,moulton,6
292,massachusetts 6th district,house,MA,"['tisei', 'tierney']",emerson college,"{'tisei': 51.0, 'tierney': 43.0}",tisei,8.0,2014-09-06,<BLANK>,6
293,massachusetts 6th district,house,MA,"['moulton', 'tisei']",emerson college,"{'moulton': 44.0, 'tisei': 36.0}",moulton,8.0,2014-09-06,moulton,6
294,massachusetts 6th district,house,MA,"['tierney', 'moulton']",remington research group (r),"{'tierney': 43.0, 'moulton': 42.0, 'defranco': 4.0}",tierney,1.0,2014-09-08,moulton,6
295,iowa 4th district,house,IA,"['king', 'mowrer']",loras college,"{'king': 47.0, 'mowrer': 36.0}",king,11.0,2014-09-10,king,4
296,iowa 3rd district,house,IA,"['appel', 'young']",loras college,"{'appel': 40.0, 'young': 34.0}",appel,6.0,2014-09-10,young,3
297,iowa 2nd district,house,IA,"['loebsack', 'miller-meeks']",loras college,"{'loebsack': 49.0, 'miller-meeks': 32.0}",loebsack,17.0,2014-09-10,loebsack,2
298,california 21st district,house,CA,"['valadao', 'renteria']",surveyusa,"{'valadao': 56.0, 'renteria': 37.0}",valadao,19.0,2014-09-10,valadao,21
299,iowa 1st district,house,IA,"['murphy', 'blum']",loras college,"{'murphy': 35.0, 'blum': 33.0}",murphy,2.0,2014-09-10,blum,1
300,new york 21st district,house,NY,"['stefanik', 'woolf']",siena*,"{'stefanik': 46.0, 'woolf': 33.0}",stefanik,13.0,2014-09-12,stefanik,21
301,new york 19th district,house,NY,"['gibson', 'eldridge']",siena,"{'gibson': 57.0, 'eldridge': 33.0}",gibson,24.0,2014-09-12,gibson,19
302,new jersey 3rd district,house,NJ,"['macarthur', 'belgard']",richard stockton college,"{'macarthur': 42.0, 'belgard': 42.0}",,,2014-09-16,macarthur,3
303,california 52nd district,house,CA,"['peters', 'demaio']",u-t san diego/surveyusa,"{'demaio': 46.0, 'peters': 47.0}",peters,1.0,2014-09-17,peters,52
304,new york 11th district,house,NY,"['grimm', 'recchia']",siena*,"{'grimm': 44.0, 'recchia': 40.0}",grimm,4.0,2014-09-17,grimm,11
305,n.h. 1st district,house,,"['shea-porter', 'guinta']",new england college,"{'guinta': 42.0, 'shea-porter': 46.0}",shea-porter,4.0,2014-09-18,<BLANK>,1
306,new hampshire 2nd district,house,NH,"['kuster', 'garcia']",new england college,"{'kuster': 50.0, 'garcia': 37.0}",kuster,13.0,2014-09-18,<BLANK>,2
307,new york 1st district,house,NY,"['bishop', 'zeldin']",siena,"{'bishop': 51.0, 'zeldin': 41.0}",bishop,10.0,2014-09-18,zeldin,1
308,new york 4th district,house,NY,"['rice', 'blakeman']",siena,"{'rice': 55.0, 'blakeman': 37.0}",rice,18.0,2014-09-19,rice,4
309,new york 18th district,house,NY,"['maloney', 'hayworth']",siena,"{'maloney': 50.0, 'hayworth': 42.0}",maloney,8.0,2014-09-19,<BLANK>,18
310,new york 24th district,house,NY,"['maffei', 'katko']",siena,"{'maffei': 50.0, 'katko': 42.0}",maffei,8.0,2014-09-22,katko,24
311,minnesota 2nd district,house,MN,"['kline', 'obermueller']",remington research group (r)*,"{'kline': 54.0, 'obermueller': 32.0}",kline,22.0,2014-09-22,kline,2
312,hawaii 1st district,house,HI,"['djou', 'takai']",honolulu civil beat/mrg,"{'djou': 46.0, 'takai': 42.0}",djou,4.0,2014-09-23,takai,1
313,n.h. 1st district,house,,"['guinta', 'shea-porter']",new england college,"{'guinta': 45.0, 'shea-porter': 45.0}",,,2014-09-24,<BLANK>,1
314,new hampshire 2nd district,house,NH,"['kuster', 'garcia']",new england college,"{'kuster': 49.0, 'garcia': 38.0}",kuster,11.0,2014-09-24,<BLANK>,2
315,massachusetts 6th district,house,MA,"['moulton', 'tisei']",wbur/massinc,"{'tisei': 39.0, 'moulton': 47.0}",moulton,8.0,2014-09-26,moulton,6
316,maine 2nd district,house,ME,"['poliquin', 'cain']",portland press herald*,"{'cain': 30.0, 'poliquin': 40.0}",poliquin,10.0,2014-09-28,poliquin,2
317,north carolina 2nd district,house,NC,"['ellmers', 'aiken']",surveyusa/civitas (r),"{'ellmers': 47.0, 'aiken': 39.0}",ellmers,8.0,2014-09-30,ellmers,2
318,massachusetts 6th district,house,MA,"['tisei', 'moulton']",emerson college,"{'tisei': 41.0, 'moulton': 39.0}",tisei,2.0,2014-10-01,moulton,6
319,n.h. 1st district,house,,"['guinta', 'shea-porter']",new england college,"{'guinta': 51.0, 'shea-porter': 41.0}",guinta,10.0,2014-10-02,<BLANK>,1
320,new hampshire 2nd district,house,NH,"['kuster', 'garcia']",new england college,"{'kuster': 50.0, 'garcia': 39.0}",kuster,11.0,2014-10-02,<BLANK>,2
321,new york 21st district,house,NY,"['stefanik', 'woolf']",harper (r)*,"{'stefanik': 45.0, 'woolf': 37.0}",stefanik,8.0,2014-10-02,stefanik,21
322,illinois 17th district,house,IL,"['bustos', 'schilling']",weaskamerica,"{'bustos': 50.0, 'schilling': 41.0}",bustos,9.0,2014-10-06,bustos,17
323,new jersey 2nd district,house,NJ,"['lobiondo', 'hughes']",richard stockton college,"{'lobiondo': 47.0, 'hughes': 42.0}",lobiondo,5.0,2014-10-06,lobiondo,2
324,illinois 10th district,house,IL,"['schneider', 'dold']",weaskamerica,"{'schneider': 46.0, 'dold': 44.0}",schneider,2.0,2014-10-06,dold,10
325,illinois 11th district,house,IL,"['foster', 'senger']",weaskamerica,"{'foster': 47.0, 'senger': 44.0}",foster,3.0,2014-10-06,foster,11
326,illinois 12th district,house,IL,"['bost', 'enyart']",weaskamerica*,"{'bost': 45.0, 'enyart': 40.0}",bost,5.0,2014-10-06,bost,12
327,illinois 13th district,house,IL,"['davis', 'callis']",weaskamerica,"{'davis': 51.0, 'callis': 38.0}",davis,13.0,2014-10-06,davis,13
328,n.h. 1st district,house,,"['shea-porter', 'guinta']",wmur/unh,"{'guinta': 39.0, 'shea-porter': 42.0}",shea-porter,3.0,2014-10-07,<BLANK>,1
329,new hampshire 2nd district,house,NH,"['garcia', 'kuster']",wmur/unh,"{'kuster': 37.0, 'garcia': 41.0}",garcia,4.0,2014-10-07,<BLANK>,2
330,new hampshire 2nd district,house,NH,"['kuster', 'garcia']",new england college,"{'kuster': 50.0, 'garcia': 38.0}",kuster,12.0,2014-10-08,<BLANK>,2
331,n.h. 1st district,house,,"['shea-porter', 'guinta']",new england college,"{'guinta': 44.0, 'shea-porter': 47.0}",shea-porter,3.0,2014-10-08,<BLANK>,1
332,california 52nd district,house,CA,"['demaio', 'peters']",u-t san diego/surveyusa,"{'demaio': 48.0, 'peters': 45.0}",demaio,3.0,2014-10-08,peters,52
333,minnesota 7th district,house,MN,"['peterson', 'westrom']",surveyusa,"{'peterson': 50.0, 'westrom': 41.0}",peterson,9.0,2014-10-10,peterson,7
334,florida 26th district,house,FL,"['curbelo', 'garcia']",saint leo university,"{'curbelo': 46.0, 'garcia': 42.0}",curbelo,4.0,2014-10-12,curbelo,26
335,maine 2nd district,house,ME,"['cain', 'poliquin']",pan atlantic sms,"{'poliquin': 33.0, 'cain': 36.0, 'richardson': 6.0}",cain,3.0,2014-10-14,poliquin,2
336,n.h. 1st district,house,,"['guinta', 'shea-porter']",new england college,"{'guinta': 46.0, 'shea-porter': 44.0}",guinta,2.0,2014-10-14,<BLANK>,1
337,iowa 3rd district,house,IA,"['young', 'appel']",remington research group (r)*,"{'young': 46.0, 'appel': 42.0}",young,4.0,2014-10-14,young,3
338,maine 2nd district,house,ME,"['cain', 'poliquin']",pan atlantic sms*,"{'cain': 36.0, 'poliquin': 33.0}",cain,3.0,2014-10-14,poliquin,2
339,new hampshire 2nd district,house,NH,"['kuster', 'garcia']",new england college,"{'kuster': 46.0, 'garcia': 43.0}",kuster,3.0,2014-10-14,<BLANK>,2
340,utah 4th district,house,UT,"['love', 'owens']",utahpolicy/dan jones,"{'love': 49.0, 'owens': 40.0}",love,9.0,2014-10-14,love,4
341,new jersey 3rd district,house,NJ,"['macarthur', 'belgard']",monmouth,"{'macarthur': 51.0, 'belgard': 41.0}",macarthur,10.0,2014-10-14,macarthur,3
342,maine 2nd district,house,ME,"['poliquin', 'cain']",critical insights,"{'poliquin': 41.0, 'cain': 36.0, 'richardson': 6.0}",poliquin,5.0,2014-10-15,poliquin,2
343,new jersey 5th district,house,NJ,"['garrett', 'cho']",monmouth,"{'garrett': 48.0, 'cho': 43.0}",garrett,5.0,2014-10-15,<BLANK>,5
344,new jersey 2nd district,house,NJ,"['lobiondo', 'hughes']",monmouth,"{'lobiondo': 56.0, 'hughes': 35.0}",lobiondo,21.0,2014-10-16,lobiondo,2
345,massachusetts 6th district,house,MA,"['tisei', 'moulton']",emerson college,"{'tisei': 43.0, 'moulton': 40.0}",tisei,3.0,2014-10-16,moulton,6
346,michigan 11th district,house,MI,"['trott', 'mckenzie']",mitchell research,"{'trott': 47.0, 'mckenzie': 35.0}",trott,12.0,2014-10-18,trott,11
347,montana at-large district,house,MT,"['zinke', 'lewis']",msu-billings,"{'zinke': 40.0, 'lewis': 33.0}",zinke,7.0,2014-10-18,zinke,0
348,minnesota 8th district,house,MN,"['mills', 'nolan']",kstp/surveyusa*,"{'mills': 47.0, 'nolan': 39.0}",mills,8.0,2014-10-18,nolan,8
349,california 17th district,house,CA,"['honda', 'khanna']",surveyusa,"{'honda': 37.0, 'khanna': 35.0}",honda,2.0,2014-10-20,honda,17
350,new hampshire 2nd district,house,NH,"['garcia', 'kuster']",umass amherst/wbz,"{'kuster': 43.0, 'garcia': 48.0}",garcia,5.0,2014-10-20,<BLANK>,2
351,n.h. 1st district,house,,"['shea-porter', 'guinta']",umass amherst/wbz,"{'guinta': 37.0, 'shea-porter': 54.0}",shea-porter,17.0,2014-10-20,<BLANK>,1
352,arkansas 2nd district,house,AR,"['hays', 'hill']",talk business poll*,"{'hays': 46.0, 'hill': 42.0}",hays,4.0,2014-10-21,hill,2
353,arkansas 4th district,house,AR,"['westerman', 'witt']",talk business poll*,"{'westerman': 44.0, 'witt': 42.0}",westerman,2.0,2014-10-21,westerman,4
354,arkansas 1st district,house,AR,"['crawford', 'mcpherson']",talk business poll*,"{'crawford': 52.0, 'mcpherson': 30.0}",crawford,22.0,2014-10-21,crawford,1
355,massachusetts 9th district,house,MA,"['keating', 'chapman']",emerson college,"{'keating': 47.0, 'chapman': 44.0}",keating,3.0,2014-10-21,keating,9
356,california 21st district,house,CA,"['valadao', 'renteria']",surveyusa,"{'valadao': 47.0, 'renteria': 42.0}",valadao,5.0,2014-10-22,valadao,21
357,new hampshire 2nd district,house,NH,"['kuster', 'garcia']",new england college,"{'kuster': 49.0, 'garcia': 43.0}",kuster,6.0,2014-10-22,<BLANK>,2
358,n.h. 1st district,house,,"['guinta', 'shea-porter']",new england college,"{'guinta': 47.0, 'shea-porter': 46.0}",guinta,1.0,2014-10-22,<BLANK>,1
359,california 52nd district,house,CA,"['demaio', 'peters']",u-t san diego/surveyusa,"{'demaio': 46.0, 'peters': 45.0}",demaio,1.0,2014-10-22,peters,52
360,new york 4th district,house,NY,"['rice', 'blakeman']",siena,"{'rice': 52.0, 'blakeman': 42.0}",rice,10.0,2014-10-23,rice,4
361,hawaii 1st district,house,HI,"['djou', 'takai']",honolulu star-advertiser,"{'djou': 47.0, 'takai': 47.0}",,,2014-10-24,takai,1
362,maine 2nd district,house,ME,"['poliquin', 'cain']",portland press herald,"{'poliquin': 41.0, 'cain': 40.0, 'richardson': 8.0}",poliquin,1.0,2014-10-26,poliquin,2
363,new york 21st district,house,NY,"['stefanik', 'woolf']",siena,"{'stefanik': 50.0, 'woolf': 32.0, 'funiciello': 11.0}",stefanik,18.0,2014-10-27,stefanik,21
364,iowa 4th district,house,IA,"['king', 'mowrer']",loras college,"{'king': 51.0, 'mowrer': 39.0}",king,12.0,2014-10-27,king,4
365,iowa 3rd district,house,IA,"['young', 'appel']",loras college,"{'young': 46.0, 'appel': 44.0}",young,2.0,2014-10-27,young,3
366,iowa 2nd district,house,IA,"['loebsack', 'miller-meeks']",loras college,"{'loebsack': 51.0, 'miller-meeks': 38.0}",loebsack,13.0,2014-10-27,loebsack,2
367,iowa 1st district,house,IA,"['blum', 'murphy']",loras college,"{'blum': 44.0, 'murphy': 42.0}",blum,2.0,2014-10-27,blum,1
368,alaska at-large district,house,AK,"['young', 'dunbar']",ivan moore research,"{'young': 44.0, 'dunbar': 43.0, 'mcdermott': 10.0}",young,1.0,2014-10-28,young,0
369,new york 24th district,house,NY,"['katko', 'maffei']",siena,"{'katko': 52.0, 'maffei': 42.0}",katko,10.0,2014-10-28,katko,24
370,hawaii 1st district,house,HI,"['djou', 'takai']",honolulu civil beat/mrg,"{'djou': 45.0, 'takai': 45.0}",,,2014-10-28,takai,1
371,maine 2nd district,house,ME,"['cain', 'poliquin']",pan atlantic sms,"{'poliquin': 38.0, 'cain': 39.0, 'richardson': 8.0}",cain,1.0,2014-10-28,poliquin,2
372,new hampshire 2nd district,house,NH,"['kuster', 'garcia']",new england college,"{'kuster': 49.0, 'garcia': 42.0}",kuster,7.0,2014-10-28,<BLANK>,2
373,new hampshire 2nd district,house,NH,"['kuster', 'garcia']",wmur/unh,"{'kuster': 53.0, 'garcia': 30.0}",kuster,23.0,2014-10-28,<BLANK>,2
374,n.h. 1st district,house,,"['guinta', 'shea-porter']",new england college,"{'guinta': 49.0, 'shea-porter': 43.0}",guinta,6.0,2014-10-28,<BLANK>,1
375,n.h. 1st district,house,,"['shea-porter', 'guinta']",wmur/unh,"{'guinta': 40.0, 'shea-porter': 44.0}",shea-porter,4.0,2014-10-28,<BLANK>,1
376,arizona 2nd district,house,AZ,"['barber', 'mcsally']",rrh/pmi (r),"{'barber': 48.0, 'mcsally': 46.0}",barber,2.0,2014-10-28,mcsally,2
377,new jersey 2nd district,house,NJ,"['lobiondo', 'hughes']",richard stockton college,"{'lobiondo': 56.0, 'hughes': 38.0}",lobiondo,18.0,2014-10-29,lobiondo,2
378,new york 19th district,house,NY,"['gibson', 'eldridge']",siena,"{'gibson': 58.0, 'eldridge': 35.0}",gibson,23.0,2014-10-29,gibson,19
379,massachusetts 9th district,house,MA,"['keating', 'chapman']",emerson college,"{'keating': 46.0, 'chapman': 41.0}",keating,5.0,2014-10-30,keating,9
380,massachusetts 6th district,house,MA,"['tisei', 'moulton']",emerson college,"{'tisei': 42.0, 'moulton': 40.0}",tisei,2.0,2014-10-30,moulton,6
381,new jersey 3rd district,house,NJ,"['macarthur', 'belgard']",richard stockton college,"{'macarthur': 46.0, 'belgard': 41.0}",macarthur,5.0,2014-10-30,macarthur,3
382,new jersey 5th district,house,NJ,"['garrett', 'cho']",monmouth,"{'garrett': 53.0, 'cho': 42.0}",garrett,11.0,2014-10-30,<BLANK>,5
383,new york 18th district,house,NY,"['maloney', 'hayworth']",siena,"{'maloney': 49.0, 'hayworth': 44.0}",maloney,5.0,2014-10-31,<BLANK>,18
384,utah 4th district,house,UT,"['love', 'owens']",utahpolicy/dan jones,"{'love': 48.0, 'owens': 43.0}",love,5.0,2014-10-31,love,4
385,new york 11th district,house,NY,"['grimm', 'recchia']",siena*,"{'grimm': 53.0, 'recchia': 34.0}",grimm,19.0,2014-11-01,grimm,11
386,georgia 12th district,house,GA,"['allen', 'barrow']",landmark communications,"{'allen': 48.0, 'barrow': 44.0}",allen,4.0,2014-11-01,<BLANK>,12
387,new york 1st district,house,NY,"['zeldin', 'bishop']",siena,"{'zeldin': 50.0, 'bishop': 45.0}",zeldin,5.0,2014-11-01,zeldin,1
388,california 52nd district,house,CA,"['demaio', 'peters']",u-t san diego/surveyusa,"{'demaio': 45.0, 'peters': 44.0}",demaio,1.0,2014-11-02,peters,52
389,alaska at-large district,house,AK,"['young', 'dunbar']",ppp (d),"{'young': 47.0, 'dunbar': 41.0, 'mcdermott': 6.0}",young,6.0,2014-11-03,young,0
390,georgia 12th district,house,GA,"['allen', 'barrow']",landmark communications,"{'allen': 47.0, 'barrow': 46.0}",allen,1.0,2014-11-03,<BLANK>,12
391,new hampshire 2nd district,house,NH,"['kuster', 'garcia']",new england college,"{'kuster': 53.0, 'garcia': 42.0}",kuster,11.0,2014-11-03,<BLANK>,2
392,new hampshire 2nd district,house,NH,"['kuster', 'garcia']",wmur/unh,"{'kuster': 53.0, 'garcia': 46.0}",kuster,7.0,2014-11-03,<BLANK>,2
393,n.h. 1st district,house,,"['guinta', 'shea-porter']",new england college,"{'guinta': 52.0, 'shea-porter': 43.0}",guinta,9.0,2014-11-03,<BLANK>,1
394,n.h. 1st district,house,,"['guinta', 'shea-porter']",wmur/unh,"{'guinta': 50.0, 'shea-porter': 49.0}",guinta,1.0,2014-11-03,<BLANK>,1
395,maine 2nd district,house,ME,"['poliquin', 'cain']",mprc (d),"{'poliquin': 43.0, 'cain': 42.0, 'richardson': 10.0}",poliquin,1.0,2014-11-03,poliquin,2
396,new hampshire 2nd district,house,NH,"['kuster', 'lawrence']",wmur/unh,"{'kuster': 40.0, 'lawrence': 34.0}",kuster,6.0,2016-08-31,<BLANK>,2
397,new hampshire 1st district,house,NH,"['shea-porter', 'guinta']",wmur/unh,"{'shea-porter': 48.0, 'guinta': 29.0}",shea-porter,19.0,2016-08-31,<BLANK>,1
398,new hampshire 1st district,house,NH,"['shea-porter', 'ashooh']",wmur/unh,"{'shea-porter': 50.0, 'ashooh': 27.0}",shea-porter,23.0,2016-08-31,<BLANK>,1
399,maine 1st district,house,ME,"['pingree', 'holbrook']",colby college/surveyusa,"{'pingree': 57.0, 'holbrook': 37.0}",pingree,20.0,2016-09-14,pingree,1
400,maine 2nd district,house,ME,"['poliquin', 'cain']",colby college/surveyusa,"{'poliquin': 50.0, 'cain': 45.0}",poliquin,5.0,2016-09-14,poliquin,2
401,maine 1st district,house,ME,"['pingree', 'holbrook']",press herald/unh,"{'pingree': 64.0, 'holbrook': 22.0}",pingree,42.0,2016-09-25,pingree,1
402,maine 2nd district,house,ME,"['poliquin', 'cain']",press herald/unh,"{'poliquin': 45.0, 'cain': 35.0}",poliquin,10.0,2016-09-25,poliquin,2
403,iowa 1st district,house,IA,"['blum', 'vernon']",loras,"{'blum': 45.0, 'vernon': 38.0}",blum,7.0,2016-09-27,blum,1
404,iowa 3rd district,house,IA,"['young', 'mowrer']",loras,"{'young': 46.0, 'mowrer': 36.0}",young,10.0,2016-09-27,young,3
405,new york 1st district,house,NY,"['zeldin', 'throne-holst']",newsday/siena,"{'zeldin': 53.0, 'throne-holst': 38.0}",zeldin,15.0,2016-10-08,zeldin,1
406,new york 3rd district,house,NY,"['suozzi', 'martins']",newsday/siena,"{'suozzi': 50.0, 'martins': 34.0}",suozzi,16.0,2016-10-08,suozzi,3
407,florida 13th district,house,FL,"['crist', 'jolly']",univ. of north florida,"{'crist': 54.0, 'jolly': 36.0}",crist,18.0,2016-10-13,crist,13
408,minnesota 2nd district,house,MN,"['craig', 'lewis']",kstp/surveyusa,"{'craig': 46.0, 'lewis': 41.0}",craig,5.0,2016-10-17,lewis,2
409,minnesota 3rd district,house,MN,"['paulsen', 'bonoff']",kstp/surveyusa,"{'paulsen': 49.0, 'bonoff': 38.0}",paulsen,11.0,2016-10-17,paulsen,3
410,new hampshire 2nd district,house,NH,"['kuster', 'lawrence']",wmur/unh*,"{'kuster': 54.0, 'lawrence': 24.0}",kuster,30.0,2016-10-21,<BLANK>,2
411,new hampshire 1st district,house,NH,"['shea-porter', 'guinta']",wmur/unh*,"{'shea-porter': 44.0, 'guinta': 32.0}",shea-porter,12.0,2016-10-21,<BLANK>,1
412,minnesota 8th district,house,MN,"['mills', 'nolan']",kstp/surveyusa,"{'mills': 45.0, 'nolan': 41.0}",mills,4.0,2016-10-24,nolan,8
413,new hampshire 1st district,house,NH,"['shea-porter', 'guinta']",umass amherst/wbz*,"{'shea-porter': 41.0, 'guinta': 37.0}",shea-porter,4.0,2016-10-25,<BLANK>,1
414,new hampshire 2nd district,house,NH,"['kuster', 'lawrence']",umass amherst/wbz*,"{'kuster': 53.0, 'lawrence': 42.0}",kuster,11.0,2016-10-25,<BLANK>,2
415,montana at-large district,house,MT,"['zinke', 'juneau']",montana state u.,"{'zinke': 50.0, 'juneau': 31.0}",zinke,19.0,2016-10-26,zinke,0
416,maine 1st district,house,ME,"['pingree', 'holbrook']",press herald/unh,"{'pingree': 61.0, 'holbrook': 28.0}",pingree,33.0,2016-10-30,pingree,1
417,maine 2nd district,house,ME,"['cain', 'poliquin']",press herald/unh,"{'poliquin': 44.0, 'cain': 46.0}",cain,2.0,2016-10-30,poliquin,2
418,new york 19th district,house,NY,"['teachout', 'faso']",wnyt-tv/surveyusa,"{'teachout': 45.0, 'faso': 42.0}",teachout,3.0,2016-10-31,faso,19
419,new hampshire 2nd district,house,NH,"['kuster', 'lawrence']",wmur/unh,"{'kuster': 48.0, 'lawrence': 34.0}",kuster,14.0,2016-10-31,<BLANK>,2
420,new hampshire 1st district,house,NH,"['shea-porter', 'guinta']",wmur/unh*,"{'shea-porter': 37.0, 'guinta': 32.0}",shea-porter,5.0,2016-10-31,<BLANK>,1
421,indiana 9th district,house,IN,"['hollingsworth', 'yoder']",wthr/howey politics,"{'hollingsworth': 44.0, 'yoder': 42.0}",hollingsworth,2.0,2016-11-04,hollingsworth,9
422,iowa 1st district,house,IA,"['blum', 'vernon']",loras,"{'blum': 47.0, 'vernon': 41.0}",blum,6.0,2016-11-05,blum,1
423,iowa 3rd district,house,IA,"['young', 'mowrer']",loras,"{'young': 44.0, 'mowrer': 39.0}",young,5.0,2016-11-05,young,3
424,georgia 6th district special election,house,GA,"['ossoff', 'handel']",wxia-tv/surveyusa,"{'ossoff': 43.0, 'handel': 15.0, 'gray': 14.0, 'moody': 7.0, 'hill': 5.0, 'abroms': 2.0, 'Slotin': 0}",ossoff,28.0,2017-04-04,handel,6
425,georgia 6th district run-off election,house,GA,"['ossoff', 'handel']",fox 5 atlanta/opinion savvy,"{'ossoff': 44.0, 'handel': 42.0}",ossoff,2.0,2017-04-14,handel,6
426,georgia 6th district special election,house,GA,"['ossoff', 'handel']",fox 5 atlanta/opinion savvy,"{'ossoff': 42.0, 'handel': 21.0, 'gray': 11.0, 'moody': 9.0, 'hill': 11.0, 'abroms': 1.0, 'Slotin': 0}",ossoff,21.0,2017-04-14,handel,6
427,georgia 6th district special election,house,GA,"['ossoff', 'handel']",wsb-tv/landmark,"{'ossoff': 45.0, 'handel': 17.0, 'gray': 9.0, 'moody': 8.0, 'hill': 8.0, 'abroms': 2.0, 'Slotin': 0}",ossoff,28.0,2017-04-15,handel,6
428,georgia 6th district special election,house,GA,"['ossoff', 'gray']",clout research (r),"{'ossoff': 41.0, 'handel': 15.0, 'gray': 17.0, 'moody': 9.0, 'hill': 10.0, 'abroms': 3.0, 'slotin': 1.0}",ossoff,24.0,2017-04-17,<BLANK>,6
429,georgia 6th district special election,house,GA,"['ossoff', 'handel']",emerson,"{'ossoff': 43.0, 'handel': 17.0, 'gray': 15.0, 'moody': 9.0, 'hill': 6.0, 'abroms': 2.0, 'slotin': 2.0}",ossoff,26.0,2017-04-17,handel,6
430,georgia 6th district run-off election,house,GA,"['handel', 'ossoff']",emerson,"{'ossoff': 47.0, 'handel': 49.0}",handel,2.0,2017-04-17,handel,6
431,georgia 6th district run-off election,house,GA,"['handel', 'ossoff']",landmark communications,"{'ossoff': 47.0, 'handel': 49.0}",handel,2.0,2017-05-06,handel,6
432,georgia 6th district run-off election,house,GA,"['ossoff', 'handel']",gravis,"{'ossoff': 47.0, 'handel': 45.0}",ossoff,2.0,2017-05-14,handel,6
433,2017 montana at-large district special election,house,,"['gianforte', 'quist']",gravis,"{'gianforte': 49.0, 'quist': 35.0, 'wicks': 8.0}",gianforte,14.0,2017-05-22,<BLANK>,0
434,georgia 6th district run-off election,house,GA,"['ossoff', 'handel']",wxia-tv/surveyusa,"{'ossoff': 51.0, 'handel': 44.0}",ossoff,7.0,2017-05-22,handel,6
435,georgia 6th district run-off election,house,GA,"['ossoff', 'handel']",wsb-tv/landmark,"{'handel': 48.0, 'ossoff': 49.0}",ossoff,1.0,2017-06-02,handel,6
436,georgia 6th district run-off election,house,GA,"['ossoff', 'handel']",wsb-tv/landmark,"{'handel': 47.0, 'ossoff': 50.0}",ossoff,3.0,2017-06-08,handel,6
437,georgia 6th district run-off election,house,GA,"['ossoff', 'handel']",atlanta journal-constitution,"{'handel': 44.0, 'ossoff': 51.0}",ossoff,7.0,2017-06-09,handel,6
438,georgia 6th district run-off election,house,GA,"['handel', 'ossoff']",wxia-tv/surveyusa,"{'handel': 47.0, 'ossoff': 47.0}",,,2017-06-13,handel,6
439,georgia 6th district run-off election,house,GA,"['ossoff', 'handel']",trafalgar group (r),"{'handel': 47.0, 'ossoff': 50.0}",ossoff,3.0,2017-06-14,handel,6
440,georgia 6th district run-off election,house,GA,"['ossoff', 'handel']",fox 5 atlanta/opinion savvy,"{'handel': 49.0, 'ossoff': 50.0}",ossoff,1.0,2017-06-17,handel,6
441,georgia 6th district run-off election,house,GA,"['ossoff', 'handel']",wsb-tv/landmark,"{'handel': 48.0, 'ossoff': 50.0}",ossoff,2.0,2017-06-17,handel,6
442,georgia 6th district run-off election,house,GA,"['handel', 'ossoff']",trafalgar group (r),"{'handel': 51.0, 'ossoff': 49.0}",handel,2.0,2017-06-19,handel,6
443,georgia 6th district run-off election,house,GA,"['handel', 'ossoff']",wsb-tv/landmark,"{'handel': 49.0, 'ossoff': 49.0}",,,2017-06-19,handel,6
444,pennsylvania 18th district special election,house,PA,"['saccone', 'lamb']",gravis,"{'saccone': 46.0, 'lamb': 34.0}",saccone,12.0,2018-01-08,lamb,18
445,pennsylvania 18th district special election,house,PA,"['saccone', 'lamb']",monmouth,"{'lamb': 46.0, 'saccone': 49.0}",saccone,3.0,2018-02-15,lamb,18
446,pennsylvania 18th district special election,house,PA,"['saccone', 'lamb']",gravis,"{'lamb': 40.0, 'saccone': 46.0}",saccone,6.0,2018-02-18,lamb,18
447,pennsylvania 18th district special election,house,PA,"['lamb', 'saccone']",emerson,"{'lamb': 48.0, 'saccone': 45.0}",lamb,3.0,2018-03-05,lamb,18
448,pennsylvania 18th district special election,house,PA,"['saccone', 'lamb']",gravis,"{'lamb': 42.0, 'saccone': 45.0}",saccone,3.0,2018-03-07,lamb,18
449,pennsylvania 18th district special election,house,PA,"['lamb', 'saccone']",monmouth,"{'lamb': 51.0, 'saccone': 45.0}",lamb,6.0,2018-03-12,lamb,18
450,michigan 8th district,house,MI,"['bishop', 'slotkin']",target insyght,"{'bishop': 45.0, 'slotkin': 39.0}",bishop,6.0,2018-04-08,<BLANK>,8
451,arizona 8th district special election,house,AZ,"['lesko', 'tipirneni']",oh predictive insights,"{'lesko': 53.0, 'tipirneni': 43.0}",lesko,10.0,2018-04-12,lesko,8
452,arizona 8th district special election,house,AZ,"['tipirneni', 'lesko']",emerson,"{'lesko': 45.0, 'tipirneni': 46.0}",tipirneni,1.0,2018-04-16,lesko,8
453,arizona 8th district special election,house,AZ,"['lesko', 'tipirneni']",emerson,"{'lesko': 49.0, 'tipirneni': 43.0}",lesko,6.0,2018-04-23,lesko,8
454,south dakota at-large district,house,SD,"['johnson', 'krebs']",mason-dixon,"{'johnson': 41.0, 'krebs': 23.0, 'tapio': 13.0}",johnson,18.0,2018-05-30,<BLANK>,0
455,california 49th district,house,CA,"['harkey', 'applegate']",surveyusa,"{'harkey': 24.0, 'applegate': 11.0, 'jacobs': 11.0, 'levin': 10.0, 'chavez': 8.0, 'kerr': 8.0, 'maryott': 6.0, 'gaspar': 5.0}",harkey,13.0,2018-06-02,<BLANK>,49
456,pennsylvania 1st district,house,PA,"['fitzpatrick', 'wallace']",monmouth,"{'fitzpatrick': 48.0, 'wallace': 47.0}",fitzpatrick,1.0,2018-06-04,<BLANK>,1
457,new york 11th district,house,NY,"['grimm', 'donovan']",siena,"{'donovan': 37.0, 'grimm': 47.0}",grimm,10.0,2018-06-05,<BLANK>,11
458,utah 4th district,house,UT,"['love', 'mcadams']",utahpolicy/dan jones,"{'love': 47.0, 'mcadams': 43.0}",love,4.0,2018-06-06,<BLANK>,4
459,ohio 12th district special election,house,OH,"['balderson', ""o'connor""]",monmouth,"{'balderson': 48.0, ""o'connor"": 39.0}",balderson,9.0,2018-06-11,balderson,12
460,ohio 12th district special election,house,OH,"['balderson', ""o'connor""]",jmc analytics,"{'balderson': 46.0, ""o'connor"": 35.0}",balderson,11.0,2018-06-17,balderson,12
461,montana at-large district,house,MT,"['williams', 'gianforte']",gravis,"{'williams': 49.0, 'gianforte': 43.0}",williams,6.0,2018-06-19,<BLANK>,0
462,west virginia 3rd district,house,WV,"['ojeda', 'miller']",monmouth,"{'ojeda': 47.0, 'miller': 41.0}",ojeda,6.0,2018-06-20,<BLANK>,3
463,new york 11th district,house,NY,"['donovan', 'grimm']",remington research (r),"{'donovan': 47.0, 'grimm': 40.0}",donovan,7.0,2018-06-22,<BLANK>,11
464,virginia 10th district,house,VA,"['wexton', 'comstock']",monmouth,"{'wexton': 50.0, 'comstock': 41.0}",wexton,9.0,2018-06-26,<BLANK>,10
465,new jersey 11th district,house,NJ,"['sherrill', 'webber']",monmouth,"{'sherrill': 44.0, 'webber': 40.0}",sherrill,4.0,2018-06-27,<BLANK>,11
466,utah 4th district,house,UT,"['love', 'mcadams']",salt lake tribune,"{'love': 45.0, 'mcadams': 39.0}",love,6.0,2018-06-28,<BLANK>,4
467,north carolina 9th district,house,NC,"['mccready', 'harris']",civitas (r)*,"{'mccready': 43.0, 'harris': 36.0}",mccready,7.0,2018-07-11,<BLANK>,9
468,california 48th district,house,CA,"['rouda', 'rohrabacher']",monmouth,"{'rouda': 47.0, 'rohrabacher': 45.0}",rouda,2.0,2018-07-17,<BLANK>,48
469,pennsylvania 17th district,house,PA,"['lamb', 'rothfus']",monmouth,"{'lamb': 53.0, 'rothfus': 40.0}",lamb,13.0,2018-07-24,<BLANK>,17
470,ohio 12th district special election,house,OH,"['balderson', ""o'connor""]",monmouth*,"{'balderson': 46.0, ""o'connor"": 45.0}",balderson,1.0,2018-08-01,balderson,12
471,ohio 12th district special election,house,OH,"[""o'connor"", 'balderson']",emerson,"{'balderson': 46.0, ""o'connor"": 47.0}",o'connor,1.0,2018-08-06,balderson,12
472,new jersey 3rd district,house,NJ,"['kim', 'macarthur']",monmouth,"{'kim': 45.0, 'macarthur': 44.0}",kim,1.0,2018-08-14,<BLANK>,3
473,new york 24th district,house,NY,"['katko', 'balter']",siena,"{'katko': 54.0, 'balter': 39.0}",katko,15.0,2018-08-27,<BLANK>,24
474,california 50th district,house,CA,"['hunter', 'campa-najjar']",kgtv-tv/surveyusa,"{'hunter': 47.0, 'campa-najjar': 39.0}",hunter,8.0,2018-08-27,<BLANK>,50
475,new york 22nd district,house,NY,"['brindisi', 'tenney']",siena,"{'brindisi': 46.0, 'tenney': 44.0}",brindisi,2.0,2018-08-29,<BLANK>,22
476,new york 19th district,house,NY,"['faso', 'delgado']",siena,"{'delgado': 40.0, 'faso': 45.0}",faso,5.0,2018-08-30,<BLANK>,19
477,illinois 12th district,house,IL,"['bost', 'kelly']",ny times/siena,"{'bost': 44.0, 'kelly': 43.0}",bost,1.0,2018-09-07,<BLANK>,12
478,illinois 6th district,house,IL,"['roskam', 'casten']",ny times/siena,"{'roskam': 45.0, 'casten': 44.0}",roskam,1.0,2018-09-07,<BLANK>,6
479,california 48th district,house,CA,"['rouda', 'rohrabacher']",ny times/siena,"{'rouda': 45.0, 'rohrabacher': 45.0}",,,2018-09-07,<BLANK>,48
480,utah 4th district,house,UT,"['love', 'mcadams']",utahpolicy/dan jones,"{'love': 49.0, 'mcadams': 46.0}",love,3.0,2018-09-07,<BLANK>,4
481,kentucky 6th district,house,KY,"['barr', 'mcgrath']",ny times/siena,"{'barr': 47.0, 'mcgrath': 46.0}",barr,1.0,2018-09-08,<BLANK>,6
482,minnesota 8th district,house,MN,"['radinovich', 'stauber']",ny times/siena,"{'radinovich': 44.0, 'stauber': 43.0}",radinovich,1.0,2018-09-09,<BLANK>,8
483,minnesota 3rd district,house,MN,"['phillips', 'paulsen']",ny times/siena,"{'phillips': 51.0, 'paulsen': 42.0}",phillips,9.0,2018-09-10,<BLANK>,3
484,iowa 1st district,house,IA,"['finkenauer', 'blum']",emerson,"{'finkenauer': 43.0, 'blum': 38.0}",finkenauer,5.0,2018-09-10,<BLANK>,1
485,iowa 2nd district,house,IA,"['loebsack', 'peters']",emerson,"{'loebsack': 45.0, 'peters': 21.0}",loebsack,24.0,2018-09-10,<BLANK>,2
486,iowa 3rd district,house,IA,"['young', 'axne']",emerson,"{'axne': 31.0, 'young': 47.0}",young,16.0,2018-09-10,<BLANK>,3
487,iowa 3rd district,house,IA,"['young', 'axne']",emerson,"{'young': 47.0, 'axne': 31.0}",young,16.0,2018-09-10,<BLANK>,3
488,west virginia 3rd district,house,WV,"['miller', 'ojeda']",ny times/siena,"{'ojeda': 40.0, 'miller': 48.0}",miller,8.0,2018-09-11,<BLANK>,3
489,west virginia 3rd district,house,WV,"['miller', 'ojeda']",ny times/siena,"{'miller': 48.0, 'ojeda': 40.0}",miller,8.0,2018-09-11,<BLANK>,3
490,texas 23rd district,house,TX,"['hurd', 'ortiz jones']",ny times/siena,"{'hurd': 51.0, 'ortiz jones': 43.0}",hurd,8.0,2018-09-12,<BLANK>,23
491,new york 19th district,house,NY,"['delgado', 'faso']",monmouth,"{'delgado': 48.0, 'faso': 45.0}",delgado,3.0,2018-09-12,<BLANK>,19
492,north carolina 2nd district,house,NC,"['coleman', 'holding']",civitas (r)/surveyusa*,"{'coleman': 44.0, 'holding': 43.0}",coleman,1.0,2018-09-13,<BLANK>,2
493,virginia 7th district,house,VA,"['brat', 'spanberger']",ny times/siena,"{'brat': 47.0, 'spanberger': 43.0}",brat,4.0,2018-09-13,<BLANK>,7
494,pennsylvania 7th district,house,PA,"['wild', 'nothstein']",monmouth*,"{'wild': 47.0, 'nothstein': 45.0}",wild,2.0,2018-09-13,<BLANK>,7
495,wisconsin 1st district,house,WI,"['steil', 'bryce']",ny times/siena,"{'steil': 50.0, 'bryce': 44.0}",steil,6.0,2018-09-14,<BLANK>,1
496,colorado 6th district,house,CO,"['crow', 'coffman']",ny times/siena,"{'crow': 51.0, 'coffman': 40.0}",crow,11.0,2018-09-15,<BLANK>,6
497,maine 2nd district,house,ME,"['poliquin', 'golden']",ny times/siena,"{'poliquin': 47.0, 'golden': 42.0}",poliquin,5.0,2018-09-15,<BLANK>,2
498,new mexico 1st district,house,NM,"['haaland', 'arnold-jones']",albuquerque journal*,"{'haaland': 49.0, 'arnold-jones': 41.0}",haaland,8.0,2018-09-16,<BLANK>,1
499,kansas 2nd congressional district,house,KS,"['davis', 'watkins']",ny times/siena,"{'davis': 45.0, 'watkins': 44.0}",davis,1.0,2018-09-16,<BLANK>,2
500,new mexico 2nd district,house,NM,"['herrell', 'small']",albuquerque journal,"{'small': 41.0, 'herrell': 48.0}",herrell,7.0,2018-09-16,<BLANK>,2
501,west virginia 3rd district,house,WV,"['ojeda', 'miller']",emerson,"{'ojeda': 36.0, 'miller': 31.0}",ojeda,5.0,2018-09-17,<BLANK>,3
502,florida 26th district,house,FL,"['curbelo', 'mucarsel-powell']",ny times/siena,"{'curbelo': 47.0, 'mucarsel-powell': 44.0}",curbelo,3.0,2018-09-18,<BLANK>,26
503,california 39th district,house,CA,"['kim', 'cisneros']",monmouth,"{'cisneros': 41.0, 'kim': 51.0}",kim,10.0,2018-09-18,<BLANK>,39
504,texas 7th district,house,TX,"['culberson', 'fletcher']",ny times/siena,"{'culberson': 48.0, 'fletcher': 45.0}",culberson,3.0,2018-09-19,<BLANK>,7
505,new mexico 2nd district,house,NM,"['small', 'herrell']",ny times/siena,"{'small': 46.0, 'herrell': 45.0}",small,1.0,2018-09-19,<BLANK>,2
506,new jersey 2nd district,house,NJ,"['van drew', 'grossman']",stockton university,"{'van drew': 55.0, 'grossman': 32.0}",van drew,23.0,2018-09-19,<BLANK>,2
507,new jersey 7th district,house,NJ,"['malinowski', 'lance']",monmouth,"{'malinowski': 46.0, 'lance': 43.0}",malinowski,3.0,2018-09-20,<BLANK>,7
508,california 25th district,house,CA,"['knight', 'hill']",ny times/siena,"{'hill': 45.0, 'knight': 47.0}",knight,2.0,2018-09-20,<BLANK>,25
509,iowa 1st district,house,IA,"['finkenauer', 'blum']",ny times/siena,"{'finkenauer': 52.0, 'blum': 37.0}",finkenauer,15.0,2018-09-21,<BLANK>,1
510,california 49th district,house,CA,"['levin', 'harkey']",ny times/siena,"{'levin': 51.0, 'harkey': 41.0}",levin,10.0,2018-09-24,<BLANK>,49
511,kansas 3rd district,house,KS,"['davids', 'yoder']",ny times/siena,"{'davids': 51.0, 'yoder': 43.0}",davids,8.0,2018-09-24,<BLANK>,3
512,texas 32nd district,house,TX,"['sessions', 'allred']",ny times/siena,"{'sessions': 48.0, 'allred': 47.0}",sessions,1.0,2018-09-25,<BLANK>,32
513,virginia 7th district,house,VA,"['brat', 'spanberger']",monmouth,"{'brat': 47.0, 'spanberger': 47.0}",,,2018-09-25,<BLANK>,7
514,montana at-large district,house,MT,"['gianforte', 'williams']",gravis,"{'gianforte': 51.0, 'williams': 42.0}",gianforte,9.0,2018-09-25,<BLANK>,0
515,california 45th district,house,CA,"['porter', 'walters']",ny times/siena,"{'porter': 48.0, 'walters': 43.0}",porter,5.0,2018-09-26,<BLANK>,45
516,pennsylvania 7th district,house,PA,"['wild', 'nothstein']",ny times/siena,"{'wild': 50.0, 'nothstein': 42.0}",wild,8.0,2018-09-26,<BLANK>,7
517,minnesota 2nd district,house,MN,"['craig', 'lewis']",kstp/surveyusa,"{'craig': 48.0, 'lewis': 45.0}",craig,3.0,2018-09-26,<BLANK>,2
518,california 21st district,house,CA,"['valadao', 'cox']",abc 30/surveyusa,"{'valadao': 50.0, 'cox': 39.0}",valadao,11.0,2018-09-26,<BLANK>,21
519,new jersey 3rd district,house,NJ,"['kim', 'macarthur']",ny times/siena,"{'kim': 49.0, 'macarthur': 39.0}",kim,10.0,2018-09-27,<BLANK>,3
520,nebraska 2nd district,house,NE,"['bacon', 'eastman']",ny times/siena,"{'bacon': 51.0, 'eastman': 42.0}",bacon,9.0,2018-09-27,<BLANK>,2
521,washington 8th district,house,WA,"['schrier', 'rossi']",ny times/siena,"{'schrier': 46.0, 'rossi': 45.0}",schrier,1.0,2018-09-27,<BLANK>,8
522,california 50th district,house,CA,"['hunter', 'campa-najjar']",monmouth,"{'hunter': 53.0, 'campa-najjar': 38.0}",hunter,15.0,2018-09-27,<BLANK>,50
523,california 22nd district,house,CA,"['nunes', 'janz']",abc 30/surveyusa,"{'nunes': 55.0, 'janz': 41.0}",nunes,14.0,2018-09-27,<BLANK>,22
524,kansas 2nd congressional district,house,KS,"['davis', 'watkins']",emerson*,"{'davis': 35.0, 'watkins': 31.0}",davis,4.0,2018-10-01,<BLANK>,2
525,iowa 3rd district,house,IA,"['axne', 'young']",ny times/siena,"{'axne': 44.0, 'young': 43.0}",axne,1.0,2018-10-01,<BLANK>,3
526,kansas 3rd district,house,KS,"['davids', 'yoder']",emerson*,"{'davids': 47.0, 'yoder': 41.0}",davids,6.0,2018-10-01,<BLANK>,3
527,ohio 1st district,house,OH,"['chabot', 'pureval']",ny times/siena,"{'chabot': 50.0, 'pureval': 41.0}",chabot,9.0,2018-10-02,<BLANK>,1
528,virginia 10th district,house,VA,"['wexton', 'comstock']",monmouth,"{'wexton': 50.0, 'comstock': 44.0}",wexton,6.0,2018-10-02,<BLANK>,10
529,oklahoma 5th district,house,OK,"['russell', 'horn']",sooner poll,"{'russell': 47.0, 'horn': 37.0}",russell,10.0,2018-10-02,<BLANK>,5
530,pennsylvania 10th district,house,PA,"['perry', 'scott']",ppp (d),"{'perry': 44.0, 'scott': 43.0}",perry,1.0,2018-10-03,<BLANK>,10
531,pennsylvania 1st district,house,PA,"['fitzpatrick', 'wallace']",monmouth,"{'fitzpatrick': 50.0, 'wallace': 46.0}",fitzpatrick,4.0,2018-10-03,<BLANK>,1
532,minnesota 3rd district,house,MN,"['phillips', 'paulsen']",kstp/surveyusa,"{'phillips': 49.0, 'paulsen': 44.0}",phillips,5.0,2018-10-03,<BLANK>,3
533,minnesota 2nd district,house,MN,"['craig', 'lewis']",ny times/siena,"{'craig': 51.0, 'lewis': 39.0}",craig,12.0,2018-10-04,<BLANK>,2
534,florida 16th district,house,FL,"['buchanan', 'shapiro']",unf,"{'buchanan': 49.0, 'shapiro': 40.0}",buchanan,9.0,2018-10-04,<BLANK>,16
535,virginia 10th district,house,VA,"['wexton', 'comstock']",christopher newport univ.,"{'wexton': 51.0, 'comstock': 44.0}",wexton,7.0,2018-10-04,<BLANK>,10
536,arizona 2nd district,house,AZ,"['kirkpatrick', 'peterson']",ny times/siena,"{'kirkpatrick': 50.0, 'peterson': 39.0}",kirkpatrick,11.0,2018-10-04,<BLANK>,2
537,michigan 8th district,house,MI,"['bishop', 'slotkin']",ny times/siena,"{'bishop': 47.0, 'slotkin': 44.0}",bishop,3.0,2018-10-04,<BLANK>,8
538,virginia 2nd district,house,VA,"['taylor', 'luria']",ny times/siena,"{'taylor': 49.0, 'luria': 41.0}",taylor,8.0,2018-10-04,<BLANK>,2
539,california 10th district,house,CA,"['harder', 'denham']",berkeley igs,"{'harder': 50.0, 'denham': 45.0}",harder,5.0,2018-10-05,<BLANK>,10
540,california 50th district,house,CA,"['hunter', 'campa-najjar']",berkeley igs,"{'hunter': 49.0, 'campa-najjar': 47.0}",hunter,2.0,2018-10-05,<BLANK>,50
541,california 49th district,house,CA,"['levin', 'harkey']",berkeley igs,"{'levin': 55.0, 'harkey': 41.0}",levin,14.0,2018-10-05,<BLANK>,49
542,california 48th district,house,CA,"['rouda', 'rohrabacher']",berkeley igs,"{'rouda': 48.0, 'rohrabacher': 48.0}",,,2018-10-05,<BLANK>,48
543,california 45th district,house,CA,"['porter', 'walters']",berkeley igs,"{'porter': 52.0, 'walters': 45.0}",porter,7.0,2018-10-05,<BLANK>,45
544,california 39th district,house,CA,"['cisneros', 'kim']",berkeley igs,"{'cisneros': 49.0, 'kim': 48.0}",cisneros,1.0,2018-10-05,<BLANK>,39
545,california 25th district,house,CA,"['hill', 'knight']",berkeley igs,"{'hill': 50.0, 'knight': 46.0}",hill,4.0,2018-10-05,<BLANK>,25
546,california 22nd district,house,CA,"['nunes', 'janz']",berkeley igs,"{'nunes': 53.0, 'janz': 45.0}",nunes,8.0,2018-10-05,<BLANK>,22
547,north carolina 9th district,house,NC,"['harris', 'mccready']",ny times/siena,"{'mccready': 42.0, 'harris': 47.0}",harris,5.0,2018-10-06,<BLANK>,9
548,michigan 11th district,house,MI,"['stevens', 'epstein']",ny times/siena,"{'stevens': 45.0, 'epstein': 38.0}",stevens,7.0,2018-10-08,<BLANK>,11
549,north carolina 13th district,house,NC,"['budd', 'manning']",ny times/siena,"{'budd': 47.0, 'manning': 41.0}",budd,6.0,2018-10-08,<BLANK>,13
550,north carolina 9th district,house,NC,"['mccready', 'harris']",civitas (r)/surveyusa*,"{'mccready': 45.0, 'harris': 41.0}",mccready,4.0,2018-10-08,<BLANK>,9
551,illinois 14th district,house,IL,"['hultgren', 'underwood']",ny times/siena,"{'hultgren': 47.0, 'underwood': 43.0}",hultgren,4.0,2018-10-09,<BLANK>,14
552,virginia 10th district,house,VA,"['wexton', 'comstock']",washington post,"{'wexton': 55.0, 'comstock': 43.0}",wexton,12.0,2018-10-09,<BLANK>,10
553,pennsylvania 16th district,house,PA,"['kelly', 'dinicola']",ny times/siena,"{'kelly': 50.0, 'dinicola': 42.0}",kelly,8.0,2018-10-09,<BLANK>,16
554,florida 16th district,house,FL,"['buchanan', 'shapiro']",pos (r),"{'buchanan': 52.0, 'shapiro': 42.0}",buchanan,10.0,2018-10-09,<BLANK>,16
555,new jersey 11th district,house,NJ,"['sherrill', 'webber']",monmouth,"{'sherrill': 48.0, 'webber': 44.0}",sherrill,4.0,2018-10-09,<BLANK>,11
556,new york 1st district,house,NY,"['zeldin', 'gershon']",ny times/siena,"{'zeldin': 49.0, 'gershon': 41.0}",zeldin,8.0,2018-10-09,<BLANK>,1
557,pennsylvania 17th district,house,PA,"['lamb', 'rothfus']",monmouth,"{'lamb': 54.0, 'rothfus': 42.0}",lamb,12.0,2018-10-10,<BLANK>,17
558,washington 8th district,house,WA,"['rossi', 'schrier']",elway poll,"{'rossi': 49.0, 'schrier': 39.0}",rossi,10.0,2018-10-11,<BLANK>,8
559,florida 27th district,house,FL,"['salazar', 'shalala']",mason-dixon,"{'shalala': 42.0, 'salazar': 44.0}",salazar,2.0,2018-10-12,<BLANK>,27
560,pennsylvania 1st district,house,PA,"['wallace', 'fitzpatrick']",ny times/siena,"{'fitzpatrick': 43.0, 'wallace': 50.0}",wallace,7.0,2018-10-15,<BLANK>,1
561,virginia 2nd district,house,VA,"['taylor', 'luria']",christopher newport univ.,"{'taylor': 50.0, 'luria': 43.0}",taylor,7.0,2018-10-15,<BLANK>,2
562,nevada 3rd district,house,NV,"['lee', 'tarkanian']",emerson*,"{'lee': 41.0, 'tarkanian': 39.0}",lee,2.0,2018-10-15,<BLANK>,3
563,nevada 4th district,house,NV,"['horsford', 'hardy']",emerson*,"{'horsford': 36.0, 'hardy': 34.0}",horsford,2.0,2018-10-15,<BLANK>,4
564,north carolina 13th district,house,NC,"['budd', 'manning']",civitas (r)/surveyusa*,"{'budd': 44.0, 'manning': 41.0}",budd,3.0,2018-10-15,<BLANK>,13
565,new hampshire 1st district,house,NH,"['pappas', 'edwards']",emerson*,"{'pappas': 40.0, 'edwards': 35.0}",pappas,5.0,2018-10-15,<BLANK>,1
566,new hampshire 2nd district,house,NH,"['kuster', 'negron']",emerson*,"{'kuster': 44.0, 'negron': 25.0}",kuster,19.0,2018-10-15,<BLANK>,2
567,minnesota 8th district,house,MN,"['stauber', 'radinovich']",ny times/siena,"{'stauber': 49.0, 'radinovich': 34.0}",stauber,15.0,2018-10-15,<BLANK>,8
568,new york 27th district,house,NY,"['collins', 'mcmurray']",siena,"{'collins': 46.0, 'mcmurray': 43.0}",collins,3.0,2018-10-16,<BLANK>,27
569,new jersey 3rd district,house,NJ,"['macarthur', 'kim']",stockton university,"{'macarthur': 47.0, 'kim': 45.0}",macarthur,2.0,2018-10-16,<BLANK>,3
570,florida 26th district,house,FL,"['curbelo', 'mucarsel-powell']",mason-dixon,"{'mucarsel-powell': 45.0, 'curbelo': 46.0}",curbelo,1.0,2018-10-16,<BLANK>,26
571,utah 4th district,house,UT,"['mcadams', 'love']",salt lake tribune,"{'mcadams': 46.0, 'love': 46.0}",,,2018-10-16,<BLANK>,4
572,west virginia 3rd district,house,WV,"['miller', 'ojeda']",monmouth,"{'miller': 48.0, 'ojeda': 45.0}",miller,3.0,2018-10-16,<BLANK>,3
573,virginia 10th district,house,VA,"['wexton', 'comstock']",ny times/siena,"{'wexton': 48.0, 'comstock': 41.0}",wexton,7.0,2018-10-17,<BLANK>,10
574,kansas 3rd district,house,KS,"['davids', 'yoder']",ny times/siena,"{'davids': 48.0, 'yoder': 39.0}",davids,9.0,2018-10-18,<BLANK>,3
575,colorado 6th district,house,CO,"['crow', 'coffman']",ny times/siena,"{'crow': 47.0, 'coffman': 38.0}",crow,9.0,2018-10-18,<BLANK>,6
576,florida 15th district,house,FL,"['spano', 'carlson']",bay news 9/surveyusa,"{'spano': 45.0, 'carlson': 45.0}",,,2018-10-18,<BLANK>,15
577,maine 2nd district,house,ME,"['poliquin', 'golden']",pan atlantic*,"{'poliquin': 37.0, 'golden': 37.0}",,,2018-10-19,<BLANK>,2
578,michigan 11th district,house,MI,"['stevens', 'epstein']",target-insyght/mirs,"{'stevens': 48.0, 'epstein': 48.0}",,,2018-10-19,<BLANK>,11
579,west virginia 3rd district,house,WV,"['miller', 'ojeda']",ny times/siena,"{'miller': 46.0, 'ojeda': 41.0}",miller,5.0,2018-10-19,<BLANK>,3
580,michigan 8th district,house,MI,"['bishop', 'slotkin']",target-insyght/mirs,"{'bishop': 48.0, 'slotkin': 45.0}",bishop,3.0,2018-10-19,<BLANK>,8
581,texas 23rd district,house,TX,"['hurd', 'ortiz jones']",ny times/siena,"{'hurd': 53.0, 'ortiz jones': 38.0}",hurd,15.0,2018-10-19,<BLANK>,23
582,new jersey 11th district,house,NJ,"['sherrill', 'webber']",ny times/siena,"{'sherrill': 49.0, 'webber': 38.0}",sherrill,11.0,2018-10-19,<BLANK>,11
583,pennsylvania 7th district,house,PA,"['wild', 'nothstein']",morning call*,"{'wild': 48.0, 'nothstein': 41.0}",wild,7.0,2018-10-19,<BLANK>,7
584,maine 2nd district,house,ME,"['poliquin', 'golden']",ny times/siena,"{'poliquin': 41.0, 'golden': 41.0}",,,2018-10-19,<BLANK>,2
585,pennsylvania 8th district,house,PA,"['cartwright', 'chrin']",ny times/siena,"{'cartwright': 52.0, 'chrin': 40.0}",cartwright,12.0,2018-10-20,<BLANK>,8
586,florida 15th district,house,FL,"['spano', 'carlson']",ny times/siena,"{'spano': 43.0, 'carlson': 43.0}",,,2018-10-20,<BLANK>,15
587,arkansas 2nd district,house,AR,"['hill', 'tucker']",talk business/hendrix college*,"{'hill': 52.0, 'tucker': 40.0}",hill,12.0,2018-10-21,<BLANK>,2
588,washington 3rd district,house,WA,"['beutler', 'long']",ny times/siena,"{'beutler': 48.0, 'long': 41.0}",beutler,7.0,2018-10-21,<BLANK>,3
589,new hampshire 2nd district,house,NH,"['kuster', 'negron']",unh*,"{'kuster': 53.0, 'negron': 38.0}",kuster,15.0,2018-10-22,<BLANK>,2
590,new hampshire 1st district,house,NH,"['pappas', 'edwards']",unh*,"{'pappas': 46.0, 'edwards': 37.0}",pappas,9.0,2018-10-22,<BLANK>,1
591,new york 19th district,house,NY,"['faso', 'delgado']",siena*,"{'faso': 44.0, 'delgado': 43.0}",faso,1.0,2018-10-22,<BLANK>,19
592,florida 27th district,house,FL,"['shalala', 'salazar']",ny times/siena,"{'shalala': 44.0, 'salazar': 37.0}",shalala,7.0,2018-10-22,<BLANK>,27
593,georgia 7th district,house,GA,"['woodall', 'bourdeaux']",jmc analytics,"{'woodall': 49.0, 'bourdeaux': 43.0}",woodall,6.0,2018-10-22,<BLANK>,7
594,california 48th district,house,CA,"['rohrabacher', 'rouda']",monmouth,"{'rohrabacher': 50.0, 'rouda': 48.0}",rohrabacher,2.0,2018-10-23,<BLANK>,48
595,virginia 2nd district,house,VA,"['taylor', 'luria']",ny times/siena,"{'taylor': 45.0, 'luria': 42.0}",taylor,3.0,2018-10-23,<BLANK>,2
596,virginia 5th district,house,VA,"['cockburn', 'riggleman']",ny times/siena,"{'cockburn': 46.0, 'riggleman': 45.0}",cockburn,1.0,2018-10-23,<BLANK>,5
597,montana at-large district,house,MT,"['gianforte', 'williams']",mtn-msu*,"{'gianforte': 48.0, 'williams': 40.0}",gianforte,8.0,2018-10-23,<BLANK>,0
598,montana at-large district,house,MT,"['gianforte', 'williams']",msu-billings*,"{'gianforte': 44.0, 'williams': 41.0}",gianforte,3.0,2018-10-23,<BLANK>,0
599,illinois 12th district,house,IL,"['bost', 'kelly']",ny times/siena,"{'bost': 48.0, 'kelly': 39.0}",bost,9.0,2018-10-23,<BLANK>,12
600,georgia 6th district,house,GA,"['handel', 'mcbath']",jmc analytics,"{'handel': 49.0, 'mcbath': 45.0}",handel,4.0,2018-10-23,<BLANK>,6
601,minnesota 1st district,house,MN,"['feehan', 'hagedorn']",kstp/surveyusa,"{'feehan': 47.0, 'hagedorn': 45.0}",feehan,2.0,2018-10-24,<BLANK>,1
602,new mexico 2nd district,house,NM,"['herrell', 'small']",ny times/siena,"{'herrell': 45.0, 'small': 44.0}",herrell,1.0,2018-10-24,<BLANK>,2
603,new york 22nd district,house,NY,"['brindisi', 'tenney']",siena,"{'brindisi': 46.0, 'tenney': 45.0}",brindisi,1.0,2018-10-24,<BLANK>,22
604,florida 26th district,house,FL,"['mucarsel-powell', 'curbelo']",ny times/siena,"{'mucarsel-powell': 45.0, 'curbelo': 44.0}",mucarsel-powell,1.0,2018-10-25,<BLANK>,26
605,virginia 10th district,house,VA,"['wexton', 'comstock']",washington post,"{'wexton': 56.0, 'comstock': 43.0}",wexton,13.0,2018-10-25,<BLANK>,10
606,new jersey 3rd district,house,NJ,"['kim', 'macarthur']",monmouth,"{'macarthur': 46.0, 'kim': 48.0}",kim,2.0,2018-10-25,<BLANK>,3
607,california 39th district,house,CA,"['cisneros', 'kim']",ny times/siena,"{'cisneros': 47.0, 'kim': 46.0}",cisneros,1.0,2018-10-25,<BLANK>,39
608,new jersey 2nd district,house,NJ,"['van drew', 'grossman']",stockton university,"{'van drew': 55.0, 'grossman': 38.0}",van drew,17.0,2018-10-25,<BLANK>,2
609,california 10th district,house,CA,"['harder', 'denham']",ny times/siena,"{'harder': 47.0, 'denham': 45.0}",harder,2.0,2018-10-26,<BLANK>,10
610,new jersey 3rd district,house,NJ,"['macarthur', 'kim']",ny times/siena,"{'macarthur': 45.0, 'kim': 44.0}",macarthur,1.0,2018-10-26,<BLANK>,3
611,illinois 13th district,house,IL,"['davis', 'londrigan']",ny times/siena,"{'davis': 46.0, 'londrigan': 41.0}",davis,5.0,2018-10-26,<BLANK>,13
612,california 49th district,house,CA,"['levin', 'harkey']",ny times/siena,"{'levin': 53.0, 'harkey': 39.0}",levin,14.0,2018-10-26,<BLANK>,49
613,ohio 1st district,house,OH,"['chabot', 'pureval']",ny times/siena,"{'chabot': 50.0, 'pureval': 41.0}",chabot,9.0,2018-10-26,<BLANK>,1
614,texas 7th district,house,TX,"['culberson', 'fletcher']",ny times/siena,"{'culberson': 46.0, 'fletcher': 45.0}",culberson,1.0,2018-10-26,<BLANK>,7
615,utah 4th district,house,UT,"['mcadams', 'love']",ny times/siena,"{'mcadams': 45.0, 'love': 45.0}",,,2018-10-27,<BLANK>,4
616,pennsylvania 10th district,house,PA,"['perry', 'scott']",ny times/siena,"{'perry': 45.0, 'scott': 43.0}",perry,2.0,2018-10-27,<BLANK>,10
617,illinois 6th district,house,IL,"['casten', 'roskam']",ny times/siena,"{'casten': 46.0, 'roskam': 44.0}",casten,2.0,2018-10-27,<BLANK>,6
618,iowa 3rd district,house,IA,"['axne', 'young']",ny times/siena,"{'axne': 43.0, 'young': 41.0}",axne,2.0,2018-10-28,<BLANK>,3
619,new york 24th district,house,NY,"['katko', 'balter']",siena,"{'katko': 53.0, 'balter': 39.0}",katko,14.0,2018-10-28,<BLANK>,24
620,new york 11th district,house,NY,"['donovan', 'rose']",ny times/siena,"{'donovan': 44.0, 'rose': 40.0}",donovan,4.0,2018-10-28,<BLANK>,11
621,new mexico 1st district,house,NM,"['haaland', 'arnold-jones']",emerson,"{'haaland': 51.0, 'arnold-jones': 41.0}",haaland,10.0,2018-10-29,<BLANK>,1
622,new mexico 2nd district,house,NM,"['herrell', 'small']",emerson,"{'herrell': 47.0, 'small': 47.0}",,,2018-10-29,<BLANK>,2
623,new york 27th district,house,NY,"['collins', 'mcmurray']",ny times/siena,"{'collins': 44.0, 'mcmurray': 40.0}",collins,4.0,2018-10-29,<BLANK>,27
624,virginia 7th district,house,VA,"['spanberger', 'brat']",christopher newport univ.,"{'brat': 45.0, 'spanberger': 46.0}",spanberger,1.0,2018-10-29,<BLANK>,7
625,virginia 7th district,house,VA,"['spanberger', 'brat']",christopher newport univ.,"{'spanberger': 46.0, 'brat': 45.0}",spanberger,1.0,2018-10-29,<BLANK>,7
626,california 25th district,house,CA,"['knight', 'hill']",ny times/siena,"{'knight': 48.0, 'hill': 44.0}",knight,4.0,2018-10-29,<BLANK>,25
627,kansas 2nd district,house,KS,"['watkins', 'davis']",emerson,"{'watkins': 48.0, 'davis': 41.0}",watkins,7.0,2018-10-30,<BLANK>,2
628,utah 4th district,house,UT,"['mcadams', 'love']",kutv/dixie strategies,"{'mcadams': 50.0, 'love': 43.0}",mcadams,7.0,2018-10-30,<BLANK>,4
629,new york 19th district,house,NY,"['delgado', 'faso']",monmouth*,"{'delgado': 49.0, 'faso': 44.0}",delgado,5.0,2018-10-30,<BLANK>,19
630,pennsylvania 10th district,house,PA,"['perry', 'scott']",susquehanna,"{'perry': 49.0, 'scott': 46.0}",perry,3.0,2018-10-30,<BLANK>,10
631,new york 19th district,house,NY,"['delgado', 'faso']",monmouth*,"{'faso': 44.0, 'delgado': 49.0}",delgado,5.0,2018-10-30,<BLANK>,19
632,north carolina 2nd district,house,NC,"['holding', 'coleman']",civitas (r)/surveyusa*,"{'holding': 49.0, 'coleman': 40.0}",holding,9.0,2018-10-30,<BLANK>,2
633,montana at-large district,house,MT,"['gianforte', 'williams']",gravis,"{'gianforte': 48.0, 'williams': 48.0}",,,2018-10-30,<BLANK>,0
634,kansas 3rd district,house,KS,"['davids', 'yoder']",emerson,"{'davids': 55.0, 'yoder': 43.0}",davids,12.0,2018-10-30,<BLANK>,3
635,kansas 2nd district,house,KS,"['watkins', 'davis']",emerson,"{'davis': 41.0, 'watkins': 48.0}",watkins,7.0,2018-10-30,<BLANK>,2
636,california 50th district,house,CA,"['hunter', 'campa-najjar']",kgtv-tv/surveyusa,"{'hunter': 48.0, 'campa-najjar': 45.0}",hunter,3.0,2018-10-30,<BLANK>,50
637,pennsylvania 1st district,house,PA,"['fitzpatrick', 'wallace']",ny times/siena,"{'fitzpatrick': 47.0, 'wallace': 46.0}",fitzpatrick,1.0,2018-10-30,<BLANK>,1
638,pennsylvania 16th district,house,PA,"['dinicola', 'kelly']",susquehanna,"{'dinicola': 51.0, 'kelly': 47.0}",dinicola,4.0,2018-10-31,<BLANK>,16
639,new jersey 7th district,house,NJ,"['malinowski', 'lance']",monmouth,"{'malinowski': 47.0, 'lance': 44.0}",malinowski,3.0,2018-10-31,<BLANK>,7
640,new hampshire 1st district,house,NH,"['pappas', 'edwards']",emerson,"{'pappas': 48.0, 'edwards': 46.0}",pappas,2.0,2018-10-31,<BLANK>,1
641,new hampshire 2nd district,house,NH,"['kuster', 'negron']",emerson,"{'kuster': 52.0, 'negron': 40.0}",kuster,12.0,2018-10-31,<BLANK>,2
642,kansas 2nd district,house,KS,"['davis', 'watkins']",ny times/siena,"{'davis': 41.0, 'watkins': 37.0}",davis,4.0,2018-10-31,<BLANK>,2
643,maine 2nd district,house,ME,"['golden', 'poliquin']",emerson,"{'golden': 47.0, 'poliquin': 46.0}",golden,1.0,2018-10-31,<BLANK>,2
644,north carolina 9th district,house,NC,"['harris', 'mccready']",ny times/siena,"{'harris': 45.0, 'mccready': 44.0}",harris,1.0,2018-10-31,<BLANK>,9
645,west virginia 3rd district,house,WV,"['miller', 'ojeda']",emerson,"{'miller': 52.0, 'ojeda': 45.0}",miller,7.0,2018-11-01,<BLANK>,3
646,new mexico 2nd district,house,NM,"['herrell', 'small']",kob-tv,"{'herrell': 47.0, 'small': 42.0}",herrell,5.0,2018-11-01,<BLANK>,2
647,new jersey 7th district,house,NJ,"['malinowski', 'lance']",ny times/siena,"{'malinowski': 47.0, 'lance': 39.0}",malinowski,8.0,2018-11-01,<BLANK>,7
648,new mexico 1st district,house,NM,"['haaland', 'arnold-jones']",kob-tv,"{'haaland': 51.0, 'arnold-jones': 43.0}",haaland,8.0,2018-11-01,<BLANK>,1
649,virginia 10th district,house,VA,"['wexton', 'comstock']",washington post,"{'wexton': 54.0, 'comstock': 43.0}",wexton,11.0,2018-11-02,<BLANK>,10
650,new york 27th district,house,NY,"['collins', 'mcmurray']",whec-tv/dixie strategies,"{'collins': 45.0, 'mcmurray': 38.0}",collins,7.0,2018-11-02,<BLANK>,27
651,iowa 4th district,house,IA,"['king', 'scholten']",emerson,"{'king': 51.0, 'scholten': 42.0}",king,9.0,2018-11-02,<BLANK>,4
652,iowa 3rd district,house,IA,"['axne', 'young']",emerson,"{'axne': 46.0, 'young': 45.0}",axne,1.0,2018-11-02,<BLANK>,3
653,iowa 2nd district,house,IA,"['loebsack', 'peters']",emerson,"{'loebsack': 53.0, 'peters': 40.0}",loebsack,13.0,2018-11-02,<BLANK>,2
654,iowa 1st district,house,IA,"['finkenauer', 'blum']",emerson,"{'finkenauer': 53.0, 'blum': 41.0}",finkenauer,12.0,2018-11-02,<BLANK>,1
655,california 49th district,house,CA,"['levin', 'harkey']",kgtv-tv/surveyusa,"{'levin': 51.0, 'harkey': 44.0}",levin,7.0,2018-11-02,<BLANK>,49
656,california 48th district,house,CA,"['rohrabacher', 'rouda']",thomas partner strategies,"{'rouda': 42.0, 'rohrabacher': 51.0}",rohrabacher,9.0,2018-11-02,<BLANK>,48
657,alaska at-large district,house,AK,"['galvin', 'young']",alaska survey research,"{'galvin': 49.0, 'young': 48.0}",galvin,1.0,2018-11-02,<BLANK>,0
658,iowa 1st district,house,IA,"['finkenauer', 'blum']",ny times/siena,"{'finkenauer': 46.0, 'blum': 39.0}",finkenauer,7.0,2018-11-02,<BLANK>,1
659,california 45th district,house,CA,"['porter', 'walters']",ny times/siena,"{'porter': 48.0, 'walters': 46.0}",porter,2.0,2018-11-03,<BLANK>,45
660,california 48th district,house,CA,"['rouda', 'rohrabacher']",ny times/siena,"{'rouda': 46.0, 'rohrabacher': 45.0}",rouda,1.0,2018-11-04,<BLANK>,48
661,washington 8th district,house,WA,"['schrier', 'rossi']",ny times/siena,"{'schrier': 48.0, 'rossi': 45.0}",schrier,3.0,2018-11-04,<BLANK>,8
662,virginia 7th district,house,VA,"['brat', 'spanberger']",ny times/siena,"{'brat': 46.0, 'spanberger': 44.0}",brat,2.0,2018-11-04,<BLANK>,7
663,new york 22nd district,house,NY,"['tenney', 'brindisi']",ny times/siena,"{'tenney': 46.0, 'brindisi': 45.0}",tenney,1.0,2018-11-04,<BLANK>,22
664,new york 19th district,house,NY,"['delgado', 'faso']",ny times/siena,"{'delgado': 43.0, 'faso': 42.0}",delgado,1.0,2018-11-04,<BLANK>,19
665,new mexico 2nd district,house,NM,"['herrell', 'small']",albuquerque journal,"{'herrell': 46.0, 'small': 45.0}",herrell,1.0,2018-11-04,<BLANK>,2
666,georgia 6th district,house,GA,"['mcbath', 'handel']",ny times/siena,"{'mcbath': 46.0, 'handel': 44.0}",mcbath,2.0,2018-11-04,<BLANK>,6
667,new mexico 1st district,house,NM,"['haaland', 'arnold-jones']",albuquerque journal*,"{'haaland': 50.0, 'arnold-jones': 38.0}",haaland,12.0,2018-11-04,<BLANK>,1
668,michigan 8th district,house,MI,"['slotkin', 'bishop']",ny times/siena,"{'slotkin': 49.0, 'bishop': 42.0}",slotkin,7.0,2018-11-04,<BLANK>,8
669,kentucky 6th district,house,KY,"['barr', 'mcgrath']",ny times/siena,"{'barr': 44.0, 'mcgrath': 44.0}",,,2018-11-04,<BLANK>,6
670,iowa 4th district,house,IA,"['king', 'scholten']",ny times/siena,"{'king': 47.0, 'scholten': 42.0}",king,5.0,2018-11-04,<BLANK>,4
671,illinois 14th district,house,IL,"['underwood', 'hultgren']",ny times/siena,"{'underwood': 49.0, 'hultgren': 43.0}",underwood,6.0,2018-11-04,<BLANK>,14
672,texas 32nd district,house,TX,"['allred', 'sessions']",ny times/siena,"{'allred': 46.0, 'sessions': 42.0}",allred,4.0,2018-11-04,<BLANK>,32
673,nevada 3rd district,house,NV,"['lee', 'tarkanian']",emerson,"{'lee': 51.0, 'tarkanian': 41.0}",lee,10.0,2018-11-05,<BLANK>,3
674,nevada 4th district,house,NV,"['horsford', 'hardy']",emerson,"{'horsford': 48.0, 'hardy': 44.0}",horsford,4.0,2018-11-05,<BLANK>,4
675,new hampshire 2nd district,house,NH,"['kuster', 'negron']",unh*,"{'kuster': 60.0, 'negron': 37.0}",kuster,23.0,2018-11-05,<BLANK>,2
676,new hampshire 1st district,house,NH,"['pappas', 'edwards']",unh*,"{'pappas': 54.0, 'edwards': 43.0}",pappas,11.0,2018-11-05,<BLANK>,1
