,Race/Topic (Click to Sort),Poll,Results,Spread,Date,Year
36,Congressional Job Approval,Quinnipiac,"Approve 20, Disapprove 71",Disapprove +51,2010-04-21,2010
42,Congressional Job Approval,FOX News,"Approve 22, Disapprove 68",Disapprove +46,2010-04-22,2010
252,Congressional Job Approval,NBC News/Wall St. Jrnl,"Approve 21, Disapprove 72",Disapprove +51,2010-05-12,2010
294,Congressional Job Approval,Gallup,"Approve 21, Disapprove 75",Disapprove +54,2010-05-14,2010
305,Congressional Job Approval,Associated Press/GfK,"Approve 28, Disapprove 71",Disapprove +43,2010-05-15,2010
368,Congressional Job Approval,FOX News,"Approve 22, Disapprove 65",Disapprove +43,2010-05-21,2010
406,Congressional Job Approval,CBS News,"Approve 15, Disapprove 77",Disapprove +62,2010-05-25,2010
578,Congressional Job Approval,ABC News/Wash Post,"Approve 26, Disapprove 71",Disapprove +45,2010-06-08,2010
613,Congressional Job Approval,FOX News,"Approve 22, Disapprove 69",Disapprove +47,2010-06-11,2010
633,Congressional Job Approval,Associated Press/GfK,"Approve 24, Disapprove 73",Disapprove +49,2010-06-15,2010
700,Congressional Job Approval,CBS News/NY Times,"Approve 19, Disapprove 70",Disapprove +51,2010-06-21,2010
726,Congressional Job Approval,NBC News/Wall St. Jrnl,"Approve 22, Disapprove 73",Disapprove +51,2010-06-23,2010
737,Congressional Job Approval,Gallup,"Approve 20, Disapprove 74",Disapprove +54,2010-06-24,2010
783,Congressional Job Approval,FOX News,"Approve 24, Disapprove 66",Disapprove +42,2010-07-01,2010
964,Congressional Job Approval,Gallup,"Approve 20, Disapprove 73",Disapprove +53,2010-07-22,2010
1024,Congressional Job Approval,FOX News,"Approve 21, Disapprove 71",Disapprove +50,2010-07-29,2010
1152,Congressional Job Approval,NBC News/Wall St. Jrnl,"Approve 21, Disapprove 72",Disapprove +51,2010-08-11,2010
1159,Congressional Job Approval,Gallup,"Approve 19, Disapprove 75",Disapprove +56,2010-08-11,2010
1233,Congressional Job Approval,Associated Press/GfK,"Approve 24, Disapprove 74",Disapprove +50,2010-08-18,2010
1306,Congressional Job Approval,CBS News,"Approve 22, Disapprove 71",Disapprove +49,2010-08-26,2010
1399,Congressional Job Approval,ABC News/Wash Post,"Approve 25, Disapprove 72",Disapprove +47,2010-09-07,2010
1400,Congressional Job Approval,NBC News/Wall St. Jrnl,"Approve 21, Disapprove 71",Disapprove +50,2010-09-07,2010
1521,Congressional Job Approval,CBS News/NY Times,"Approve 21, Disapprove 70",Disapprove +49,2010-09-15,2010
1541,Congressional Job Approval,Associated Press/GfK,"Approve 26, Disapprove 73",Disapprove +47,2010-09-16,2010
1543,Congressional Job Approval,Politico/GWU/Battleground,"Approve 25, Disapprove 64",Disapprove +39,2010-09-16,2010
1575,Congressional Job Approval,Gallup,"Approve 18, Disapprove 77",Disapprove +59,2010-09-20,2010
1709,Congressional Job Approval,Politico/GWU/Battleground,"Approve 27, Disapprove 63",Disapprove +36,2010-09-27,2010
1734,Congressional Job Approval,NBC News/Wall St. Jrnl,"Approve 20, Disapprove 73",Disapprove +53,2010-09-28,2010
1799,Congressional Job Approval,FOX News,"Approve 17, Disapprove 72",Disapprove +55,2010-09-30,2010
1868,Congressional Job Approval,ABC News/Wash Post,"Approve 24, Disapprove 73",Disapprove +49,2010-10-05,2010
2177,Congressional Job Approval,Associated Press/GfK,"Approve 23, Disapprove 75",Disapprove +52,2010-10-20,2010
2193,Congressional Job Approval,CBS News/NY Times,"Approve 14, Disapprove 76",Disapprove +62,2010-10-27,2010
2202,Congressional Job Approval,FOX News,"Approve 19, Disapprove 70",Disapprove +51,2010-10-29,2010
2206,Congressional Job Approval,ABC News/Wash Post,"Approve 23, Disapprove 74",Disapprove +51,2010-10-31,2010
2227,Congressional Job Approval,Associated Press/GfK,"Approve 26, Disapprove 71",Disapprove +45,2010-11-10,2010
2231,Congressional Job Approval,Gallup,"Approve 17, Disapprove 77",Disapprove +60,2010-11-11,2010
2263,Congressional Job Approval,CBS News,"Approve 17, Disapprove 72",Disapprove +55,2010-12-03,2010
2286,Congressional Job Approval,Gallup,"Approve 13, Disapprove 83",Disapprove +70,2010-12-15,2010
2309,Congressional Job Approval,Associated Press/GfK,"Approve 26, Disapprove 69",Disapprove +43,2011-01-12,2011
2310,Congressional Job Approval,Gallup,"Approve 20, Disapprove 73",Disapprove +53,2011-01-12,2011
2330,Congressional Job Approval,ABC News/Wash Post,"Approve 28, Disapprove 66",Disapprove +38,2011-01-18,2011
2340,Congressional Job Approval,FOX News,"Approve 22, Disapprove 65",Disapprove +43,2011-01-20,2011
2365,Congressional Job Approval,FOX News,"Approve 15, Disapprove 70",Disapprove +55,2011-01-24,2011
2366,Congressional Job Approval,Economist/YouGov,"Approve 9, Disapprove 76",Disapprove +67,2011-01-24,2011
2368,Congressional Job Approval,Reuters/Ipsos,"Approve 18, Disapprove 72",Disapprove +54,2011-01-24,2011
2375,Congressional Job Approval,CNN/Opinion Research,"Approve 26, Disapprove 72",Disapprove +46,2011-01-24,2011
2389,Congressional Job Approval,Economist/YouGov,"Approve 9, Disapprove 74",Disapprove +65,2011-01-31,2011
2390,Congressional Job Approval,Reuters/Ipsos,"Approve 25, Disapprove 66",Disapprove +41,2011-01-31,2011
2391,Congressional Job Approval,Monmouth,"Approve 20, Disapprove 69",Disapprove +49,2011-01-31,2011
2407,Congressional Job Approval,Reuters/Ipsos,"Approve 21, Disapprove 68",Disapprove +47,2011-02-07,2011
2408,Congressional Job Approval,Economist/YouGov,"Approve 11, Disapprove 70",Disapprove +59,2011-02-07,2011
2409,Congressional Job Approval,Quinnipiac,"Approve 15, Disapprove 77",Disapprove +62,2011-02-07,2011
2427,Congressional Job Approval,Gallup,"Approve 15, Disapprove 81",Disapprove +66,2011-02-14,2011
2431,Congressional Job Approval,PPP (D),"Approve 10, Disapprove 73",Disapprove +63,2011-02-14,2011
2432,Congressional Job Approval,Reuters/Ipsos,"Approve 23, Disapprove 66",Disapprove +43,2011-02-14,2011
2440,Congressional Job Approval,Economist/YouGov,"Approve 12, Disapprove 68",Disapprove +56,2011-02-14,2011
2457,Congressional Job Approval,Reuters/Ipsos,"Approve 19, Disapprove 66",Disapprove +47,2011-02-21,2011
2462,Congressional Job Approval,Economist/YouGov,"Approve 10, Disapprove 70",Disapprove +60,2011-02-21,2011
2474,Congressional Job Approval,Economist/YouGov,"Approve 13, Disapprove 70",Disapprove +57,2011-02-28,2011
2477,Congressional Job Approval,Reuters/Ipsos,"Approve 23, Disapprove 66",Disapprove +43,2011-02-28,2011
2484,Congressional Job Approval,USA Today/Suffolk,"Approve 15, Disapprove 75",Disapprove +60,2011-03-01,2011
2496,Congressional Job Approval,Economist/YouGov,"Approve 11, Disapprove 67",Disapprove +56,2011-03-07,2011
2498,Congressional Job Approval,Reuters/Ipsos,"Approve 24, Disapprove 65",Disapprove +41,2011-03-07,2011
2499,Congressional Job Approval,Quinnipiac,"Approve 13, Disapprove 80",Disapprove +67,2011-03-07,2011
2502,Congressional Job Approval,Monmouth,"Approve 17, Disapprove 75",Disapprove +58,2011-03-07,2011
2521,Congressional Job Approval,Gallup,"Approve 18, Disapprove 74",Disapprove +56,2011-03-11,2011
2530,Congressional Job Approval,ABC News/Wash Post,"Approve 27, Disapprove 69",Disapprove +42,2011-03-15,2011
2540,Congressional Job Approval,FOX News,"Approve 24, Disapprove 65",Disapprove +41,2011-03-18,2011
2562,Congressional Job Approval,Associated Press/GfK,"Approve 27, Disapprove 71",Disapprove +44,2011-03-31,2011
2581,Congressional Job Approval,NBC News/Wall St. Jrnl,"Approve 20, Disapprove 73",Disapprove +53,2011-04-06,2011
2639,Congressional Job Approval,CBS News/NY Times,"Approve 16, Disapprove 75",Disapprove +59,2011-04-21,2011
2650,Congressional Job Approval,FOX News,"Approve 18, Disapprove 75",Disapprove +57,2011-04-28,2011
2693,Congressional Job Approval,NBC News,"Approve 22, Disapprove 70",Disapprove +48,2011-05-09,2011
2704,Congressional Job Approval,Associated Press/GfK,"Approve 30, Disapprove 68",Disapprove +38,2011-05-11,2011
2732,Congressional Job Approval,FOX News,"Approve 24, Disapprove 69",Disapprove +45,2011-05-18,2011
2812,Congressional Job Approval,CBS News,"Approve 18, Disapprove 72",Disapprove +54,2011-06-09,2011
2836,Congressional Job Approval,NBC News/Wall St. Jrnl,"Approve 18, Disapprove 74",Disapprove +56,2011-06-15,2011
2843,Congressional Job Approval,Gallup,"Approve 17, Disapprove 76",Disapprove +59,2011-06-17,2011
2856,Congressional Job Approval,Associated Press/GfK,"Approve 21, Disapprove 76",Disapprove +55,2011-06-22,2011
2891,Congressional Job Approval,CBS News/NY Times,"Approve 20, Disapprove 70",Disapprove +50,2011-06-29,2011
2904,Congressional Job Approval,FOX News,"Approve 20, Disapprove 71",Disapprove +51,2011-06-30,2011
2925,Congressional Job Approval,Gallup,"Approve 18, Disapprove 77",Disapprove +59,2011-07-11,2011
3046,Congressional Job Approval,CNN/Opinion Research,"Approve 14, Disapprove 84",Disapprove +70,2011-08-02,2011
3095,Congressional Job Approval,FOX News,"Approve 10, Disapprove 81",Disapprove +71,2011-08-11,2011
3112,Congressional Job Approval,Gallup,"Approve 13, Disapprove 84",Disapprove +71,2011-08-16,2011
3187,Congressional Job Approval,Associated Press/GfK,"Approve 12, Disapprove 87",Disapprove +75,2011-08-26,2011
3247,Congressional Job Approval,Gallup,"Approve 15, Disapprove 82",Disapprove +67,2011-09-12,2011
3271,Congressional Job Approval,CNN/Opinion Research,"Approve 15, Disapprove 84",Disapprove +69,2011-09-14,2011
3290,Congressional Job Approval,CBS News/NY Times,"Approve 12, Disapprove 80",Disapprove +68,2011-09-16,2011
3365,Congressional Job Approval,FOX News,"Approve 11, Disapprove 83",Disapprove +72,2011-09-29,2011
3393,Congressional Job Approval,CBS News,"Approve 11, Disapprove 80",Disapprove +69,2011-10-03,2011
3463,Congressional Job Approval,Gallup,"Approve 13, Disapprove 81",Disapprove +68,2011-10-12,2011
3529,Congressional Job Approval,Associated Press/GfK,"Approve 16, Disapprove 82",Disapprove +66,2011-10-20,2011
3540,Congressional Job Approval,CBS News/NY Times,"Approve 9, Disapprove 84",Disapprove +75,2011-10-25,2011
3674,Congressional Job Approval,Gallup,"Approve 13, Disapprove 82",Disapprove +69,2011-11-14,2011
3687,Congressional Job Approval,Politico/GWU/Battleground,"Approve 12, Disapprove 83",Disapprove +71,2011-11-14,2011
3717,Congressional Job Approval,FOX News,"Approve 12, Disapprove 80",Disapprove +68,2011-11-17,2011
3832,Congressional Job Approval,FOX News,"Approve 12, Disapprove 83",Disapprove +71,2011-12-09,2011
3835,Congressional Job Approval,CBS News,"Approve 11, Disapprove 82",Disapprove +71,2011-12-09,2011
3924,Congressional Job Approval,Gallup,"Approve 11, Disapprove 86",Disapprove +75,2011-12-20,2011
3927,Congressional Job Approval,CNN/Opinion Research,"Approve 16, Disapprove 83",Disapprove +67,2011-12-20,2011
3933,Congressional Job Approval,CBS News,"Approve 11, Disapprove 83",Disapprove +72,2011-12-21,2011
4024,Congressional Job Approval,CBS News,"Approve 12, Disapprove 80",Disapprove +68,2012-01-10,2012
4048,Congressional Job Approval,Gallup,"Approve 14, Disapprove 81",Disapprove +67,2012-01-12,2012
4074,Congressional Job Approval,ABC News/Wash Post,"Approve 13, Disapprove 84",Disapprove +71,2012-01-16,2012
4115,Congressional Job Approval,CBS News/NY Times,"Approve 13, Disapprove 79",Disapprove +66,2012-01-18,2012
4146,Congressional Job Approval,NBC News/Wall St. Jrnl,"Approve 13, Disapprove 80",Disapprove +67,2012-01-25,2012
4268,Congressional Job Approval,Gallup,"Approve 10, Disapprove 86",Disapprove +76,2012-02-08,2012
4289,Congressional Job Approval,FOX News,"Approve 13, Disapprove 79",Disapprove +66,2012-02-10,2012
4313,Congressional Job Approval,CBS News/NY Times,"Approve 10, Disapprove 82",Disapprove +72,2012-02-14,2012
4457,Congressional Job Approval,Politico/GWU/Battleground,"Approve 12, Disapprove 83",Disapprove +71,2012-02-27,2012
4662,Congressional Job Approval,Gallup,"Approve 12, Disapprove 82",Disapprove +70,2012-03-21,2012
4690,Congressional Job Approval,Reason-Rupe,"Approve 15, Disapprove 78",Disapprove +63,2012-03-26,2012
4811,Congressional Job Approval,FOX News,"Approve 12, Disapprove 78",Disapprove +66,2012-04-13,2012
4852,Congressional Job Approval,Gallup,"Approve 17, Disapprove 79",Disapprove +62,2012-04-19,2012
4854,Congressional Job Approval,CBS News/NY Times,"Approve 13, Disapprove 77",Disapprove +64,2012-04-19,2012
4928,Congressional Job Approval,Politico/GWU/Battleground,"Approve 13, Disapprove 80",Disapprove +67,2012-05-07,2012
4957,Congressional Job Approval,Associated Press/GfK,"Approve 18, Disapprove 78",Disapprove +60,2012-05-11,2012
5092,Congressional Job Approval,CBS News/NY Times,"Approve 15, Disapprove 77",Disapprove +62,2012-06-07,2012
5102,Congressional Job Approval,FOX News,"Approve 17, Disapprove 75",Disapprove +58,2012-06-08,2012
5106,Congressional Job Approval,Gallup,"Approve 17, Disapprove 79",Disapprove +62,2012-06-11,2012
5166,Congressional Job Approval,Associated Press/GfK,"Approve 22, Disapprove 75",Disapprove +53,2012-06-21,2012
5267,Congressional Job Approval,Gallup,"Approve 16, Disapprove 78",Disapprove +62,2012-07-13,2012
5297,Congressional Job Approval,NPR,"Approve 19, Disapprove 74",Disapprove +55,2012-07-19,2012
5298,Congressional Job Approval,CBS News/NY Times,"Approve 12, Disapprove 79",Disapprove +67,2012-07-19,2012
5436,Congressional Job Approval,Politico/GWU/Battleground,"Approve 16, Disapprove 78",Disapprove +62,2012-08-13,2012
5449,Congressional Job Approval,Gallup,"Approve 10, Disapprove 83",Disapprove +73,2012-08-14,2012
5485,Congressional Job Approval,NBC News/Wall St. Jrnl,"Approve 12, Disapprove 82",Disapprove +70,2012-08-21,2012
5693,Congressional Job Approval,Gallup,"Approve 13, Disapprove 83",Disapprove +70,2012-09-14,2012
5695,Congressional Job Approval,CBS News/NY Times,"Approve 12, Disapprove 78",Disapprove +66,2012-09-14,2012
5817,Congressional Job Approval,Reason-Rupe,"Approve 16, Disapprove 77",Disapprove +61,2012-09-21,2012
6404,Congressional Job Approval,Gallup,"Approve 21, Disapprove 69",Disapprove +48,2012-10-24,2012
6550,Congressional Job Approval,CBS News/NY Times,"Approve 15, Disapprove 75",Disapprove +60,2012-10-30,2012
6551,Congressional Job Approval,NPR,"Approve 16, Disapprove 79",Disapprove +63,2012-10-30,2012
6737,Congressional Job Approval,CNN/Opinion Research,"Approve 17, Disapprove 76",Disapprove +59,2012-11-04,2012
6815,Congressional Job Approval,Gallup,"Approve 18, Disapprove 75",Disapprove +57,2012-11-27,2012
6821,Congressional Job Approval,Associated Press/GfK,"Approve 23, Disapprove 74",Disapprove +51,2012-12-07,2012
6823,Congressional Job Approval,National Journal,"Approve 21, Disapprove 72",Disapprove +51,2012-12-07,2012
6838,Congressional Job Approval,FOX News,"Approve 17, Disapprove 74",Disapprove +57,2012-12-13,2012
6840,Congressional Job Approval,USA Today/Gallup,"Approve 18, Disapprove 76",Disapprove +58,2012-12-19,2012
6844,Congressional Job Approval,CBS News,"Approve 11, Disapprove 81",Disapprove +70,2012-12-19,2012
6854,Congressional Job Approval,Gallup,"Approve 14, Disapprove 81",Disapprove +67,2013-01-12,2013
6857,Congressional Job Approval,ABC News/Wash Post,"Approve 18, Disapprove 79",Disapprove +61,2013-01-16,2013
6861,Congressional Job Approval,NBC News/Wall St. Jrnl,"Approve 14, Disapprove 81",Disapprove +67,2013-01-17,2013
6864,Congressional Job Approval,Associated Press/GfK,"Approve 17, Disapprove 77",Disapprove +60,2013-01-17,2013
6868,Congressional Job Approval,CBS News/NY Times,"Approve 12, Disapprove 82",Disapprove +70,2013-01-18,2013
6871,Congressional Job Approval,FOX News,"Approve 16, Disapprove 76",Disapprove +60,2013-01-18,2013
6883,Congressional Job Approval,Reason-Rupe/PSRAI,"Approve 17, Disapprove 74",Disapprove +57,2013-01-30,2013
6887,Congressional Job Approval,FOX News,"Approve 17, Disapprove 77",Disapprove +60,2013-02-08,2013
6894,Congressional Job Approval,CBS News,"Approve 14, Disapprove 77",Disapprove +63,2013-02-12,2013
6901,Congressional Job Approval,Gallup,"Approve 15, Disapprove 81",Disapprove +66,2013-02-19,2013
6912,Congressional Job Approval,FOX News,"Approve 16, Disapprove 77",Disapprove +61,2013-02-28,2013
6918,Congressional Job Approval,Reason-Rupe/PSRAI,"Approve 14, Disapprove 77",Disapprove +63,2013-03-01,2013
6928,Congressional Job Approval,Gallup,"Approve 13, Disapprove 83",Disapprove +70,2013-03-12,2013
6930,Congressional Job Approval,ABC News/Wash Post,"Approve 14, Disapprove 82",Disapprove +68,2013-03-13,2013
6938,Congressional Job Approval,FOX News,"Approve 14, Disapprove 79",Disapprove +65,2013-03-20,2013
6949,Congressional Job Approval,CBS News,"Approve 11, Disapprove 81",Disapprove +70,2013-03-27,2013
6967,Congressional Job Approval,Gallup,"Approve 15, Disapprove 79",Disapprove +64,2013-04-12,2013
6981,Congressional Job Approval,FOX News,"Approve 17, Disapprove 74",Disapprove +57,2013-04-23,2013
6986,Congressional Job Approval,National Journal,"Approve 17, Disapprove 76",Disapprove +59,2013-04-25,2013
6998,Congressional Job Approval,CBS News/NY Times,"Approve 17, Disapprove 75",Disapprove +58,2013-05-02,2013
7014,Congressional Job Approval,Gallup,"Approve 16, Disapprove 79",Disapprove +63,2013-05-10,2013
7020,Congressional Job Approval,Reason-Rupe/PSRAI,"Approve 16, Disapprove 75",Disapprove +59,2013-05-17,2013
7032,Congressional Job Approval,FOX News,"Approve 16, Disapprove 76",Disapprove +60,2013-05-21,2013
7035,Congressional Job Approval,The Economist/YouGov,"Approve 9, Disapprove 71",Disapprove +62,2013-05-22,2013
7054,Congressional Job Approval,The Economist/YouGov,"Approve 10, Disapprove 68",Disapprove +58,2013-05-29,2013
7075,Congressional Job Approval,The Economist/YouGov,"Approve 11, Disapprove 69",Disapprove +58,2013-06-05,2013
7082,Congressional Job Approval,CBS News/NY Times,"Approve 13, Disapprove 80",Disapprove +67,2013-06-06,2013
7096,Congressional Job Approval,Gallup,"Approve 17, Disapprove 78",Disapprove +61,2013-06-12,2013
7097,Congressional Job Approval,The Economist/YouGov,"Approve 10, Disapprove 71",Disapprove +61,2013-06-12,2013
7129,Congressional Job Approval,CNN/Opinion Research,"Approve 16, Disapprove 83",Disapprove +67,2013-06-19,2013
7135,Congressional Job Approval,The Economist/YouGov,"Approve 10, Disapprove 71",Disapprove +61,2013-06-19,2013
7152,Congressional Job Approval,FOX News,"Approve 15, Disapprove 77",Disapprove +62,2013-06-25,2013
7161,Congressional Job Approval,The Economist/YouGov,"Approve 11, Disapprove 73",Disapprove +62,2013-06-26,2013
7172,Congressional Job Approval,The Economist/YouGov,"Approve 9, Disapprove 72",Disapprove +63,2013-07-03,2013
7183,Congressional Job Approval,The Economist/YouGov,"Approve 7, Disapprove 71",Disapprove +64,2013-07-10,2013
7210,Congressional Job Approval,Gallup,"Approve 15, Disapprove 78",Disapprove +63,2013-07-17,2013
7211,Congressional Job Approval,The Economist/YouGov,"Approve 9, Disapprove 72",Disapprove +63,2013-07-17,2013
7235,Congressional Job Approval,ABC News/Wash Post,"Approve 21, Disapprove 73",Disapprove +52,2013-07-23,2013
7242,Congressional Job Approval,CBS News,"Approve 17, Disapprove 76",Disapprove +59,2013-07-24,2013
7250,Congressional Job Approval,NBC News/Wall St. Jrnl,"Approve 12, Disapprove 83",Disapprove +71,2013-07-24,2013
7251,Congressional Job Approval,FOX News,"Approve 18, Disapprove 74",Disapprove +56,2013-07-24,2013
7252,Congressional Job Approval,The Economist/YouGov,"Approve 12, Disapprove 73",Disapprove +61,2013-07-24,2013
7290,Congressional Job Approval,The Economist/YouGov,"Approve 6, Disapprove 71",Disapprove +65,2013-07-31,2013
7322,Congressional Job Approval,The Economist/YouGov,"Approve 11, Disapprove 71",Disapprove +60,2013-08-08,2013
7330,Congressional Job Approval,Gallup,"Approve 14, Disapprove 81",Disapprove +67,2013-08-13,2013
7335,Congressional Job Approval,The Economist/YouGov,"Approve 7, Disapprove 74",Disapprove +67,2013-08-15,2013
7356,Congressional Job Approval,The Economist/YouGov,"Approve 9, Disapprove 75",Disapprove +66,2013-08-22,2013
7376,Congressional Job Approval,The Economist/YouGov,"Approve 8, Disapprove 73",Disapprove +65,2013-08-29,2013
7407,Congressional Job Approval,The Economist/YouGov,"Approve 11, Disapprove 69",Disapprove +58,2013-09-04,2013
7430,Congressional Job Approval,FOX News,"Approve 17, Disapprove 75",Disapprove +58,2013-09-09,2013
7431,Congressional Job Approval,CBS News/NY Times,"Approve 24, Disapprove 68",Disapprove +44,2013-09-09,2013
7432,Congressional Job Approval,CNN/Opinion Research,"Approve 20, Disapprove 78",Disapprove +58,2013-09-09,2013
7446,Congressional Job Approval,Reason-Rupe/PSRAI,"Approve 22, Disapprove 72",Disapprove +50,2013-09-10,2013
7452,Congressional Job Approval,The Economist/YouGov,"Approve 11, Disapprove 70",Disapprove +59,2013-09-11,2013
7453,Congressional Job Approval,Gallup,"Approve 19, Disapprove 76",Disapprove +57,2013-09-11,2013
7485,Congressional Job Approval,The Economist/YouGov,"Approve 9, Disapprove 76",Disapprove +67,2013-09-18,2013
7525,Congressional Job Approval,The Economist/YouGov,"Approve 9, Disapprove 72",Disapprove +63,2013-09-25,2013
7536,Congressional Job Approval,CBS News/NY Times,"Approve 14, Disapprove 80",Disapprove +66,2013-09-26,2013
7542,Congressional Job Approval,CNN/Opinion Research,"Approve 10, Disapprove 87",Disapprove +77,2013-09-30,2013
7550,Congressional Job Approval,The Economist/YouGov,"Approve 7, Disapprove 74",Disapprove +67,2013-10-02,2013
7566,Congressional Job Approval,FOX News,"Approve 13, Disapprove 81",Disapprove +68,2013-10-03,2013
7579,Congressional Job Approval,Gallup,"Approve 11, Disapprove 85",Disapprove +74,2013-10-07,2013
7596,Congressional Job Approval,The Economist/YouGov,"Approve 10, Disapprove 76",Disapprove +66,2013-10-09,2013
7600,Congressional Job Approval,Associated Press/GfK,"Approve 5, Disapprove 83",Disapprove +78,2013-10-09,2013
7631,Congressional Job Approval,The Economist/YouGov,"Approve 7, Disapprove 79",Disapprove +72,2013-10-16,2013
7644,Congressional Job Approval,CNN/Opinion Research,"Approve 10, Disapprove 88",Disapprove +78,2013-10-21,2013
7657,Congressional Job Approval,CBS News,"Approve 9, Disapprove 85",Disapprove +76,2013-10-22,2013
7658,Congressional Job Approval,ABC News/Wash Post,"Approve 9, Disapprove 89",Disapprove +80,2013-10-22,2013
7664,Congressional Job Approval,FOX News,"Approve 9, Disapprove 85",Disapprove +76,2013-10-23,2013
7665,Congressional Job Approval,The Economist/YouGov,"Approve 6, Disapprove 78",Disapprove +72,2013-10-23,2013
7691,Congressional Job Approval,The Economist/YouGov,"Approve 9, Disapprove 76",Disapprove +67,2013-10-30,2013
7724,Congressional Job Approval,GWU/Battleground,"Approve 9, Disapprove 87",Disapprove +78,2013-11-04,2013
7745,Congressional Job Approval,The Economist/YouGov,"Approve 8, Disapprove 73",Disapprove +65,2013-11-06,2013
7758,Congressional Job Approval,Gallup,"Approve 9, Disapprove 86",Disapprove +77,2013-11-12,2013
7769,Congressional Job Approval,FOX News,"Approve 10, Disapprove 85",Disapprove +75,2013-11-13,2013
7770,Congressional Job Approval,The Economist/YouGov,"Approve 7, Disapprove 77",Disapprove +70,2013-11-13,2013
7791,Congressional Job Approval,National Journal,"Approve 9, Disapprove 84",Disapprove +75,2013-11-18,2013
7797,Congressional Job Approval,The Economist/YouGov,"Approve 6, Disapprove 77",Disapprove +71,2013-11-19,2013
7821,Congressional Job Approval,CBS News,"Approve 11, Disapprove 85",Disapprove +74,2013-11-21,2013
7864,Congressional Job Approval,The Economist/YouGov,"Approve 6, Disapprove 72",Disapprove +66,2013-11-27,2013
7888,Congressional Job Approval,The Economist/YouGov,"Approve 6, Disapprove 73",Disapprove +67,2013-12-04,2013
7913,Congressional Job Approval,Gallup,"Approve 12, Disapprove 85",Disapprove +73,2013-12-10,2013
7916,Congressional Job Approval,CBS News/NY Times,"Approve 10, Disapprove 83",Disapprove +73,2013-12-10,2013
7953,Congressional Job Approval,Associated Press/GfK,"Approve 13, Disapprove 86",Disapprove +73,2013-12-11,2013
7955,Congressional Job Approval,The Economist/YouGov,"Approve 7, Disapprove 73",Disapprove +66,2013-12-11,2013
7961,Congressional Job Approval,Reason-Rupe/PSRAI,"Approve 20, Disapprove 74",Disapprove +54,2013-12-11,2013
7984,Congressional Job Approval,FOX News,"Approve 16, Disapprove 79",Disapprove +63,2013-12-19,2013
7990,Congressional Job Approval,The Economist/YouGov,"Approve 12, Disapprove 70",Disapprove +58,2013-12-24,2013
8006,Congressional Job Approval,The Economist/YouGov,"Approve 7, Disapprove 77",Disapprove +70,2013-12-31,2013
8013,Congressional Job Approval,The Economist/YouGov,"Approve 7, Disapprove 77",Disapprove +70,2014-01-07,2014
8026,Congressional Job Approval,The Economist/YouGov,"Approve 8, Disapprove 77",Disapprove +69,2014-01-14,2014
8029,Congressional Job Approval,Gallup,"Approve 13, Disapprove 82",Disapprove +69,2014-01-14,2014
8080,Congressional Job Approval,FOX News,"Approve 13, Disapprove 81",Disapprove +68,2014-01-22,2014
8081,Congressional Job Approval,GWU/Battleground,"Approve 14, Disapprove 81",Disapprove +67,2014-01-22,2014
8082,Congressional Job Approval,The Economist/YouGov,"Approve 10, Disapprove 71",Disapprove +61,2014-01-22,2014
8092,Congressional Job Approval,Associated Press/GfK,"Approve 14, Disapprove 84",Disapprove +70,2014-01-23,2014
8095,Congressional Job Approval,ABC News/Wash Post,"Approve 13, Disapprove 84",Disapprove +71,2014-01-26,2014
8111,Congressional Job Approval,NBC News/Wall St. Jrnl,"Approve 13, Disapprove 81",Disapprove +68,2014-01-28,2014
8119,Congressional Job Approval,The Economist/YouGov,"Approve 7, Disapprove 78",Disapprove +71,2014-01-29,2014
8189,Congressional Job Approval,The Economist/YouGov,"Approve 9, Disapprove 75",Disapprove +66,2014-02-05,2014
8212,Congressional Job Approval,Gallup,"Approve 12, Disapprove 83",Disapprove +71,2014-02-10,2014
8220,Congressional Job Approval,The Economist/YouGov,"Approve 6, Disapprove 78",Disapprove +72,2014-02-12,2014
8240,Congressional Job Approval,FOX News,"Approve 14, Disapprove 81",Disapprove +67,2014-02-13,2014
8263,Congressional Job Approval,The Economist/YouGov,"Approve 6, Disapprove 76",Disapprove +70,2014-02-19,2014
8291,Congressional Job Approval,CBS News/NY Times,"Approve 13, Disapprove 80",Disapprove +67,2014-02-26,2014
8293,Congressional Job Approval,The Economist/YouGov,"Approve 10, Disapprove 74",Disapprove +64,2014-02-26,2014
8352,Congressional Job Approval,The Economist/YouGov,"Approve 10, Disapprove 73",Disapprove +63,2014-03-05,2014
8364,Congressional Job Approval,FOX News,"Approve 12, Disapprove 78",Disapprove +66,2014-03-06,2014
8381,Congressional Job Approval,Gallup,"Approve 15, Disapprove 83",Disapprove +68,2014-03-10,2014
8389,Congressional Job Approval,PPP (D),"Approve 8, Disapprove 84",Disapprove +76,2014-03-11,2014
8404,Congressional Job Approval,The Economist/YouGov,"Approve 7, Disapprove 74",Disapprove +67,2014-03-12,2014
8451,Congressional Job Approval,The Economist/YouGov,"Approve 8, Disapprove 74",Disapprove +66,2014-03-19,2014
8477,Congressional Job Approval,CBS News,"Approve 18, Disapprove 76",Disapprove +58,2014-03-25,2014
8479,Congressional Job Approval,GWU/Battleground,"Approve 13, Disapprove 82",Disapprove +69,2014-03-25,2014
8492,Congressional Job Approval,The Economist/YouGov,"Approve 9, Disapprove 69",Disapprove +60,2014-03-26,2014
8518,Congressional Job Approval,The Economist/YouGov,"Approve 8, Disapprove 76",Disapprove +68,2014-04-02,2014
8540,Congressional Job Approval,Reason-Rupe/PSRAI,"Approve 17, Disapprove 74",Disapprove +57,2014-04-03,2014
8549,Congressional Job Approval,Associated Press/GfK,"Approve 16, Disapprove 82",Disapprove +66,2014-04-05,2014
8590,Congressional Job Approval,Gallup,"Approve 13, Disapprove 83",Disapprove +70,2014-04-10,2014
8601,Congressional Job Approval,The Economist/YouGov,"Approve 14, Disapprove 71",Disapprove +57,2014-04-11,2014
8625,Congressional Job Approval,The Economist/YouGov,"Approve 11, Disapprove 71",Disapprove +60,2014-04-16,2014
8656,Congressional Job Approval,FOX News,"Approve 15, Disapprove 76",Disapprove +61,2014-04-22,2014
8672,Congressional Job Approval,The Economist/YouGov,"Approve 10, Disapprove 73",Disapprove +63,2014-04-24,2014
8693,Congressional Job Approval,National Journal,"Approve 11, Disapprove 80",Disapprove +69,2014-04-28,2014
8709,Congressional Job Approval,The Economist/YouGov,"Approve 8, Disapprove 71",Disapprove +63,2014-04-29,2014
8768,Congressional Job Approval,The Economist/YouGov,"Approve 10, Disapprove 71",Disapprove +61,2014-05-07,2014
8831,Congressional Job Approval,Gallup,"Approve 15, Disapprove 80",Disapprove +65,2014-05-14,2014
8832,Congressional Job Approval,The Economist/YouGov,"Approve 10, Disapprove 72",Disapprove +62,2014-05-14,2014
8850,Congressional Job Approval,FOX News,"Approve 16, Disapprove 73",Disapprove +57,2014-05-15,2014
8889,Congressional Job Approval,CBS News,"Approve 12, Disapprove 80",Disapprove +68,2014-05-22,2014
8911,Congressional Job Approval,Associated Press/GfK,"Approve 14, Disapprove 85",Disapprove +71,2014-05-27,2014
8945,Congressional Job Approval,FOX News,"Approve 13, Disapprove 78",Disapprove +65,2014-06-05,2014
9018,Congressional Job Approval,The Economist/YouGov,"Approve 10, Disapprove 72",Disapprove +62,2014-06-13,2014
9044,Congressional Job Approval,Gallup,"Approve 16, Disapprove 81",Disapprove +65,2014-06-16,2014
9061,Congressional Job Approval,The Economist/YouGov,"Approve 9, Disapprove 73",Disapprove +64,2014-06-19,2014
9100,Congressional Job Approval,CBS News/NY Times,"Approve 14, Disapprove 78",Disapprove +64,2014-06-24,2014
9101,Congressional Job Approval,The Economist/YouGov,"Approve 9, Disapprove 73",Disapprove +64,2014-06-24,2014
9130,Congressional Job Approval,The Economist/YouGov,"Approve 9, Disapprove 72",Disapprove +63,2014-07-02,2014
9158,Congressional Job Approval,The Economist/YouGov,"Approve 11, Disapprove 66",Disapprove +55,2014-07-09,2014
9176,Congressional Job Approval,Gallup,"Approve 15, Disapprove 80",Disapprove +65,2014-07-15,2014
9196,Congressional Job Approval,The Economist/YouGov,"Approve 9, Disapprove 74",Disapprove +65,2014-07-17,2014
9234,Congressional Job Approval,The Economist/YouGov,"Approve 10, Disapprove 72",Disapprove +62,2014-07-22,2014
9298,Congressional Job Approval,FOX News,"Approve 13, Disapprove 79",Disapprove +66,2014-07-28,2014
9360,Congressional Job Approval,The Economist/YouGov,"Approve 7, Disapprove 72",Disapprove +65,2014-07-29,2014
9404,Congressional Job Approval,NBC News/Wall St. Jrnl,"Approve 14, Disapprove 79",Disapprove +65,2014-08-06,2014
9416,Congressional Job Approval,CBS News,"Approve 15, Disapprove 78",Disapprove +63,2014-08-06,2014
9423,Congressional Job Approval,Associated Press/GfK,"Approve 13, Disapprove 86",Disapprove +73,2014-08-07,2014
9438,Congressional Job Approval,The Economist/YouGov,"Approve 8, Disapprove 72",Disapprove +64,2014-08-08,2014
9446,Congressional Job Approval,Gallup,"Approve 13, Disapprove 83",Disapprove +70,2014-08-12,2014
9460,Congressional Job Approval,Reason-Rupe/PSRAI,"Approve 18, Disapprove 75",Disapprove +57,2014-08-14,2014
9513,Congressional Job Approval,The Economist/YouGov,"Approve 10, Disapprove 72",Disapprove +62,2014-08-22,2014
9545,Congressional Job Approval,The Economist/YouGov,"Approve 7, Disapprove 74",Disapprove +67,2014-08-28,2014
9568,Congressional Job Approval,GWU/Battleground,"Approve 16, Disapprove 80",Disapprove +64,2014-09-03,2014
9581,Congressional Job Approval,The Economist/YouGov,"Approve 8, Disapprove 72",Disapprove +64,2014-09-04,2014
9636,Congressional Job Approval,Gallup,"Approve 14, Disapprove 82",Disapprove +68,2014-09-08,2014
9651,Congressional Job Approval,ABC News/Wash Post,"Approve 13, Disapprove 82",Disapprove +69,2014-09-09,2014
9652,Congressional Job Approval,CNN/Opinion Research,"Approve 14, Disapprove 83",Disapprove +69,2014-09-09,2014
9708,Congressional Job Approval,FOX News,"Approve 13, Disapprove 79",Disapprove +66,2014-09-11,2014
9735,Congressional Job Approval,The Economist/YouGov,"Approve 9, Disapprove 71",Disapprove +62,2014-09-12,2014
9822,Congressional Job Approval,The Economist/YouGov,"Approve 10, Disapprove 67",Disapprove +57,2014-09-18,2014
9889,Congressional Job Approval,The Economist/YouGov,"Approve 9, Disapprove 74",Disapprove +65,2014-09-26,2014
9971,Congressional Job Approval,Associated Press/GfK,"Approve 7, Disapprove 93",Disapprove +86,2014-10-02,2014
9990,Congressional Job Approval,The Economist/YouGov,"Approve 10, Disapprove 69",Disapprove +59,2014-10-04,2014
10088,Congressional Job Approval,CBS News,"Approve 15, Disapprove 78",Disapprove +63,2014-10-08,2014
10110,Congressional Job Approval,Reason-Rupe/PSRAI,"Approve 19, Disapprove 73",Disapprove +54,2014-10-09,2014
10138,Congressional Job Approval,The Economist/YouGov,"Approve 8, Disapprove 69",Disapprove +61,2014-10-10,2014
10239,Congressional Job Approval,The Economist/YouGov,"Approve 11, Disapprove 72",Disapprove +61,2014-10-15,2014
10240,Congressional Job Approval,NBC News/Wall St. Jrnl,"Approve 12, Disapprove 83",Disapprove +71,2014-10-15,2014
10241,Congressional Job Approval,FOX News,"Approve 13, Disapprove 79",Disapprove +66,2014-10-15,2014
10321,Congressional Job Approval,Associated Press/GfK,"Approve 12, Disapprove 88",Disapprove +76,2014-10-22,2014
10351,Congressional Job Approval,The Economist/YouGov,"Approve 12, Disapprove 66",Disapprove +54,2014-10-23,2014
10410,Congressional Job Approval,ABC News/Wash Post,"Approve 17, Disapprove 80",Disapprove +63,2014-10-26,2014
10464,Congressional Job Approval,CNN/Opinion Research,"Approve 13, Disapprove 85",Disapprove +72,2014-10-27,2014
10510,Congressional Job Approval,FOX News,"Approve 13, Disapprove 81",Disapprove +68,2014-10-28,2014
10543,Congressional Job Approval,CBS News,"Approve 14, Disapprove 76",Disapprove +62,2014-10-29,2014
10612,Congressional Job Approval,The Economist/YouGov,"Approve 8, Disapprove 72",Disapprove +64,2014-10-31,2014
10726,Congressional Job Approval,The Economist/YouGov,"Approve 8, Disapprove 68",Disapprove +60,2014-11-07,2014
10731,Congressional Job Approval,The Economist/YouGov,"Approve 7, Disapprove 69",Disapprove +62,2014-11-13,2014
10734,Congressional Job Approval,National Journal,"Approve 9, Disapprove 80",Disapprove +71,2014-11-14,2014
10751,Congressional Job Approval,The Economist/YouGov,"Approve 10, Disapprove 64",Disapprove +54,2014-11-20,2014
10773,Congressional Job Approval,The Economist/YouGov,"Approve 14, Disapprove 64",Disapprove +50,2014-11-29,2014
10785,Congressional Job Approval,The Economist/YouGov,"Approve 12, Disapprove 69",Disapprove +57,2014-12-04,2014
10807,Congressional Job Approval,Associated Press/GfK,"Approve 15, Disapprove 84",Disapprove +69,2014-12-11,2014
10810,Congressional Job Approval,The Economist/YouGov,"Approve 9, Disapprove 71",Disapprove +62,2014-12-13,2014
10813,Congressional Job Approval,Gallup,"Approve 16, Disapprove 80",Disapprove +64,2014-12-15,2014
10828,Congressional Job Approval,NBC News/Wall St. Jrnl,"Approve 16, Disapprove 78",Disapprove +62,2014-12-17,2014
10839,Congressional Job Approval,FOX News,"Approve 14, Disapprove 80",Disapprove +66,2014-12-18,2014
10840,Congressional Job Approval,The Economist/YouGov,"Approve 11, Disapprove 72",Disapprove +61,2014-12-18,2014
10857,Congressional Job Approval,The Economist/YouGov,"Approve 8, Disapprove 71",Disapprove +63,2014-12-29,2014
10862,Congressional Job Approval,The Economist/YouGov,"Approve 9, Disapprove 71",Disapprove +62,2015-01-02,2015
10869,Congressional Job Approval,The Economist/YouGov,"Approve 8, Disapprove 72",Disapprove +64,2015-01-07,2015
10873,Congressional Job Approval,Gallup,"Approve 16, Disapprove 76",Disapprove +60,2015-01-13,2015
10880,Congressional Job Approval,CBS News,"Approve 16, Disapprove 72",Disapprove +56,2015-01-14,2015
10881,Congressional Job Approval,FOX News,"Approve 15, Disapprove 74",Disapprove +59,2015-01-14,2015
10892,Congressional Job Approval,NBC News/Wall St. Jrnl,"Approve 16, Disapprove 76",Disapprove +60,2015-01-20,2015
10895,Congressional Job Approval,The Economist/YouGov,"Approve 13, Disapprove 61",Disapprove +48,2015-01-21,2015
10918,Congressional Job Approval,USA Today/Suffolk,"Approve 14, Disapprove 75",Disapprove +61,2015-01-28,2015
10919,Congressional Job Approval,FOX News,"Approve 18, Disapprove 73",Disapprove +55,2015-01-28,2015
10937,Congressional Job Approval,The Economist/YouGov,"Approve 19, Disapprove 57",Disapprove +38,2015-02-01,2015
10979,Congressional Job Approval,The Economist/YouGov,"Approve 12, Disapprove 62",Disapprove +50,2015-02-05,2015
10989,Congressional Job Approval,Reason-Rupe/PSRAI,"Approve 23, Disapprove 69",Disapprove +46,2015-02-06,2015
10999,Congressional Job Approval,Associated Press/GfK,"Approve 15, Disapprove 83",Disapprove +68,2015-02-09,2015
11004,Congressional Job Approval,FOX News,"Approve 21, Disapprove 72",Disapprove +51,2015-02-11,2015
11021,Congressional Job Approval,The Economist/YouGov,"Approve 13, Disapprove 60",Disapprove +47,2015-02-13,2015
11036,Congressional Job Approval,Gallup,"Approve 20, Disapprove 75",Disapprove +55,2015-02-16,2015
11038,Congressional Job Approval,CNN/Opinion Research,"Approve 21, Disapprove 78",Disapprove +57,2015-02-17,2015
11065,Congressional Job Approval,The Economist/YouGov,"Approve 13, Disapprove 63",Disapprove +50,2015-02-19,2015
11066,Congressional Job Approval,CBS News,"Approve 18, Disapprove 73",Disapprove +55,2015-02-20,2015
11087,Congressional Job Approval,The Economist/YouGov,"Approve 16, Disapprove 60",Disapprove +44,2015-02-26,2015
11109,Congressional Job Approval,FOX News,"Approve 17, Disapprove 76",Disapprove +59,2015-03-04,2015
11127,Congressional Job Approval,The Economist/YouGov,"Approve 17, Disapprove 64",Disapprove +47,2015-03-06,2015
11151,Congressional Job Approval,Gallup,"Approve 18, Disapprove 75",Disapprove +57,2015-03-11,2015
11165,Congressional Job Approval,National Journal,"Approve 18, Disapprove 71",Disapprove +53,2015-03-16,2015
11182,Congressional Job Approval,The Economist/YouGov,"Approve 15, Disapprove 65",Disapprove +50,2015-03-22,2015
11211,Congressional Job Approval,The Economist/YouGov,"Approve 14, Disapprove 67",Disapprove +53,2015-03-26,2015
11218,Congressional Job Approval,CBS News,"Approve 22, Disapprove 70",Disapprove +48,2015-03-29,2015
11252,Congressional Job Approval,ABC News/Wash Post,"Approve 21, Disapprove 73",Disapprove +52,2015-04-01,2015
11253,Congressional Job Approval,FOX News,"Approve 21, Disapprove 70",Disapprove +49,2015-04-01,2015
11268,Congressional Job Approval,The Economist/YouGov,"Approve 12, Disapprove 65",Disapprove +53,2015-04-02,2015
11332,Congressional Job Approval,The Economist/YouGov,"Approve 12, Disapprove 64",Disapprove +52,2015-04-10,2015
11351,Congressional Job Approval,USA Today/Suffolk,"Approve 11, Disapprove 77",Disapprove +66,2015-04-14,2015
11362,Congressional Job Approval,The Economist/YouGov,"Approve 13, Disapprove 63",Disapprove +50,2015-04-15,2015
11408,Congressional Job Approval,FOX News,"Approve 19, Disapprove 75",Disapprove +56,2015-04-22,2015
11428,Congressional Job Approval,The Economist/YouGov,"Approve 14, Disapprove 63",Disapprove +49,2015-04-24,2015
11475,Congressional Job Approval,The Economist/YouGov,"Approve 16, Disapprove 61",Disapprove +45,2015-05-02,2015
11476,Congressional Job Approval,Associated Press/GfK,"Approve 19, Disapprove 80",Disapprove +61,2015-05-02,2015
11514,Congressional Job Approval,CBS News/NY Times,"Approve 12, Disapprove 80",Disapprove +68,2015-05-06,2015
11525,Congressional Job Approval,The Economist/YouGov,"Approve 12, Disapprove 68",Disapprove +56,2015-05-08,2015
11560,Congressional Job Approval,The Economist/YouGov,"Approve 16, Disapprove 62",Disapprove +46,2015-05-19,2015
11580,Congressional Job Approval,The Economist/YouGov,"Approve 14, Disapprove 63",Disapprove +49,2015-05-22,2015
11619,Congressional Job Approval,The Economist/YouGov,"Approve 12, Disapprove 64",Disapprove +52,2015-05-29,2015
11636,Congressional Job Approval,CBS News/NY Times,"Approve 15, Disapprove 78",Disapprove +63,2015-06-02,2015
11665,Congressional Job Approval,The Economist/YouGov,"Approve 13, Disapprove 64",Disapprove +51,2015-06-05,2015
11690,Congressional Job Approval,The Economist/YouGov,"Approve 12, Disapprove 65",Disapprove +53,2015-06-13,2015
11749,Congressional Job Approval,PPP (D),"Approve 12, Disapprove 77",Disapprove +65,2015-06-19,2015
11750,Congressional Job Approval,The Economist/YouGov,"Approve 14, Disapprove 59",Disapprove +45,2015-06-19,2015
11792,Congressional Job Approval,The Economist/YouGov,"Approve 14, Disapprove 65",Disapprove +51,2015-06-26,2015
11823,Congressional Job Approval,The Economist/YouGov,"Approve 14, Disapprove 61",Disapprove +47,2015-07-02,2015
11851,Congressional Job Approval,Gallup,"Approve 17, Disapprove 78",Disapprove +61,2015-07-13,2015
11853,Congressional Job Approval,The Economist/YouGov,"Approve 13, Disapprove 63",Disapprove +50,2015-07-13,2015
11886,Congressional Job Approval,Associated Press-GfK,"Approve 17, Disapprove 82",Disapprove +65,2015-07-17,2015
11950,Congressional Job Approval,The Economist/YouGov,"Approve 18, Disapprove 56",Disapprove +38,2015-07-24,2015
12027,Congressional Job Approval,CBS News,"Approve 17, Disapprove 74",Disapprove +57,2015-08-04,2015
12079,Congressional Job Approval,Gallup,"Approve 14, Disapprove 82",Disapprove +68,2015-08-12,2015
12152,Congressional Job Approval,The Economist/YouGov,"Approve 13, Disapprove 62",Disapprove +49,2015-08-21,2015
12222,Congressional Job Approval,The Economist/YouGov,"Approve 11, Disapprove 65",Disapprove +54,2015-09-04,2015
12252,Congressional Job Approval,Monmouth,"Approve 17, Disapprove 74",Disapprove +57,2015-09-10,2015
12311,Congressional Job Approval,Gallup,"Approve 14, Disapprove 83",Disapprove +69,2015-09-17,2015
12312,Congressional Job Approval,The Economist/YouGov,"Approve 11, Disapprove 66",Disapprove +55,2015-09-17,2015
12361,Congressional Job Approval,National Journal,"Approve 13, Disapprove 78",Disapprove +65,2015-09-26,2015
12423,Congressional Job Approval,The Economist/YouGov,"Approve 11, Disapprove 67",Disapprove +56,2015-10-02,2015
12525,Congressional Job Approval,PPP (D),"Approve 11, Disapprove 82",Disapprove +71,2015-10-07,2015
12561,Congressional Job Approval,CBS News,"Approve 12, Disapprove 79",Disapprove +67,2015-10-11,2015
12583,Congressional Job Approval,Gallup,"Approve 13, Disapprove 82",Disapprove +69,2015-10-12,2015
12634,Congressional Job Approval,FOX News,"Approve 13, Disapprove 78",Disapprove +65,2015-10-15,2015
12638,Congressional Job Approval,The Economist/YouGov,"Approve 9, Disapprove 69",Disapprove +60,2015-10-16,2015
12690,Congressional Job Approval,Associated Press-GfK,"Approve 16, Disapprove 83",Disapprove +67,2015-10-22,2015
12729,Congressional Job Approval,The Economist/YouGov,"Approve 11, Disapprove 68",Disapprove +57,2015-10-28,2015
12822,Congressional Job Approval,Monmouth,"Approve 13, Disapprove 77",Disapprove +64,2015-11-05,2015
12857,Congressional Job Approval,The Economist/YouGov,"Approve 10, Disapprove 69",Disapprove +59,2015-11-11,2015
12859,Congressional Job Approval,Gallup,"Approve 11, Disapprove 86",Disapprove +75,2015-11-11,2015
12945,Congressional Job Approval,PPP (D),"Approve 12, Disapprove 76",Disapprove +64,2015-11-20,2015
12983,Congressional Job Approval,The Economist/YouGov,"Approve 13, Disapprove 65",Disapprove +52,2015-11-24,2015
13063,Congressional Job Approval,The Economist/YouGov,"Approve 10, Disapprove 67",Disapprove +57,2015-12-09,2015
13077,Congressional Job Approval,CBS/NY Times,"Approve 15, Disapprove 74",Disapprove +59,2015-12-10,2015
13106,Congressional Job Approval,Monmouth,"Approve 16, Disapprove 77",Disapprove +61,2015-12-15,2015
13136,Congressional Job Approval,Gallup,"Approve 13, Disapprove 82",Disapprove +69,2015-12-18,2015
13151,Congressional Job Approval,PPP (D),"Approve 13, Disapprove 78",Disapprove +65,2015-12-21,2015
13185,Congressional Job Approval,The Economist/YouGov,"Approve 10, Disapprove 70",Disapprove +60,2015-12-28,2015
13226,Congressional Job Approval,The Economist/YouGov,"Approve 10, Disapprove 67",Disapprove +57,2016-01-08,2016
13263,Congressional Job Approval,CBS/NY Times,"Approve 15, Disapprove 75",Disapprove +60,2016-01-12,2016
13273,Congressional Job Approval,Gallup,"Approve 16, Disapprove 80",Disapprove +64,2016-01-15,2016
13342,Congressional Job Approval,The Economist/YouGov,"Approve 12, Disapprove 66",Disapprove +54,2016-01-21,2016
13375,Congressional Job Approval,Monmouth,"Approve 15, Disapprove 78",Disapprove +63,2016-01-25,2016
13395,Congressional Job Approval,National Journal,"Approve 15, Disapprove 77",Disapprove +62,2016-01-27,2016
13444,Congressional Job Approval,The Economist/YouGov,"Approve 10, Disapprove 69",Disapprove +59,2016-02-02,2016
13523,Congressional Job Approval,PPP (D),"Approve 9, Disapprove 82",Disapprove +73,2016-02-08,2016
13540,Congressional Job Approval,Gallup,"Approve 14, Disapprove 81",Disapprove +67,2016-02-10,2016
13633,Congressional Job Approval,The Economist/YouGov,"Approve 9, Disapprove 70",Disapprove +61,2016-02-18,2016
13764,Congressional Job Approval,Associated Press-GfK,"Approve 15, Disapprove 84",Disapprove +69,2016-02-26,2016
13800,Congressional Job Approval,The Economist/YouGov,"Approve 10, Disapprove 67",Disapprove +57,2016-03-01,2016
13883,Congressional Job Approval,Gallup,"Approve 13, Disapprove 84",Disapprove +71,2016-03-09,2016
13978,Congressional Job Approval,The Economist/YouGov,"Approve 12, Disapprove 65",Disapprove +53,2016-03-15,2016
14020,Congressional Job Approval,Monmouth,"Approve 19, Disapprove 72",Disapprove +53,2016-03-21,2016
14028,Congressional Job Approval,CBS News/NY Times,"Approve 17, Disapprove 75",Disapprove +58,2016-03-22,2016
14047,Congressional Job Approval,FOX News,"Approve 14, Disapprove 77",Disapprove +63,2016-03-23,2016
14084,Congressional Job Approval,CNN/ORC,"Approve 15, Disapprove 81",Disapprove +66,2016-03-25,2016
14134,Congressional Job Approval,The Economist/YouGov,"Approve 11, Disapprove 70",Disapprove +59,2016-04-12,2016
14154,Congressional Job Approval,Gallup,"Approve 17, Disapprove 79",Disapprove +62,2016-04-13,2016
14170,Congressional Job Approval,CBS News,"Approve 14, Disapprove 77",Disapprove +63,2016-04-14,2016
14315,Congressional Job Approval,The Economist/YouGov,"Approve 11, Disapprove 66",Disapprove +55,2016-04-27,2016
14415,Congressional Job Approval,PPP (D),"Approve 9, Disapprove 84",Disapprove +75,2016-05-10,2016
14430,Congressional Job Approval,The Economist/YouGov,"Approve 10, Disapprove 70",Disapprove +60,2016-05-11,2016
14462,Congressional Job Approval,CBS News/NY Times,"Approve 14, Disapprove 77",Disapprove +63,2016-05-19,2016
14484,Congressional Job Approval,Gallup,"Approve 18, Disapprove 78",Disapprove +60,2016-05-24,2016
14491,Congressional Job Approval,The Economist/YouGov,"Approve 12, Disapprove 67",Disapprove +55,2016-05-25,2016
14574,Congressional Job Approval,Economist/YouGov,"Approve 9, Disapprove 69",Disapprove +60,2016-06-10,2016
14580,Congressional Job Approval,Gallup,"Approve 16, Disapprove 80",Disapprove +64,2016-06-14,2016
14614,Congressional Job Approval,Economist/YouGov,"Approve 9, Disapprove 71",Disapprove +62,2016-06-22,2016
14632,Congressional Job Approval,Monmouth,"Approve 17, Disapprove 76",Disapprove +59,2016-06-23,2016
14695,Congressional Job Approval,PPP (D),"Approve 14, Disapprove 80",Disapprove +66,2016-06-30,2016
14696,Congressional Job Approval,Economist/YouGov,"Approve 11, Disapprove 66",Disapprove +55,2016-06-30,2016
14710,Congressional Job Approval,Economist/YouGov,"Approve 11, Disapprove 69",Disapprove +58,2016-07-06,2016
14758,Congressional Job Approval,Economist/YouGov,"Approve 12, Disapprove 66",Disapprove +54,2016-07-13,2016
14784,Congressional Job Approval,CBS News/NY Times,"Approve 15, Disapprove 79",Disapprove +64,2016-07-14,2016
14796,Congressional Job Approval,Associated Press-GfK,"Approve 12, Disapprove 86",Disapprove +74,2016-07-15,2016
14823,Congressional Job Approval,Economist/YouGov,"Approve 10, Disapprove 68",Disapprove +58,2016-07-18,2016
14864,Congressional Job Approval,Economist/YouGov,"Approve 10, Disapprove 65",Disapprove +55,2016-07-25,2016
14878,Congressional Job Approval,Gallup,"Approve 13, Disapprove 83",Disapprove +70,2016-07-28,2016
14890,Congressional Job Approval,PPP (D),"Approve 11, Disapprove 75",Disapprove +64,2016-07-30,2016
14910,Congressional Job Approval,Economist/YouGov,"Approve 10, Disapprove 71",Disapprove +61,2016-08-02,2016
14982,Congressional Job Approval,Economist/YouGov,"Approve 11, Disapprove 68",Disapprove +57,2016-08-09,2016
15005,Congressional Job Approval,Monmouth,"Approve 12, Disapprove 81",Disapprove +69,2016-08-10,2016
15080,Congressional Job Approval,Economist/YouGov,"Approve 10, Disapprove 70",Disapprove +60,2016-08-17,2016
15097,Congressional Job Approval,Gallup,"Approve 18, Disapprove 78",Disapprove +60,2016-08-21,2016
15125,Congressional Job Approval,Economist/YouGov,"Approve 11, Disapprove 68",Disapprove +57,2016-08-24,2016
15154,Congressional Job Approval,PPP (D),"Approve 8, Disapprove 79",Disapprove +71,2016-08-30,2016
15172,Congressional Job Approval,Economist/YouGov,"Approve 10, Disapprove 69",Disapprove +59,2016-08-31,2016
15233,Congressional Job Approval,Economist/YouGov,"Approve 10, Disapprove 67",Disapprove +57,2016-09-07,2016
15328,Congressional Job Approval,Economist/YouGov,"Approve 10, Disapprove 71",Disapprove +61,2016-09-14,2016
15368,Congressional Job Approval,Gallup,"Approve 20, Disapprove 76",Disapprove +56,2016-09-16,2016
15412,Congressional Job Approval,Economist/YouGov,"Approve 11, Disapprove 70",Disapprove +59,2016-09-21,2016
15463,Congressional Job Approval,Associated Press-GfK,"Approve 12, Disapprove 88",Disapprove +76,2016-09-22,2016
15496,Congressional Job Approval,Economist/YouGov,"Approve 9, Disapprove 69",Disapprove +60,2016-09-25,2016
15572,Congressional Job Approval,Monmouth,"Approve 15, Disapprove 77",Disapprove +62,2016-09-28,2016
15573,Congressional Job Approval,PPP (D),"Approve 13, Disapprove 74",Disapprove +61,2016-09-28,2016
15597,Congressional Job Approval,FOX News,"Approve 18, Disapprove 75",Disapprove +57,2016-09-30,2016
15619,Congressional Job Approval,Economist/YouGov,"Approve 9, Disapprove 70",Disapprove +61,2016-10-03,2016
15725,Congressional Job Approval,Economist/YouGov,"Approve 11, Disapprove 64",Disapprove +53,2016-10-09,2016
15801,Congressional Job Approval,Gallup,"Approve 18, Disapprove 79",Disapprove +61,2016-10-13,2016
15908,Congressional Job Approval,Economist/YouGov,"Approve 12, Disapprove 70",Disapprove +58,2016-10-19,2016
16028,Congressional Job Approval,Associated Press-GfK,"Approve 14, Disapprove 86",Disapprove +72,2016-10-26,2016
16223,Congressional Job Approval,Economist/YouGov,"Approve 13, Disapprove 66",Disapprove +53,2016-11-02,2016
16282,Congressional Job Approval,CBS News/NY Times,"Approve 15, Disapprove 76",Disapprove +61,2016-11-03,2016
16440,Congressional Job Approval,Economist/YouGov,"Approve 11, Disapprove 67",Disapprove +56,2016-11-07,2016
16478,Congressional Job Approval,Economist/YouGov,"Approve 14, Disapprove 62",Disapprove +48,2016-11-17,2016
16481,Congressional Job Approval,Gallup,"Approve 19, Disapprove 74",Disapprove +55,2016-11-18,2016
16485,Congressional Job Approval,Economist/YouGov,"Approve 14, Disapprove 61",Disapprove +47,2016-11-23,2016
16495,Congressional Job Approval,Economist/YouGov,"Approve 15, Disapprove 57",Disapprove +42,2016-12-01,2016
16499,Congressional Job Approval,Economist/YouGov,"Approve 13, Disapprove 65",Disapprove +52,2016-12-06,2016
16505,Congressional Job Approval,The Atlantic,"Approve 17, Disapprove 73",Disapprove +56,2016-12-07,2016
16513,Congressional Job Approval,PPP (D),"Approve 10, Disapprove 75",Disapprove +65,2016-12-09,2016
16520,Congressional Job Approval,Economist/YouGov,"Approve 12, Disapprove 59",Disapprove +47,2016-12-14,2016
16529,Congressional Job Approval,Gallup,"Approve 18, Disapprove 78",Disapprove +60,2016-12-16,2016
16535,Congressional Job Approval,Economist/YouGov,"Approve 11, Disapprove 59",Disapprove +48,2016-12-20,2016
16542,Congressional Job Approval,Economist/YouGov,"Approve 12, Disapprove 56",Disapprove +44,2016-12-27,2016
16546,Congressional Job Approval,Economist/YouGov,"Approve 13, Disapprove 55",Disapprove +42,2017-01-03,2017
16552,Congressional Job Approval,Quinnipiac,"Approve 12, Disapprove 79",Disapprove +67,2017-01-10,2017
16559,Congressional Job Approval,Economist/YouGov,"Approve 12, Disapprove 61",Disapprove +49,2017-01-11,2017
16560,Congressional Job Approval,Gallup,"Approve 19, Disapprove 76",Disapprove +57,2017-01-13,2017
16565,Congressional Job Approval,Monmouth,"Approve 22, Disapprove 67",Disapprove +45,2017-01-17,2017
16573,Congressional Job Approval,Economist/YouGov,"Approve 14, Disapprove 61",Disapprove +47,2017-01-18,2017
16579,Congressional Job Approval,CBS News,"Approve 24, Disapprove 71",Disapprove +47,2017-01-18,2017
16582,Congressional Job Approval,FOX News,"Approve 17, Disapprove 74",Disapprove +57,2017-01-19,2017
16583,Congressional Job Approval,CNN/ORC,"Approve 20, Disapprove 77",Disapprove +57,2017-01-19,2017
16589,Congressional Job Approval,Economist/YouGov,"Approve 12, Disapprove 58",Disapprove +46,2017-01-25,2017
16592,Congressional Job Approval,Quinnipiac,"Approve 19, Disapprove 67",Disapprove +48,2017-01-26,2017
16593,Congressional Job Approval,PPP (D),"Approve 15, Disapprove 65",Disapprove +50,2017-01-26,2017
16597,Congressional Job Approval,Economist/YouGov,"Approve 19, Disapprove 55",Disapprove +36,2017-02-01,2017
16602,Congressional Job Approval,PPP (D),"Approve 13, Disapprove 68",Disapprove +55,2017-02-02,2017
16611,Congressional Job Approval,Gallup,"Approve 28, Disapprove 67",Disapprove +39,2017-02-07,2017
16617,Congressional Job Approval,Economist/YouGov,"Approve 16, Disapprove 53",Disapprove +37,2017-02-08,2017
16622,Congressional Job Approval,PPP (D),"Approve 16, Disapprove 68",Disapprove +52,2017-02-10,2017
16629,Congressional Job Approval,Economist/YouGov,"Approve 19, Disapprove 55",Disapprove +36,2017-02-15,2017
16641,Congressional Job Approval,Economist/YouGov,"Approve 19, Disapprove 56",Disapprove +37,2017-02-22,2017
16647,Congressional Job Approval,CBS News,"Approve 22, Disapprove 67",Disapprove +45,2017-02-23,2017
16650,Congressional Job Approval,PPP (D),"Approve 21, Disapprove 59",Disapprove +38,2017-02-24,2017
16654,Congressional Job Approval,NBC News/Wall St. Jrnl,"Approve 29, Disapprove 60",Disapprove +31,2017-02-26,2017
16661,Congressional Job Approval,Economist/YouGov,"Approve 17, Disapprove 56",Disapprove +39,2017-03-01,2017
16667,Congressional Job Approval,Monmouth,"Approve 23, Disapprove 61",Disapprove +38,2017-03-06,2017
16668,Congressional Job Approval,CNN/ORC,"Approve 28, Disapprove 69",Disapprove +41,2017-03-06,2017
16674,Congressional Job Approval,Quinnipiac,"Approve 18, Disapprove 70",Disapprove +52,2017-03-07,2017
16677,Congressional Job Approval,Gallup,"Approve 24, Disapprove 67",Disapprove +43,2017-03-07,2017
16680,Congressional Job Approval,Economist/YouGov,"Approve 17, Disapprove 57",Disapprove +40,2017-03-08,2017
16692,Congressional Job Approval,PPP (D),"Approve 18, Disapprove 64",Disapprove +46,2017-03-15,2017
16696,Congressional Job Approval,Economist/YouGov,"Approve 18, Disapprove 53",Disapprove +35,2017-03-15,2017
16702,Congressional Job Approval,Economist/YouGov,"Approve 14, Disapprove 56",Disapprove +42,2017-03-22,2017
16712,Congressional Job Approval,Economist/YouGov,"Approve 13, Disapprove 64",Disapprove +51,2017-03-29,2017
16719,Congressional Job Approval,PPP (D),"Approve 11, Disapprove 68",Disapprove +57,2017-03-30,2017
16732,Congressional Job Approval,Economist/YouGov,"Approve 12, Disapprove 58",Disapprove +46,2017-04-05,2017
16742,Congressional Job Approval,Gallup,"Approve 20, Disapprove 74",Disapprove +54,2017-04-11,2017
16745,Congressional Job Approval,Economist/YouGov,"Approve 13, Disapprove 61",Disapprove +48,2017-04-12,2017
16766,Congressional Job Approval,Economist/YouGov,"Approve 14, Disapprove 61",Disapprove +47,2017-04-19,2017
16772,Congressional Job Approval,PPP (D),"Approve 18, Disapprove 65",Disapprove +47,2017-04-20,2017
16776,Congressional Job Approval,NBC News/Wall St. Jrnl,"Approve 20, Disapprove 72",Disapprove +52,2017-04-24,2017
16786,Congressional Job Approval,Economist/YouGov,"Approve 13, Disapprove 61",Disapprove +48,2017-04-26,2017
16795,Congressional Job Approval,CNN/ORC,"Approve 22, Disapprove 75",Disapprove +53,2017-04-28,2017
16801,Congressional Job Approval,Economist/YouGov,"Approve 11, Disapprove 63",Disapprove +52,2017-05-03,2017
16814,Congressional Job Approval,Economist/YouGov,"Approve 13, Disapprove 64",Disapprove +51,2017-05-10,2017
16818,Congressional Job Approval,Gallup,"Approve 20, Disapprove 74",Disapprove +54,2017-05-10,2017
16823,Congressional Job Approval,PPP (D),"Approve 15, Disapprove 68",Disapprove +53,2017-05-16,2017
16832,Congressional Job Approval,Economist/YouGov,"Approve 11, Disapprove 64",Disapprove +53,2017-05-17,2017
16847,Congressional Job Approval,Monmouth,"Approve 17, Disapprove 73",Disapprove +56,2017-05-24,2017
16849,Congressional Job Approval,Economist/YouGov,"Approve 13, Disapprove 65",Disapprove +52,2017-05-24,2017
16854,Congressional Job Approval,Reuters/Ipsos,"Approve 23, Disapprove 64",Disapprove +41,2017-05-24,2017
16862,Congressional Job Approval,Economist/YouGov,"Approve 11, Disapprove 63",Disapprove +52,2017-05-31,2017
16865,Congressional Job Approval,Reuters/Ipsos,"Approve 22, Disapprove 68",Disapprove +46,2017-05-31,2017
16871,Congressional Job Approval,Economist/YouGov,"Approve 11, Disapprove 63",Disapprove +52,2017-06-07,2017
16876,Congressional Job Approval,Reuters/Ipsos,"Approve 28, Disapprove 61",Disapprove +33,2017-06-08,2017
16882,Congressional Job Approval,PPP (D),"Approve 11, Disapprove 71",Disapprove +60,2017-06-12,2017
16891,Congressional Job Approval,Economist/YouGov,"Approve 11, Disapprove 61",Disapprove +50,2017-06-14,2017
16892,Congressional Job Approval,Reuters/Ipsos,"Approve 28, Disapprove 61",Disapprove +33,2017-06-14,2017
16912,Congressional Job Approval,Economist/YouGov,"Approve 12, Disapprove 61",Disapprove +49,2017-06-21,2017
16920,Congressional Job Approval,Reuters/Ipsos,"Approve 22, Disapprove 66",Disapprove +44,2017-06-28,2017
16921,Congressional Job Approval,Economist/YouGov,"Approve 13, Disapprove 63",Disapprove +50,2017-06-28,2017
16937,Congressional Job Approval,Reuters/Ipsos,"Approve 25, Disapprove 63",Disapprove +38,2017-07-05,2017
16943,Congressional Job Approval,Economist/YouGov,"Approve 14, Disapprove 61",Disapprove +47,2017-07-05,2017
16947,Congressional Job Approval,Economist/YouGov,"Approve 13, Disapprove 65",Disapprove +52,2017-07-12,2017
16951,Congressional Job Approval,Reuters/Ipsos,"Approve 26, Disapprove 65",Disapprove +39,2017-07-12,2017
16952,Congressional Job Approval,Gallup,"Approve 20, Disapprove 74",Disapprove +54,2017-07-13,2017
16959,Congressional Job Approval,PPP (D),"Approve 11, Disapprove 75",Disapprove +64,2017-07-18,2017
16960,Congressional Job Approval,Monmouth,"Approve 18, Disapprove 72",Disapprove +54,2017-07-18,2017
16964,Congressional Job Approval,Economist/YouGov,"Approve 10, Disapprove 64",Disapprove +54,2017-07-19,2017
16966,Congressional Job Approval,Reuters/Ipsos,"Approve 23, Disapprove 66",Disapprove +43,2017-07-19,2017
16978,Congressional Job Approval,Economist/YouGov,"Approve 11, Disapprove 67",Disapprove +56,2017-07-26,2017
16982,Congressional Job Approval,Reuters/Ipsos,"Approve 21, Disapprove 68",Disapprove +47,2017-07-26,2017
16990,Congressional Job Approval,Economist/YouGov,"Approve 9, Disapprove 68",Disapprove +59,2017-08-02,2017
16991,Congressional Job Approval,Reuters/Ipsos,"Approve 22, Disapprove 67",Disapprove +45,2017-08-02,2017
16996,Congressional Job Approval,Quinnipiac,"Approve 10, Disapprove 84",Disapprove +74,2017-08-03,2017
17002,Congressional Job Approval,CBS News,"Approve 19, Disapprove 73",Disapprove +54,2017-08-08,2017
17008,Congressional Job Approval,Economist/YouGov,"Approve 11, Disapprove 67",Disapprove +56,2017-08-09,2017
17012,Congressional Job Approval,Reuters/Ipsos,"Approve 21, Disapprove 71",Disapprove +50,2017-08-09,2017
17026,Congressional Job Approval,Economist/YouGov,"Approve 8, Disapprove 68",Disapprove +60,2017-08-16,2017
17027,Congressional Job Approval,Reuters/Ipsos,"Approve 21, Disapprove 66",Disapprove +45,2017-08-16,2017
17030,Congressional Job Approval,Quinnipiac,"Approve 10, Disapprove 85",Disapprove +75,2017-08-17,2017
17041,Congressional Job Approval,PPP (D),"Approve 9, Disapprove 73",Disapprove +64,2017-08-23,2017
17042,Congressional Job Approval,Quinnipiac,"Approve 10, Disapprove 83",Disapprove +73,2017-08-23,2017
17043,Congressional Job Approval,Reuters/Ipsos,"Approve 21, Disapprove 67",Disapprove +46,2017-08-23,2017
17044,Congressional Job Approval,Economist/YouGov,"Approve 11, Disapprove 67",Disapprove +56,2017-08-23,2017
17063,Congressional Job Approval,Reuters/Ipsos,"Approve 22, Disapprove 66",Disapprove +44,2017-08-30,2017
17064,Congressional Job Approval,FOX News,"Approve 15, Disapprove 74",Disapprove +59,2017-08-30,2017
17065,Congressional Job Approval,Economist/YouGov,"Approve 11, Disapprove 69",Disapprove +58,2017-08-30,2017
17078,Congressional Job Approval,Reuters/Ipsos,"Approve 25, Disapprove 64",Disapprove +39,2017-09-06,2017
17079,Congressional Job Approval,Economist/YouGov,"Approve 10, Disapprove 63",Disapprove +53,2017-09-06,2017
17088,Congressional Job Approval,Economist/YouGov,"Approve 10, Disapprove 65",Disapprove +55,2017-09-13,2017
17092,Congressional Job Approval,Reuters/Ipsos,"Approve 24, Disapprove 62",Disapprove +38,2017-09-13,2017
17094,Congressional Job Approval,Gallup,"Approve 16, Disapprove 80",Disapprove +64,2017-09-16,2017
17108,Congressional Job Approval,Reuters/Ipsos,"Approve 21, Disapprove 68",Disapprove +47,2017-09-20,2017
17109,Congressional Job Approval,Economist/YouGov,"Approve 9, Disapprove 66",Disapprove +57,2017-09-20,2017
17113,Congressional Job Approval,Monmouth,"Approve 15, Disapprove 73",Disapprove +58,2017-09-20,2017
17136,Congressional Job Approval,Reuters/Ipsos,"Approve 20, Disapprove 69",Disapprove +49,2017-09-27,2017
17139,Congressional Job Approval,Economist/YouGov,"Approve 9, Disapprove 67",Disapprove +58,2017-09-27,2017
17141,Congressional Job Approval,PPP (D),"Approve 9, Disapprove 76",Disapprove +67,2017-09-28,2017
17154,Congressional Job Approval,Economist/YouGov,"Approve 9, Disapprove 66",Disapprove +57,2017-10-04,2017
17159,Congressional Job Approval,Reuters/Ipsos,"Approve 20, Disapprove 68",Disapprove +48,2017-10-04,2017
17173,Congressional Job Approval,Reuters/Ipsos,"Approve 24, Disapprove 66",Disapprove +42,2017-10-11,2017
17174,Congressional Job Approval,Economist/YouGov,"Approve 7, Disapprove 69",Disapprove +62,2017-10-11,2017
17194,Congressional Job Approval,Reuters/Ipsos,"Approve 19, Disapprove 68",Disapprove +49,2017-10-18,2017
17198,Congressional Job Approval,Economist/YouGov,"Approve 8, Disapprove 71",Disapprove +63,2017-10-18,2017
17202,Congressional Job Approval,Gallup,"Approve 13, Disapprove 80",Disapprove +67,2017-10-20,2017
17212,Congressional Job Approval,Economist/YouGov,"Approve 8, Disapprove 69",Disapprove +61,2017-10-25,2017
17219,Congressional Job Approval,Reuters/Ipsos,"Approve 17, Disapprove 71",Disapprove +54,2017-10-25,2017
17237,Congressional Job Approval,PPP (D),"Approve 9, Disapprove 77",Disapprove +68,2017-10-31,2017
17242,Congressional Job Approval,Economist/YouGov,"Approve 9, Disapprove 69",Disapprove +60,2017-11-01,2017
17248,Congressional Job Approval,Reuters/Ipsos,"Approve 22, Disapprove 69",Disapprove +47,2017-11-01,2017
17273,Congressional Job Approval,Economist/YouGov,"Approve 9, Disapprove 68",Disapprove +59,2017-11-08,2017
17275,Congressional Job Approval,Reuters/Ipsos,"Approve 21, Disapprove 67",Disapprove +46,2017-11-08,2017
17290,Congressional Job Approval,Reuters/Ipsos,"Approve 19, Disapprove 68",Disapprove +49,2017-11-15,2017
17291,Congressional Job Approval,Economist/YouGov,"Approve 9, Disapprove 69",Disapprove +60,2017-11-15,2017
17309,Congressional Job Approval,Reuters/Ipsos,"Approve 19, Disapprove 69",Disapprove +50,2017-11-22,2017
17314,Congressional Job Approval,Economist/YouGov,"Approve 9, Disapprove 69",Disapprove +60,2017-11-22,2017
17322,Congressional Job Approval,Reuters/Ipsos,"Approve 19, Disapprove 69",Disapprove +50,2017-11-29,2017
17323,Congressional Job Approval,Economist/YouGov,"Approve 10, Disapprove 70",Disapprove +60,2017-11-29,2017
17334,Congressional Job Approval,Quinnipiac,"Approve 12, Disapprove 80",Disapprove +68,2017-12-05,2017
17341,Congressional Job Approval,Economist/YouGov,"Approve 11, Disapprove 68",Disapprove +57,2017-12-06,2017
17347,Congressional Job Approval,Reuters/Ipsos,"Approve 20, Disapprove 70",Disapprove +50,2017-12-06,2017
17363,Congressional Job Approval,Economist/YouGov,"Approve 12, Disapprove 69",Disapprove +57,2017-12-13,2017
17364,Congressional Job Approval,Reuters/Ipsos,"Approve 20, Disapprove 67",Disapprove +47,2017-12-13,2017
17365,Congressional Job Approval,Monmouth,"Approve 15, Disapprove 69",Disapprove +54,2017-12-13,2017
17376,Congressional Job Approval,Gallup,"Approve 17, Disapprove 78",Disapprove +61,2017-12-14,2017
17377,Congressional Job Approval,PPP (D),"Approve 10, Disapprove 78",Disapprove +68,2017-12-14,2017
17386,Congressional Job Approval,Quinnipiac,"Approve 13, Disapprove 79",Disapprove +66,2017-12-19,2017
17389,Congressional Job Approval,Economist/YouGov,"Approve 12, Disapprove 68",Disapprove +56,2017-12-20,2017
17392,Congressional Job Approval,Reuters/Ipsos,"Approve 21, Disapprove 68",Disapprove +47,2017-12-20,2017
17401,Congressional Job Approval,Economist/YouGov,"Approve 14, Disapprove 64",Disapprove +50,2017-12-27,2017
17407,Congressional Job Approval,Reuters/Ipsos,"Approve 25, Disapprove 63",Disapprove +38,2018-01-03,2018
17408,Congressional Job Approval,Economist/YouGov,"Approve 15, Disapprove 64",Disapprove +49,2018-01-03,2018
17419,Congressional Job Approval,Economist/YouGov,"Approve 14, Disapprove 67",Disapprove +53,2018-01-10,2018
17424,Congressional Job Approval,Reuters/Ipsos,"Approve 23, Disapprove 66",Disapprove +43,2018-01-10,2018
17436,Congressional Job Approval,Reuters/Ipsos,"Approve 23, Disapprove 63",Disapprove +40,2018-01-17,2018
17437,Congressional Job Approval,Economist/YouGov,"Approve 11, Disapprove 69",Disapprove +58,2018-01-17,2018
17444,Congressional Job Approval,CBS News,"Approve 18, Disapprove 75",Disapprove +57,2018-01-18,2018
17450,Congressional Job Approval,Quinnipiac,"Approve 16, Disapprove 78",Disapprove +62,2018-01-18,2018
17454,Congressional Job Approval,CNN,"Approve 16, Disapprove 78",Disapprove +62,2018-01-19,2018
17463,Congressional Job Approval,Economist/YouGov,"Approve 9, Disapprove 76",Disapprove +67,2018-01-24,2018
17468,Congressional Job Approval,Reuters/Ipsos,"Approve 18, Disapprove 72",Disapprove +54,2018-01-24,2018
17475,Congressional Job Approval,FOX News,"Approve 15, Disapprove 70",Disapprove +55,2018-01-24,2018
17484,Congressional Job Approval,Economist/YouGov,"Approve 9, Disapprove 74",Disapprove +65,2018-01-31,2018
17489,Congressional Job Approval,Reuters/Ipsos,"Approve 25, Disapprove 66",Disapprove +41,2018-01-31,2018
17496,Congressional Job Approval,Monmouth,"Approve 20, Disapprove 69",Disapprove +49,2018-01-31,2018
17502,Congressional Job Approval,Economist/YouGov,"Approve 11, Disapprove 70",Disapprove +59,2018-02-07,2018
17504,Congressional Job Approval,Reuters/Ipsos,"Approve 21, Disapprove 68",Disapprove +47,2018-02-07,2018
17507,Congressional Job Approval,Quinnipiac,"Approve 15, Disapprove 77",Disapprove +62,2018-02-07,2018
17526,Congressional Job Approval,PPP (D),"Approve 10, Disapprove 73",Disapprove +63,2018-02-14,2018
17530,Congressional Job Approval,Gallup,"Approve 15, Disapprove 81",Disapprove +66,2018-02-14,2018
17532,Congressional Job Approval,Economist/YouGov,"Approve 12, Disapprove 68",Disapprove +56,2018-02-14,2018
17538,Congressional Job Approval,Reuters/Ipsos,"Approve 23, Disapprove 66",Disapprove +43,2018-02-14,2018
17554,Congressional Job Approval,Reuters/Ipsos,"Approve 19, Disapprove 66",Disapprove +47,2018-02-21,2018
17555,Congressional Job Approval,Economist/YouGov,"Approve 10, Disapprove 70",Disapprove +60,2018-02-21,2018
17574,Congressional Job Approval,Reuters/Ipsos,"Approve 23, Disapprove 66",Disapprove +43,2018-02-28,2018
17575,Congressional Job Approval,Economist/YouGov,"Approve 13, Disapprove 70",Disapprove +57,2018-02-28,2018
17582,Congressional Job Approval,USA Today/Suffolk,"Approve 15, Disapprove 75",Disapprove +60,2018-03-01,2018
17591,Congressional Job Approval,Economist/YouGov,"Approve 11, Disapprove 67",Disapprove +56,2018-03-07,2018
17592,Congressional Job Approval,Reuters/Ipsos,"Approve 24, Disapprove 65",Disapprove +41,2018-03-07,2018
17593,Congressional Job Approval,Monmouth,"Approve 17, Disapprove 75",Disapprove +58,2018-03-07,2018
17600,Congressional Job Approval,Quinnipiac,"Approve 13, Disapprove 80",Disapprove +67,2018-03-07,2018
17619,Congressional Job Approval,Reuters/Ipsos,"Approve 24, Disapprove 64",Disapprove +40,2018-03-14,2018
17620,Congressional Job Approval,Economist/YouGov,"Approve 10, Disapprove 68",Disapprove +58,2018-03-14,2018
17628,Congressional Job Approval,Gallup,"Approve 15, Disapprove 79",Disapprove +64,2018-03-19,2018
17635,Congressional Job Approval,Economist/YouGov,"Approve 11, Disapprove 69",Disapprove +58,2018-03-21,2018
17643,Congressional Job Approval,Reuters/Ipsos,"Approve 23, Disapprove 69",Disapprove +46,2018-03-22,2018
17659,Congressional Job Approval,PPP (D),"Approve 10, Disapprove 73",Disapprove +63,2018-03-27,2018
17661,Congressional Job Approval,Economist/YouGov,"Approve 8, Disapprove 74",Disapprove +66,2018-03-28,2018
17672,Congressional Job Approval,Reuters/Ipsos,"Approve 20, Disapprove 73",Disapprove +53,2018-03-29,2018
17684,Congressional Job Approval,Economist/YouGov,"Approve 11, Disapprove 70",Disapprove +59,2018-04-04,2018
17687,Congressional Job Approval,Reuters/Ipsos,"Approve 20, Disapprove 69",Disapprove +49,2018-04-04,2018
17700,Congressional Job Approval,Economist/YouGov,"Approve 8, Disapprove 74",Disapprove +66,2018-04-11,2018
17701,Congressional Job Approval,Quinnipiac,"Approve 12, Disapprove 81",Disapprove +69,2018-04-11,2018
17702,Congressional Job Approval,Reuters/Ipsos,"Approve 19, Disapprove 72",Disapprove +53,2018-04-11,2018
17741,Congressional Job Approval,Reuters/Ipsos,"Approve 19, Disapprove 75",Disapprove +56,2018-04-18,2018
17743,Congressional Job Approval,Economist/YouGov,"Approve 11, Disapprove 67",Disapprove +56,2018-04-18,2018
17744,Congressional Job Approval,Gallup,"Approve 18, Disapprove 78",Disapprove +60,2018-04-19,2018
17774,Congressional Job Approval,FOX News,"Approve 19, Disapprove 70",Disapprove +51,2018-04-25,2018
17775,Congressional Job Approval,Reuters/Ipsos,"Approve 27, Disapprove 67",Disapprove +40,2018-04-25,2018
17776,Congressional Job Approval,Economist/YouGov,"Approve 10, Disapprove 68",Disapprove +58,2018-04-25,2018
17790,Congressional Job Approval,Economist/YouGov,"Approve 10, Disapprove 69",Disapprove +59,2018-05-02,2018
17799,Congressional Job Approval,Monmouth,"Approve 16, Disapprove 74",Disapprove +58,2018-05-03,2018
17804,Congressional Job Approval,Reuters/Ipsos,"Approve 31, Disapprove 63",Disapprove +32,2018-05-05,2018
17821,Congressional Job Approval,Reuters/Ipsos,"Approve 22, Disapprove 72",Disapprove +50,2018-05-09,2018
17822,Congressional Job Approval,Economist/YouGov,"Approve 9, Disapprove 67",Disapprove +58,2018-05-09,2018
17837,Congressional Job Approval,Reuters/Ipsos,"Approve 25, Disapprove 70",Disapprove +45,2018-05-16,2018
17838,Congressional Job Approval,Economist/YouGov,"Approve 11, Disapprove 68",Disapprove +57,2018-05-16,2018
17860,Congressional Job Approval,Reuters/Ipsos,"Approve 22, Disapprove 70",Disapprove +48,2018-05-23,2018
17861,Congressional Job Approval,Economist/YouGov,"Approve 9, Disapprove 68",Disapprove +59,2018-05-23,2018
17879,Congressional Job Approval,Economist/YouGov,"Approve 9, Disapprove 70",Disapprove +61,2018-05-30,2018
17892,Congressional Job Approval,Reuters/Ipsos,"Approve 23, Disapprove 66",Disapprove +43,2018-05-31,2018
17926,Congressional Job Approval,Reuters/Ipsos,"Approve 24, Disapprove 62",Disapprove +38,2018-06-06,2018
17927,Congressional Job Approval,Quinnipiac,"Approve 13, Disapprove 78",Disapprove +65,2018-06-06,2018
17928,Congressional Job Approval,Economist/YouGov,"Approve 11, Disapprove 69",Disapprove +58,2018-06-06,2018
17934,Congressional Job Approval,Gallup,"Approve 17, Disapprove 79",Disapprove +62,2018-06-07,2018
17959,Congressional Job Approval,PPP (D),"Approve 6, Disapprove 75",Disapprove +69,2018-06-13,2018
17960,Congressional Job Approval,Reuters/Ipsos,"Approve 26, Disapprove 66",Disapprove +40,2018-06-13,2018
17961,Congressional Job Approval,Economist/YouGov,"Approve 13, Disapprove 66",Disapprove +53,2018-06-13,2018
17980,Congressional Job Approval,Monmouth,"Approve 19, Disapprove 69",Disapprove +50,2018-06-18,2018
18005,Congressional Job Approval,Reuters/Ipsos,"Approve 24, Disapprove 68",Disapprove +44,2018-06-20,2018
18006,Congressional Job Approval,Economist/YouGov,"Approve 10, Disapprove 66",Disapprove +56,2018-06-20,2018
18051,Congressional Job Approval,Economist/YouGov,"Approve 9, Disapprove 71",Disapprove +62,2018-06-27,2018
18054,Congressional Job Approval,Reuters/Ipsos,"Approve 24, Disapprove 66",Disapprove +42,2018-06-27,2018
18075,Congressional Job Approval,Quinnipiac,"Approve 15, Disapprove 78",Disapprove +63,2018-07-02,2018
18082,Congressional Job Approval,Reuters/Ipsos,"Approve 26, Disapprove 65",Disapprove +39,2018-07-04,2018
18089,Congressional Job Approval,Economist/YouGov,"Approve 11, Disapprove 66",Disapprove +55,2018-07-05,2018
18108,Congressional Job Approval,Reuters/Ipsos,"Approve 24, Disapprove 67",Disapprove +43,2018-07-11,2018
18111,Congressional Job Approval,Economist/YouGov,"Approve 10, Disapprove 68",Disapprove +58,2018-07-11,2018
18149,Congressional Job Approval,Reuters/Ipsos,"Approve 24, Disapprove 67",Disapprove +43,2018-07-18,2018
18150,Congressional Job Approval,Economist/YouGov,"Approve 11, Disapprove 67",Disapprove +56,2018-07-18,2018
18180,Congressional Job Approval,Reuters/Ipsos,"Approve 23, Disapprove 70",Disapprove +47,2018-07-25,2018
18185,Congressional Job Approval,Economist/YouGov,"Approve 9, Disapprove 71",Disapprove +62,2018-07-25,2018
18246,Congressional Job Approval,Gallup,"Approve 17, Disapprove 77",Disapprove +60,2018-08-01,2018
18248,Congressional Job Approval,Economist/YouGov,"Approve 12, Disapprove 70",Disapprove +58,2018-08-01,2018
18252,Congressional Job Approval,Reuters/Ipsos,"Approve 20, Disapprove 72",Disapprove +52,2018-08-01,2018
18271,Congressional Job Approval,Economist/YouGov,"Approve 12, Disapprove 68",Disapprove +56,2018-08-08,2018
18277,Congressional Job Approval,Reuters/Ipsos,"Approve 24, Disapprove 69",Disapprove +45,2018-08-09,2018
18294,Congressional Job Approval,Gallup,"Approve 17, Disapprove 78",Disapprove +61,2018-08-14,2018
18307,Congressional Job Approval,Quinnipiac,"Approve 15, Disapprove 78",Disapprove +63,2018-08-15,2018
18308,Congressional Job Approval,Economist/YouGov,"Approve 11, Disapprove 70",Disapprove +59,2018-08-15,2018
18314,Congressional Job Approval,Reuters/Ipsos,"Approve 27, Disapprove 65",Disapprove +38,2018-08-16,2018
18345,Congressional Job Approval,Economist/YouGov,"Approve 12, Disapprove 66",Disapprove +54,2018-08-22,2018
18346,Congressional Job Approval,FOX News,"Approve 23, Disapprove 68",Disapprove +45,2018-08-22,2018
18354,Congressional Job Approval,Reuters/Ipsos,"Approve 24, Disapprove 68",Disapprove +44,2018-08-23,2018
18359,Congressional Job Approval,NBC News/Wall St. Jrnl,"Approve 20, Disapprove 75",Disapprove +55,2018-08-26,2018
18386,Congressional Job Approval,Economist/YouGov,"Approve 14, Disapprove 67",Disapprove +53,2018-08-29,2018
18387,Congressional Job Approval,Reuters/Ipsos,"Approve 23, Disapprove 68",Disapprove +45,2018-08-29,2018
18409,Congressional Job Approval,Reuters/Ipsos,"Approve 25, Disapprove 66",Disapprove +41,2018-09-05,2018
18410,Congressional Job Approval,Economist/YouGov,"Approve 11, Disapprove 69",Disapprove +58,2018-09-05,2018
18467,Congressional Job Approval,Economist/YouGov,"Approve 13, Disapprove 66",Disapprove +53,2018-09-12,2018
18468,Congressional Job Approval,Reuters/Ipsos,"Approve 22, Disapprove 75",Disapprove +53,2018-09-12,2018
18470,Congressional Job Approval,Quinnipiac,"Approve 18, Disapprove 72",Disapprove +54,2018-09-12,2018
18538,Congressional Job Approval,Economist/YouGov,"Approve 15, Disapprove 65",Disapprove +50,2018-09-19,2018
18539,Congressional Job Approval,Reuters/Ipsos,"Approve 22, Disapprove 74",Disapprove +52,2018-09-19,2018
18592,Congressional Job Approval,Reuters/Ipsos,"Approve 22, Disapprove 74",Disapprove +52,2018-09-26,2018
18593,Congressional Job Approval,Economist/YouGov,"Approve 12, Disapprove 66",Disapprove +54,2018-09-26,2018
18609,Congressional Job Approval,Gallup,"Approve 19, Disapprove 76",Disapprove +57,2018-09-28,2018
18656,Congressional Job Approval,Reuters/Ipsos,"Approve 22, Disapprove 74",Disapprove +52,2018-10-03,2018
18657,Congressional Job Approval,Economist/YouGov,"Approve 12, Disapprove 68",Disapprove +56,2018-10-03,2018
18719,Congressional Job Approval,CNN,"Approve 17, Disapprove 75",Disapprove +58,2018-10-09,2018
18739,Congressional Job Approval,Reuters/Ipsos,"Approve 24, Disapprove 73",Disapprove +49,2018-10-10,2018
18742,Congressional Job Approval,Economist/YouGov,"Approve 15, Disapprove 67",Disapprove +52,2018-10-10,2018
18815,Congressional Job Approval,Economist/YouGov,"Approve 16, Disapprove 65",Disapprove +49,2018-10-17,2018
18816,Congressional Job Approval,FOX News,"Approve 22, Disapprove 66",Disapprove +44,2018-10-17,2018
18817,Congressional Job Approval,Reuters/Ipsos,"Approve 25, Disapprove 71",Disapprove +46,2018-10-17,2018
18841,Congressional Job Approval,CBS News,"Approve 17, Disapprove 75",Disapprove +58,2018-10-19,2018
18907,Congressional Job Approval,Economist/YouGov,"Approve 15, Disapprove 68",Disapprove +53,2018-10-24,2018
18923,Congressional Job Approval,Reuters/Ipsos,"Approve 25, Disapprove 72",Disapprove +47,2018-10-25,2018
19037,Congressional Job Approval,Reuters/Ipsos,"Approve 27, Disapprove 68",Disapprove +41,2018-10-31,2018
19038,Congressional Job Approval,Economist/YouGov,"Approve 15, Disapprove 69",Disapprove +54,2018-10-31,2018
19111,Congressional Job Approval,Gallup,"Approve 21, Disapprove 73",Disapprove +52,2018-11-02,2018
