"","X.1","X","Race.Topic..Click.to.Sort.","Poll","Results","Spread","Date","Year","poll_grade"
"1",1,0,"Pennsylvania 12th District Special Election - Burns vs. Critz","PPP (D)","Burns 44, Critz 41",3,"2010-04-20",2010,"B"
"2",2,1,"New Hampshire 1st District - Guinta vs. Shea-Porter","PPP (D)","Guinta 46, Shea-Porter 45",1,"2010-04-22",2010,"B"
"3",3,2,"New Hampshire 2nd District - Bass vs. Swett","PPP (D)","Bass 47, Swett 32",15,"2010-04-22",2010,"B"
"4",4,3,"New Hampshire 1st District - Guinta vs. Shea-Porter","WMUR/UNH","Guinta 42, Shea-Porter 38",4,"2010-04-30",2010,"unknown"
"5",5,4,"New Hampshire 2nd District - Bass vs. Swett","WMUR/UNH","Bass 44, Swett 27",17,"2010-04-30",2010,"unknown"
"6",6,5,"Pennsylvania 12th District Special Election - Burns vs. Critz","R2000/Daily Kos (D)","Critz 40, Burns 46",6,"2010-05-01",2010,"unknown"
"7",7,6,"Pennsylvania 12th District Special Election - Burns vs. Critz","R2000/Daily Kos (D)","Burns 46, Critz 40",6,"2010-05-01",2010,"unknown"
"8",8,7,"Maryland 1st District - Harris vs. Kratovil","POS (R)","Harris 39, Kratovil 36",3,"2010-05-01",2010,"A+"
"9",9,8,"Hawaii 1st District Special Election - Djou vs. Case vs. Hanabusa","Honolulu Advertiser","Djou 36, Case 28, Hanabusa 22",8,"2010-05-02",2010,"unknown"
"10",10,9,"Pennsylvania 12th District Special Election - Burns vs. Critz","Susquehanna","Critz 44, Burns 38",6,"2010-05-12",2010,"C+"
"11",11,10,"Pennsylvania 12th District Special Election - Burns vs. Critz","Susquehanna","Burns 38, Critz 44",6,"2010-05-12",2010,"C+"
"12",12,11,"Pennsylvania 12th District Special Election - Burns vs. Critz","PPP (D)","Critz 47, Burns 48",1,"2010-05-17",2010,"B"
"13",13,12,"South Carolina 4th District - Republican Primary","PPP (D)","Gowdy 37, Inglis 33, Lee 9, Thomas 9, Jeffrey 5",4,"2010-06-06",2010,"B"
"14",14,13,"North Carolina 2nd District - Ellmers vs. Etheridge vs. Rose","SurveyUSA","Ellmers 39, Etheridge 38, Rose 13",1,"2010-06-17",2010,"A"
"15",15,14,"Minnesota 6th District - Bachmann vs. Clark vs. Anderson","SurveyUSA","Bachmann 48, Clark 39, Anderson 6",9,"2010-07-13",2010,"A"
"16",16,15,"Nevada 3rd District - Heck vs. Titus","Las Vegas Review-Journal","Titus 42, Heck 40",2,"2010-07-18",2010,"unknown"
"17",17,16,"Virginia 5th District - Hurt vs. Perriello","SurveyUSA","Hurt 58, Perriello 35",23,"2010-07-21",2010,"A"
"18",18,17,"Virginia 9th District - Griffith vs. Boucher","SurveyUSA","Boucher 52, Griffith 39",13,"2010-07-22",2010,"A"
"19",19,18,"New Mexico 1st District - Barela vs. Heinrich","SurveyUSA","Barela 51, Heinrich 45",6,"2010-07-27",2010,"A"
"20",20,19,"Kentucky 6th District - Barr vs. Chandler","CN|2/Braun Research","Chandler 46, Barr 32",14,"2010-07-29",2010,"B+"
"21",21,20,"North Carolina 11th District - Miller vs. Shuler","SurveyUSA","Shuler 45, Miller 44",1,"2010-08-02",2010,"A"
"22",22,21,"Nevada 3rd District - Heck vs. Titus","Las Vegas Review-Journal","Titus 43, Heck 42",1,"2010-08-15",2010,"unknown"
"23",23,22,"Virginia 5th District - Hurt vs. Perriello","AAF/Ayers (R)","Hurt 49, Perriello 43",6,"2010-08-16",2010,"unknown"
"24",24,23,"New York 20th District - Gibson vs. Murphy","AAF/Ayers (R)","Murphy 45, Gibson 40",5,"2010-08-16",2010,"unknown"
"25",25,24,"New York 23rd District - Doheny vs. Owens","AAF/Ayers (R)","Owens 41, Doheny 39",2,"2010-08-16",2010,"unknown"
"26",26,25,"New York 25th District - Buerkle vs. Maffei","AAF/Ayers (R)","Maffei 44, Buerkle 41",3,"2010-08-16",2010,"unknown"
"27",27,26,"Pennsylvania 3rd District - Kelly vs. Dahlkemper","AAF/Ayers (R)","Kelly 52, Dahlkemper 38",14,"2010-08-16",2010,"unknown"
"28",28,27,"Pennsylvania 10th District - Marino vs. Carney","AAF/Ayers (R)","Marino 52, Carney 37",15,"2010-08-16",2010,"unknown"
"29",29,28,"Pennsylvania 11th District - Barletta vs. Kanjorski","AAF/Ayers (R)","Barletta 52, Kanjorski 41",11,"2010-08-16",2010,"unknown"
"30",30,29,"Pennsylvania 12th District - Burns vs. Critz","AAF/Ayers (R)","Burns 44, Critz 40",4,"2010-08-16",2010,"unknown"
"31",31,30,"West Virginia 3rd District - Maynard vs. Rahall","AAF/Ayers (R)","Rahall 53, Maynard 37",16,"2010-08-16",2010,"unknown"
"32",32,31,"Washington 3rd District - Herrera vs. Heck","SurveyUSA","Herrera 54, Heck 41",13,"2010-08-26",2010,"A"
"33",33,32,"Nevada 3rd District - Heck vs. Titus","AAF/Ayers (R)","Titus 45, Heck 48",3,"2010-09-02",2010,"unknown"
"34",34,33,"Virginia 5th District - Hurt vs. Perriello","SurveyUSA","Hurt 61, Perriello 35",26,"2010-09-02",2010,"A"
"35",35,34,"Kentucky 3rd District - Lally vs. Yarmuth","SurveyUSA","Yarmuth 47, Lally 45",2,"2010-09-03",2010,"A"
"36",36,35,"Virginia 9th District - Griffith vs. Boucher","SurveyUSA","Boucher 50, Griffith 40",10,"2010-09-03",2010,"A"
"37",37,36,"Washington 8th District - Reichert vs. DelBene","SurveyUSA","Reichert 54, DelBene 41",13,"2010-09-04",2010,"A"
"38",38,37,"Washington 2nd District - Koster vs. Larsen","SurveyUSA","Koster 50, Larsen 46",4,"2010-09-04",2010,"A"
"39",39,38,"Maine 1st District - Scontras vs. Pingree","PPP (D)","Pingree 47, Scontras 38",9,"2010-09-09",2010,"B"
"40",40,39,"Maine 2nd District - Michaud v. Levesque","PPP (D)","Michaud 45, Levesque 38",7,"2010-09-09",2010,"B"
"41",41,40,"Nevada 3rd District - Heck vs. Titus","Las Vegas Review-Journal","Heck 43, Titus 47",4,"2010-09-13",2010,"unknown"
"42",42,41,"Nevada 3rd District - Heck vs. Titus","Las Vegas Review-Journal","Titus 47, Heck 43",4,"2010-09-13",2010,"unknown"
"43",43,42,"California 20th District - Vidak vs. Costa","SurveyUSA","Costa 48, Vidak 46",2,"2010-09-15",2010,"A"
"44",44,43,"Michigan 9th District - Raczkowski vs. Peters","Rossman Group (D)","Raczkowski 45, Peters 41",4,"2010-09-16",2010,"C+"
"45",45,44,"Washington 3rd District - Herrera vs. Heck","SurveyUSA","Herrera 52, Heck 43",9,"2010-09-16",2010,"A"
"46",46,45,"Minnesota 6th District - Bachmann vs. Clark","SurveyUSA","Bachmann 49, Clark 40",9,"2010-09-17",2010,"A"
"47",47,46,"New York 20th District - Gibson vs. Murphy","Siena","Murphy 54, Gibson 37",17,"2010-09-17",2010,"A"
"48",48,47,"Pennsylvania 15th District - Dent vs. Callahan","Morning Call","Dent 49, Callahan 38",11,"2010-09-19",2010,"unknown"
"49",49,48,"Maine 1st District - Scontras vs. Pingree","Critical Insights","Pingree 53, Scontras 29",24,"2010-09-19",2010,"C"
"50",50,49,"Maine 2nd District - Michaud v. Levesque","Critical Insights","Michaud 48, Levesque 28",20,"2010-09-19",2010,"C"
"51",51,50,"Washington 9th District - Muri vs. Smith","SurveyUSA","Smith 49, Muri 46",3,"2010-09-20",2010,"A"
"52",52,51,"Michigan 15th District - Steele vs. Dingell","Detroit News","Steele 30, Dingell 49",19,"2010-09-20",2010,"unknown"
"53",53,52,"New York 29th District - Reed vs. Zeller","Siena","Reed 44, Zeller 30",14,"2010-09-21",2010,"A"
"54",54,53,"New York 24th District - Hanna vs. Arcuri","Siena","Arcuri 48, Hanna 40",8,"2010-09-21",2010,"A"
"55",55,54,"Idaho 1st District - Labrador vs. Minnick","Mason-Dixon","Minnick 46, Labrador 36",10,"2010-09-21",2010,"B+"
"56",56,55,"Pennsylvania 3rd District - Kelly vs. Dahlkemper","Franklin & Marshall","Kelly 44, Dahlkemper 38",6,"2010-09-22",2010,"B-"
"57",57,56,"Rhode Island 1st District - Loughlin vs. Cicilline","NBC 10/Quest Research","Cicilline 49, Loughlin 26",23,"2010-09-22",2010,"unknown"
"58",58,57,"Pennsylvania 8th District - Fitzpatrick vs. Murphy","Franklin & Marshall","Fitzpatrick 49, Murphy 35",14,"2010-09-23",2010,"B-"
"59",59,58,"Kentucky 3rd District - Lally vs. Yarmuth","CN|2/Braun Research","Yarmuth 53, Lally 30",23,"2010-09-23",2010,"B+"
"60",60,59,"Michigan 7th District - Walberg vs. Schauer","Rossman Group (D)","Walberg 42, Schauer 38",4,"2010-09-23",2010,"C+"
"61",61,60,"Kentucky 6th District - Barr vs. Chandler","CN|2/Braun Research","Chandler 51, Barr 37",14,"2010-09-25",2010,"B+"
"62",62,61,"Pennsylvania 10th District - Marino vs. Carney","Times Leader/Critical Insights","Marino 40, Carney 36",4,"2010-09-26",2010,"C"
"63",63,62,"Pennsylvania 11th District - Barletta vs. Kanjorski","Times Leader/Critical Insights","Barletta 43, Kanjorski 32",11,"2010-09-26",2010,"C"
"64",64,63,"New Jersey 3rd District - Runyan vs. Adler","Stockton/Zogby","Adler 38, Runyan 30",8,"2010-09-27",2010,"B+"
"65",65,64,"Florida 22nd District - West vs. Klein","Harstad Strategic Res. (D)","Klein 48, West 43",5,"2010-09-27",2010,"B+"
"66",66,65,"New Hampshire 2nd District - Bass vs. Kuster","American Res. Group","Kuster 36, Bass 38",2,"2010-09-27",2010,"unknown"
"67",67,66,"New Hampshire 1st District - Guinta vs. Shea-Porter","American Res. Group","Guinta 50, Shea-Porter 40",10,"2010-09-27",2010,"unknown"
"68",68,67,"New Hampshire 2nd District - Bass vs. Kuster","American Res. Group","Bass 38, Kuster 36",2,"2010-09-27",2010,"unknown"
"69",69,68,"New Mexico 1st District - Barela vs. Heinrich","Daily Kos/PPP (D)","Heinrich 50, Barela 43",7,"2010-09-28",2010,"B"
"70",70,69,"New Mexico 2nd District - Pearce vs. Teague","Daily Kos/PPP (D)","Pearce 48, Teague 47",1,"2010-09-28",2010,"B"
"71",71,70,"New Mexico 3rd District - Lujan vs. Mullins","Daily Kos/PPP (D)","Lujan 49, Mullins 43",6,"2010-09-28",2010,"B"
"72",72,71,"Maine 2nd District - Michaud v. Levesque","Critical Insights","Michaud 44, Levesque 32",12,"2010-09-29",2010,"C"
"73",73,72,"Maine 1st District - Scontras vs. Pingree","Critical Insights","Pingree 54, Scontras 26",28,"2010-09-29",2010,"C"
"74",74,73,"Virginia 5th District - Hurt vs. Perriello","SurveyUSA","Hurt 58, Perriello 35",23,"2010-09-29",2010,"A"
"75",75,74,"Florida 8th District - Webster vs. Grayson","Sunshine State News/VSS","Webster 43, Grayson 36",7,"2010-09-29",2010,"unknown"
"76",76,75,"New Jersey 3rd District - Runyan vs. Adler","Rutgers-Eagleton","Adler 41, Runyan 39",2,"2010-09-29",2010,"unknown"
"77",77,76,"North Carolina 7th District - Pantano vs. McIntyre","SurveyUSA","Pantano 46, McIntyre 45",1,"2010-09-29",2010,"A"
"78",78,77,"Virginia 9th District - Griffith vs. Boucher","SurveyUSA","Boucher 53, Griffith 38",15,"2010-09-30",2010,"A"
"79",79,78,"New Jersey 3rd District - Runyan vs. Adler","Monmouth/Gannett","Adler 42, Runyan 39",3,"2010-09-30",2010,"A+"
"80",80,79,"Rhode Island 1st District - Loughlin vs. Cicilline","WPRI/Fleming","Cicilline 48, Loughlin 29",19,"2010-10-01",2010,"B+"
"81",81,80,"Ohio 1st District - Chabot vs. Driehaus","SurveyUSA","Chabot 53, Driehaus 41",12,"2010-10-01",2010,"A"
"82",82,81,"New Hampshire 2nd District - Bass vs. Kuster","WMUR/UNH","Kuster 38, Bass 43",5,"2010-10-01",2010,"unknown"
"83",83,82,"Washington 2nd District - Koster vs. Larsen","SurveyUSA","Larsen 50, Koster 47",3,"2010-10-01",2010,"A"
"84",84,83,"New Hampshire 1st District - Guinta vs. Shea-Porter","WMUR/UNH","Guinta 49, Shea-Porter 39",10,"2010-10-01",2010,"unknown"
"85",85,84,"New Hampshire 2nd District - Bass vs. Kuster","WMUR/UNH","Bass 43, Kuster 38",5,"2010-10-01",2010,"unknown"
"86",86,85,"Washington 8th District - Reichert vs. DelBene","SurveyUSA","Reichert 52, DelBene 45",7,"2010-10-02",2010,"A"
"87",87,86,"New Mexico 2nd District - Pearce vs. Teague","Albuquerque Journal","Pearce 45, Teague 44",1,"2010-10-04",2010,"unknown"
"88",88,87,"New Mexico 1st District - Barela vs. Heinrich","Albuquerque Journal","Heinrich 48, Barela 41",7,"2010-10-04",2010,"unknown"
"89",89,88,"Hawaii 1st District - Djou vs. Hanabusa","Daily Kos/PPP (D)","Djou 47, Hanabusa 48",1,"2010-10-05",2010,"B"
"90",90,89,"Rhode Island 1st District - Loughlin vs. Cicilline","Brown University","Cicilline 39, Loughlin 21",18,"2010-10-05",2010,"C-"
"91",91,90,"Louisiana 2nd District - Cao vs. Richmond","Daily Kos/PPP (D)","Richmond 49, Cao 38",11,"2010-10-05",2010,"B"
"92",92,91,"Hawaii 1st District - Djou vs. Hanabusa","Daily Kos/PPP (D)","Hanabusa 48, Djou 47",1,"2010-10-05",2010,"B"
"93",93,92,"Arizona 1st District - Gosar vs. Kirkpatrick","The Hill/Penn, Schoen & Berland (D)","Gosar 46, Kirkpatrick 39",7,"2010-10-06",2010,"unknown"
"94",94,93,"Illinois 11th District - Kinzinger vs. Halvorson","The Hill/Penn, Schoen & Berland (D)","Kinzinger 49, Halvorson 31",18,"2010-10-06",2010,"unknown"
"95",95,94,"Maryland 1st District - Harris vs. Kratovil","The Hill/Penn, Schoen & Berland (D)","Harris 43, Kratovil 40",3,"2010-10-06",2010,"unknown"
"96",96,95,"Ohio 15th District - Stivers vs. Kilroy","The Hill/Penn, Schoen & Berland (D)","Stivers 47, Kilroy 38",9,"2010-10-06",2010,"unknown"
"97",97,96,"New Mexico 2nd District - Pearce vs. Teague","The Hill/Penn, Schoen & Berland (D)","Pearce 46, Teague 42",4,"2010-10-06",2010,"unknown"
"98",98,97,"Arizona 1st District - Gosar vs. Kirkpatrick","The Hill/ANGA","Gosar 46, Kirkpatrick 39",7,"2010-10-06",2010,"unknown"
"99",99,98,"Illinois 11th District - Kinzinger vs. Halvorson","The Hill/ANGA","Kinzinger 49, Halvorson 31",18,"2010-10-06",2010,"unknown"
"100",100,99,"Maryland 1st District - Harris vs. Kratovil","The Hill/ANGA","Harris 43, Kratovil 40",3,"2010-10-06",2010,"unknown"
"101",101,100,"New Mexico 2nd District - Pearce vs. Teague","The Hill/ANGA","Pearce 46, Teague 42",4,"2010-10-06",2010,"unknown"
"102",102,101,"Ohio 15th District - Stivers vs. Kilroy","The Hill/ANGA","Stivers 47, Kilroy 38",9,"2010-10-06",2010,"unknown"
"103",103,102,"Virginia 5th District - Hurt vs. Perriello","The Hill/ANGA","Hurt 45, Perriello 44",1,"2010-10-06",2010,"unknown"
"104",104,103,"Michigan 7th District - Walberg vs. Schauer","The Hill/ANGA","Walberg 41, Schauer 41",0,"2010-10-06",2010,"unknown"
"105",105,104,"Nevada 3rd District - Heck vs. Titus","The Hill/ANGA","Heck 47, Titus 44",3,"2010-10-06",2010,"unknown"
"106",106,105,"Ohio 16th District - Renacci vs. Boccieri","The Hill/ANGA","Renacci 42, Boccieri 39",3,"2010-10-06",2010,"unknown"
"107",107,106,"Pennsylvania 3rd District - Kelly vs. Dahlkemper","The Hill/ANGA","Kelly 49, Dahlkemper 36",13,"2010-10-06",2010,"unknown"
"108",108,107,"Colorado 4th District - Gardner vs. Markey","The Hill/ANGA","Gardner 44, Markey 41",3,"2010-10-06",2010,"unknown"
"109",109,108,"Michigan 7th District - Walberg vs. Schauer","The Hill/Penn, Schoen & Berland (D)","Walberg 41, Schauer 41",0,"2010-10-06",2010,"unknown"
"110",110,109,"New Jersey 6th District - Little vs. Pallone","Monmouth University","Pallone 53, Little 41",12,"2010-10-06",2010,"A+"
"111",111,110,"North Carolina 8th District - Johnson vs. Kissell","SurveyUSA","Kissell 46, Johnson 45",1,"2010-10-06",2010,"A"
"112",112,111,"Connecticut 5th District - Caligiuri vs. Murphy","CT Capitol Report/MRG","Caligiuri 50, Murphy 44",6,"2010-10-06",2010,"C+"
"113",113,112,"Indiana 2nd District - Walorski vs. Donnelly","WSBT/EPIC-MRA","Donnelly 48, Walorski 39",9,"2010-10-06",2010,"B+"
"114",114,113,"Virginia 2nd District - Rigell vs. Nye","The Hill/Penn, Schoen & Berland (D)","Rigell 42, Nye 36",6,"2010-10-06",2010,"unknown"
"115",115,114,"Pennsylvania 3rd District - Kelly vs. Dahlkemper","The Hill/Penn, Schoen & Berland (D)","Kelly 49, Dahlkemper 36",13,"2010-10-06",2010,"unknown"
"116",116,115,"Ohio 16th District - Renacci vs. Boccieri","The Hill/Penn, Schoen & Berland (D)","Renacci 42, Boccieri 39",3,"2010-10-06",2010,"unknown"
"117",117,116,"Nevada 3rd District - Heck vs. Titus","The Hill/Penn, Schoen & Berland (D)","Heck 47, Titus 44",3,"2010-10-06",2010,"unknown"
"118",118,117,"Virginia 2nd District - Rigell vs. Nye","The Hill/ANGA","Rigell 42, Nye 36",6,"2010-10-06",2010,"unknown"
"119",119,118,"Colorado 4th District - Gardner vs. Markey","The Hill/Penn, Schoen & Berland (D)","Gardner 44, Markey 41",3,"2010-10-06",2010,"unknown"
"120",120,119,"Virginia 5th District - Hurt vs. Perriello","The Hill/Penn, Schoen & Berland (D)","Hurt 45, Perriello 44",1,"2010-10-06",2010,"unknown"
"121",121,120,"Pennsylvania 7th District - Meehan vs. Lentz","Monmouth University","Meehan 49, Lentz 45",4,"2010-10-07",2010,"A+"
"122",122,121,"Connecticut 4th District - Debicella vs. Himes","CT Capitol Report/MRG","Himes 49, Debicella 47",2,"2010-10-07",2010,"C+"
"123",123,122,"Connecticut 1st District - Brickley vs. Larson","CT Capitol Report/MRG","Larson 52, Brickley 45",7,"2010-10-07",2010,"C+"
"124",124,123,"Michigan 15th District - Steele vs. Dingell","Rossman/Team TelCom","Steele 44, Dingell 40",4,"2010-10-08",2010,"C+"
"125",125,124,"California 18th District - Berryhill vs. Cardoza","SurveyUSA","Cardoza 50, Berryhill 44",6,"2010-10-08",2010,"A"
"126",126,125,"Connecticut 2nd District - Peckinpaugh vs. Courtney","CT Capitol Report/MRG","Courtney 55, Peckinpaugh 41",14,"2010-10-08",2010,"C+"
"127",127,126,"New York 19th District - Hayworth vs. Hall","RNN-TV/Iona College","Hayworth 42, Hall 42",0,"2010-10-09",2010,"C+"
"128",128,127,"Maine 1st District - Scontras vs. Pingree","PineTreePolitics/MECPO","Pingree 46, Scontras 38",8,"2010-10-10",2010,"unknown"
"129",129,128,"Pennsylvania 3rd District - Kelly vs. Dahlkemper","Mercyhurst College","Kelly 44, Dahlkemper 37",7,"2010-10-10",2010,"unknown"
"130",130,129,"Washington 8th District - Reichert vs. DelBene","Daily Kos/PPP (D)","Reichert 49, DelBene 46",3,"2010-10-11",2010,"B"
"131",131,130,"Utah 2nd District - Philpot vs. Matheson","UtahPolicy/Western Wats","Matheson 46, Philpot 30",16,"2010-10-12",2010,"unknown"
"132",132,131,"New Hampshire 2nd District - Bass vs. Kuster","The Hill/Penn, Schoen & Berland (D)","Kuster 42, Bass 45",3,"2010-10-13",2010,"unknown"
"133",133,132,"Rhode Island 1st District - Loughlin vs. Cicilline","NBC 10/Quest Research","Cicilline 47, Loughlin 36",11,"2010-10-13",2010,"unknown"
"134",134,133,"New Jersey 12th District - Sipprelle vs. Holt","Monmouth University","Holt 51, Sipprelle 46",5,"2010-10-13",2010,"A+"
"135",135,134,"New York 1st District - Altschuler vs. Bishop","Siena","Bishop 51, Altschuler 39",12,"2010-10-13",2010,"A"
"136",136,135,"New York 23rd District - Doheny vs. Owens","Siena","Owens 44, Doheny 39",5,"2010-10-13",2010,"A"
"137",137,136,"Virginia 5th District - Hurt vs. Perriello","SurveyUSA*","Hurt 52, Perriello 41",11,"2010-10-13",2010,"A"
"138",138,137,"Wisconsin 7th District - Duffy vs. Lassa","The Hill/Penn, Schoen & Berland (D)","Duffy 44, Lassa 35",9,"2010-10-13",2010,"unknown"
"139",139,138,"Washington 3rd District - Herrera vs. Heck","The Hill/Penn, Schoen & Berland (D)","Herrera 42, Heck 40",2,"2010-10-13",2010,"unknown"
"140",140,139,"Tennessee 8th District - Fincher vs. Herron","The Hill/Penn, Schoen & Berland (D)","Fincher 47, Herron 37",10,"2010-10-13",2010,"unknown"
"141",141,140,"New York 19th District - Hayworth vs. Hall","Siena","Hayworth 46, Hall 43",3,"2010-10-13",2010,"A"
"142",142,141,"Pennsylvania 7th District - Meehan vs. Lentz","The Hill/Penn, Schoen & Berland (D)","Meehan 40, Lentz 39",1,"2010-10-13",2010,"unknown"
"143",143,142,"Hawaii 1st District - Djou vs. Hanabusa","The Hill/Penn, Schoen & Berland (D)","Djou 45, Hanabusa 41",4,"2010-10-13",2010,"unknown"
"144",144,143,"West Virginia 1st District - McKinley vs. Oliverio","The Hill/Penn, Schoen & Berland (D)","Oliverio 42, McKinley 39",3,"2010-10-13",2010,"unknown"
"145",145,144,"Arkansas 1st District - Crawford vs. Causey","The Hill/Penn, Schoen & Berland (D)","Crawford 46, Causey 34",12,"2010-10-13",2010,"unknown"
"146",146,145,"Pennsylvania 11th District - Barletta vs. Kanjorski","Franklin & Marshall","Barletta 47, Kanjorski 40",7,"2010-10-13",2010,"B-"
"147",147,146,"Michigan 1st District - Benishek vs. McDowell","The Hill/Penn, Schoen & Berland (D)","Benishek 42, McDowell 39",3,"2010-10-13",2010,"unknown"
"148",148,147,"Pennsylvania 8th District - Fitzpatrick vs. Murphy","Monmouth University","Fitzpatrick 51, Murphy 46",5,"2010-10-14",2010,"A+"
"149",149,148,"Maine 2nd District - Michaud v. Levesque","Critical Insights","Michaud 43, Levesque 30",13,"2010-10-14",2010,"C"
"150",150,149,"Maine 1st District - Scontras vs. Pingree","Critical Insights","Pingree 48, Scontras 33",15,"2010-10-14",2010,"C"
"151",151,150,"Washington 3rd District - Herrera vs. Heck","SurveyUSA","Herrera 53, Heck 42",11,"2010-10-14",2010,"A"
"152",152,151,"Pennsylvania 12th District - Burns vs. Critz","Susquehanna","Critz 43, Burns 36",7,"2010-10-14",2010,"C+"
"153",153,152,"Pennsylvania 10th District - Marino vs. Carney","Times Leader/Critical Insights","Marino 44, Carney 38",6,"2010-10-14",2010,"C"
"154",154,153,"Pennsylvania 7th District - Meehan vs. Lentz","Franklin & Marshall","Meehan 34, Lentz 31",3,"2010-10-14",2010,"B-"
"155",155,154,"Pennsylvania 11th District - Barletta vs. Kanjorski","Times Leader/Critical Insights","Barletta 43, Kanjorski 41",2,"2010-10-14",2010,"C"
"156",156,155,"Oregon 4th District - DeFazio v. Robinson","CTA/Wilson Research Strategies (R)","DeFazio 48, Robinson 42",6,"2010-10-15",2010,"B-"
"157",157,156,"New Hampshire 1st District - Guinta vs. Shea-Porter","WMUR/UNH","Guinta 48, Shea-Porter 36",12,"2010-10-15",2010,"unknown"
"158",158,157,"New Hampshire 2nd District - Bass vs. Kuster","WMUR/UNH","Kuster 43, Bass 36",7,"2010-10-15",2010,"unknown"
"159",159,158,"Virginia 9th District - Griffith vs. Boucher","SurveyUSA","Boucher 51, Griffith 41",10,"2010-10-15",2010,"A"
"160",160,159,"Pennsylvania 15th District - Dent vs. Callahan","Morning Call","Dent 49, Callahan 32",17,"2010-10-16",2010,"unknown"
"161",161,160,"Minnesota 1st District - Demmer vs. Walz","SurveyUSA","Walz 47, Demmer 42",5,"2010-10-16",2010,"A"
"162",162,161,"New York 25th District - Buerkle vs. Maffei","Siena","Maffei 51, Buerkle 39",12,"2010-10-17",2010,"A"
"163",163,162,"Virginia 5th District - Hurt vs. Perriello","Roanoke College","Hurt 46, Perriello 40",6,"2010-10-18",2010,"C"
"164",164,163,"Arizona 3rd District - Quayle vs. Hulburd","Daily Kos/PPP (D)","Hulburd 46, Quayle 44",2,"2010-10-18",2010,"B"
"165",165,164,"Pennsylvania 18th District Special Election - Saccone vs. Lamb","Monmouth","Saccone 49, Lamb 46",3,"2011-02-15",2011,"A+"
"166",166,165,"Pennsylvania 18th District Special Election - Saccone vs. Lamb","Gravis","Saccone 46, Lamb 40",6,"2011-02-18",2011,"C+"
"167",167,166,"Pennsylvania 18th District Special Election - Saccone vs. Lamb","Emerson","Saccone 45, Lamb 48",3,"2011-03-05",2011,"B+"
"168",168,167,"Pennsylvania 18th District Special Election - Saccone vs. Lamb","Gravis","Saccone 45, Lamb 42",3,"2011-03-07",2011,"C+"
"169",169,168,"New York 26th District Special Election - Corwin vs. Hochul vs. Davis","PPP (D)","Hochul 42, Corwin 36, Davis 13",6,"2011-05-23",2011,"B"
"170",170,169,"New York 9th District Special Election - Turner vs. Weprin","Siena","Weprin 48, Turner 42",6,"2011-08-10",2011,"A"
"171",171,170,"New York 9th District Special Election - Turner vs. Weprin","Magellan Strategies (R)","Turner 45, Weprin 40",5,"2011-09-06",2011,"C+"
"172",172,171,"New York 9th District Special Election - Turner vs. Weprin","Siena","Turner 50, Weprin 44",6,"2011-09-09",2011,"A"
"173",173,172,"New York 9th District Special Election - Turner vs. Weprin","PPP (D)","Turner 47, Weprin 41",6,"2011-09-12",2011,"B"
"174",174,173,"Nevada 2nd District Special Election - Amodei vs. Marshall","PPP (D)","Amodei 50, Marshall 37",13,"2011-09-12",2011,"B"
"175",175,174,"Oregon 1st District Special Election - Cornilles vs. Bonamici","SurveyUSA","Bonamici 50, Cornilles 39",11,"2012-01-05",2012,"A"
"176",176,175,"Illinois 16th District - Republican Primary","WeAskAmerica","Manzullo 43, Kinzinger 42",1,"2012-03-14",2012,"unknown"
"177",177,176,"Pennsylvania 12th District - Democratic Primary","Susquehanna","Altmire 43, Critz 39",4,"2012-04-18",2012,"C+"
"178",178,177,"Rhode Island 1st District - Democratic Primary","WPRI/Fleming","Cicilline 40, Gemma 36",4,"2012-05-17",2012,"B+"
"179",179,178,"New Hampshire 1st District - Guinta vs. Shea-Porter","PPP (D)","Shea-Porter 47, Guinta 43",4,"2012-05-17",2012,"B"
"180",180,179,"New Hampshire 2nd District - Bass vs. Kuster","PPP (D)","Bass 42, Kuster 42",0,"2012-05-17",2012,"B"
"181",181,180,"Arizona 8th District Special Election - Kelly vs. Barber","PPP (D)","Barber 53, Kelly 41",12,"2012-06-11",2012,"B"
"182",182,181,"Utah 4th District - Love vs. Matheson","Deseret News/KSL","Matheson 53, Love 38",15,"2012-06-25",2012,"unknown"
"183",183,182,"New Hampshire 1st District - Guinta vs. Shea-Porter","WMUR/UNH","Shea-Porter 45, Guinta 43",2,"2012-08-15",2012,"unknown"
"184",184,183,"New Hampshire 2nd District - Bass vs. Kuster","WMUR/UNH","Bass 42, Kuster 37",5,"2012-08-15",2012,"unknown"
"185",185,184,"New York 27th District - Collins vs. Hochul","Siena","Collins 47, Hochul 45",2,"2012-08-19",2012,"A"
"186",186,185,"New Mexico 1st District - Arnold-Jones vs. Grisham","Albuquerque Journal","Grisham 46, Arnold-Jones 34",12,"2012-09-10",2012,"unknown"
"187",187,186,"New York 21st District - Doheny vs. Owens","Siena","Owens 49, Doheny 36",13,"2012-09-10",2012,"A"
"188",188,187,"New York 1st District - Altschuler vs. Bishop","Siena","Bishop 52, Altschuler 39",13,"2012-09-13",2012,"A"
"189",189,188,"New York 24th District - Buerkle vs. Maffei","Siena","Buerkle 43, Maffei 43",0,"2012-09-13",2012,"A"
"190",190,189,"New York 18th District - Hayworth vs. Maloney","Siena","Hayworth 46, Maloney 33",13,"2012-09-18",2012,"A"
"191",191,190,"Washington 1st District - Koster vs. DelBene","SurveyUSA","Koster 46, DelBene 42",4,"2012-09-19",2012,"A"
"192",192,191,"Michigan 1st District - Benishek vs. McDowell","PPP (D)","McDowell 44, Benishek 42",2,"2012-09-20",2012,"B"
"193",193,192,"Nevada 4th District - Tarkanian vs. Horsford","LVRJ/SurveyUSA","Tarkanian 45, Horsford 42",3,"2012-09-21",2012,"A"
"194",194,193,"New York 19th District - Gibson vs. Schreibman","Siena","Gibson 52, Schreibman 36",16,"2012-09-21",2012,"A"
"195",195,194,"Arkansas 1st District - Crawford vs. Ellington","Talk Business Poll","Crawford 53, Ellington 28",25,"2012-09-24",2012,"unknown"
"196",196,195,"Nebraska 2nd District - Terry vs. Ewing","Omaha World-Herald","Terry 51, Ewing 38",13,"2012-09-24",2012,"unknown"
"197",197,196,"Arkansas 4th District - Cotton vs. Jeffress","Talk Business Poll","Cotton 51, Jeffress 22",29,"2012-09-24",2012,"unknown"
"198",198,197,"Illinois 8th District - Walsh vs. Duckworth","PPP (D)","Duckworth 52, Walsh 38",14,"2012-09-25",2012,"B"
"199",199,198,"New York 11th District - Grimm vs. Murphy","Siena","Grimm 48, Murphy 38",10,"2012-09-25",2012,"A"
"200",200,199,"New York 25th District - Brooks vs. Slaughter","Siena","Slaughter 52, Brooks 42",10,"2012-09-27",2012,"A"
"201",201,200,"Washington 6th District - Driscoll vs. Kilmer","SurveyUSA","Kilmer 52, Driscoll 37",15,"2012-09-28",2012,"A"
"202",202,201,"Massachusetts 6th District - Tisei vs. Tierney","Boston Globe","Tisei 37, Tierney 31",6,"2012-10-01",2012,"unknown"
"203",203,202,"Rhode Island 1st District - Doherty vs. Cicilline","WPRI/Fleming","Cicilline 44, Doherty 38",6,"2012-10-02",2012,"B+"
"204",204,203,"Utah 4th District - Love vs. Matheson","Deseret News/KSL","Love 49, Matheson 43",6,"2012-10-02",2012,"unknown"
"205",205,204,"New Hampshire 2nd District - Bass vs. Kuster","WMUR/UNH","Kuster 42, Bass 41",1,"2012-10-04",2012,"unknown"
"206",206,205,"New Hampshire 1st District - Guinta vs. Shea-Porter","WMUR/UNH","Guinta 38, Shea-Porter 47",9,"2012-10-04",2012,"unknown"
"207",207,206,"New Jersey 3rd District - Runyan vs. Adler","Richard Stockton Col.","Runyan 49, Adler 39",10,"2012-10-05",2012,"unknown"
"208",208,207,"New York 27th District - Collins vs. Hochul","Siena","Collins 47, Hochul 47",0,"2012-10-07",2012,"A"
"209",209,208,"Rhode Island 1st District - Doherty vs. Cicilline","Brown University","Cicilline 46, Doherty 40",6,"2012-10-10",2012,"C-"
"210",210,209,"New Hampshire 2nd District - Bass vs. Kuster","WMUR/UNH","Kuster 38, Bass 35",3,"2012-10-11",2012,"unknown"
"211",211,210,"New Hampshire 1st District - Guinta vs. Shea-Porter","WMUR/UNH","Guinta 45, Shea-Porter 35",10,"2012-10-11",2012,"unknown"
"212",212,211,"Illinois 8th District - Walsh vs. Duckworth","WeAskAmerica","Duckworth 45, Walsh 48",3,"2012-10-12",2012,"unknown"
"213",213,212,"New York 25th District - Brooks vs. Slaughter","Siena","Slaughter 49, Brooks 44",5,"2012-10-14",2012,"A"
"214",214,213,"Virginia 2nd District - Rigell vs. Hirschbiel","Virginian-Pilot/CNU","Rigell 44, Hirschbiel 32",12,"2012-10-15",2012,"unknown"
"215",215,214,"New Mexico 1st District - Arnold-Jones vs. Grisham","Albuquerque Journal","Grisham 51, Arnold-Jones 37",14,"2012-10-16",2012,"unknown"
"216",216,215,"Minnesota 6th District - Bachmann vs. Graves","KSTP/SurveyUSA","Bachmann 50, Graves 41",9,"2012-10-16",2012,"A"
"217",217,216,"Florida 22nd District - Hasner vs. Frankel","Sunshine State News/VSS","Frankel 47, Hasner 47",0,"2012-10-18",2012,"unknown"
"218",218,217,"Florida 22nd District - Hasner vs. Frankel","PPP (D)","Frankel 47, Hasner 44",3,"2012-10-18",2012,"B"
"219",219,218,"Florida 18th District - West vs. Murphy","Sunshine State News/VSS","West 49, Murphy 48",1,"2012-10-19",2012,"unknown"
"220",220,219,"Florida 18th District - West vs. Murphy","PPP (D)","West 51, Murphy 42",9,"2012-10-19",2012,"B"
"221",221,220,"New York 18th District - Hayworth vs. Maloney","Siena","Hayworth 49, Maloney 42",7,"2012-10-19",2012,"A"
"222",222,221,"California 52nd District - Bilbray vs. Peters","U-T San Diego","Bilbray 47, Peters 38",9,"2012-10-20",2012,"unknown"
"223",223,222,"Michigan 3rd District - Amash vs. Pestka","Glengariff Group (R)","Pestka 35, Amash 34",1,"2012-10-22",2012,"B"
"224",224,223,"Minnesota 6th District - Bachmann vs. Graves","Star Tribune","Bachmann 51, Graves 45",6,"2012-10-22",2012,"C+"
"225",225,224,"Minnesota 8th District - Cravaack vs. Nolan","Star Tribune","Nolan 50, Cravaack 43",7,"2012-10-22",2012,"C+"
"226",226,225,"Washington 1st District - Koster vs. DelBene","SurveyUSA","DelBene 47, Koster 44",3,"2012-10-23",2012,"A"
"227",227,226,"Michigan 11th District - Bentivolio vs. Taj","Baydoun/Foster (D)","Bentivolio 47, Taj 39",8,"2012-10-24",2012,"C-"
"228",228,227,"New Hampshire 2nd District - Bass vs. Kuster","UNH","Kuster 39, Bass 36",3,"2012-10-25",2012,"unknown"
"229",229,228,"New Hampshire 1st District - Guinta vs. Shea-Porter","UNH","Guinta 41, Shea-Porter 38",3,"2012-10-25",2012,"unknown"
"230",230,229,"Illinois 8th District - Walsh vs. Duckworth","Chicago Tribune","Duckworth 50, Walsh 40",10,"2012-10-26",2012,"unknown"
"231",231,230,"Maryland 6th District - Bartlett vs. Delaney","Baltimore Sun","Delaney 42, Bartlett 41",1,"2012-10-29",2012,"unknown"
"232",232,231,"New Mexico 1st District - Arnold-Jones vs. Grisham","Albuquerque Journal","Grisham 51, Arnold-Jones 36",15,"2012-10-30",2012,"unknown"
"233",233,232,"New York 19th District - Gibson vs. Schreibman","Siena","Gibson 48, Schreibman 43",5,"2012-10-30",2012,"A"
"234",234,233,"Rhode Island 1st District - Doherty vs. Cicilline","WPRI/Fleming","Cicilline 43, Doherty 42",1,"2012-10-31",2012,"B+"
"235",235,234,"Nevada 4th District - Tarkanian vs. Horsford","LVRJ/SurveyUSA","Tarkanian 47, Horsford 42",5,"2012-10-31",2012,"A"
"236",236,235,"New York 11th District - Grimm vs. Murphy","Siena","Grimm 52, Murphy 34",18,"2012-11-01",2012,"A"
"237",237,236,"New York 21st District - Doheny vs. Owens","Siena","Owens 44, Doheny 43",1,"2012-11-01",2012,"A"
"238",238,237,"California 52nd District - Bilbray vs. Peters","SurveyUSA","Peters 46, Bilbray 46",0,"2012-11-01",2012,"A"
"239",239,238,"New York 25th District - Brooks vs. Slaughter","Siena","Slaughter 52, Brooks 42",10,"2012-11-01",2012,"A"
"240",240,239,"Utah 4th District - Love vs. Matheson","Mason-Dixon","Love 52, Matheson 40",12,"2012-11-02",2012,"B+"
"241",241,240,"New Hampshire 2nd District - Bass vs. Kuster","New England College","Kuster 47, Bass 41",6,"2012-11-02",2012,"B"
"242",242,241,"New Hampshire 1st District - Guinta vs. Shea-Porter","New England College","Shea-Porter 41, Guinta 48",7,"2012-11-02",2012,"B"
"243",243,242,"Oklahoma 2nd District - Mullin vs. Wallace","Sooner Poll","Mullin 45, Wallace 33",12,"2012-11-03",2012,"unknown"
"244",244,243,"New York 24th District - Buerkle vs. Maffei","Siena","Maffei 44, Buerkle 44",0,"2012-11-03",2012,"A"
"245",245,244,"Maine 2nd District - Raye vs. Michaud","Critical Insights","Michaud 55, Raye 36",19,"2012-11-04",2012,"C"
"246",246,245,"New York 27th District - Collins vs. Hochul","Siena","Collins 48, Hochul 47",1,"2012-11-04",2012,"A"
"247",247,246,"Maine 2nd District - Raye vs. Michaud","MPRC (D)","Michaud 50, Raye 46",4,"2012-11-05",2012,"unknown"
"248",248,247,"New Hampshire 2nd District - Bass vs. Kuster","WMUR/UNH","Kuster 53, Bass 43",10,"2012-11-05",2012,"unknown"
"249",249,248,"New Hampshire 1st District - Guinta vs. Shea-Porter","WMUR/UNH","Shea-Porter 49, Guinta 46",3,"2012-11-05",2012,"unknown"
"250",250,249,"Minnesota 8th District - Cravaack vs. Nolan","KSTP/SurveyUSA","Nolan 47, Cravaack 45",2,"2012-11-05",2012,"A"
"251",251,250,"South Carolina 1st District Special Election - Sanford vs. Colbert Busch","PPP (D)","Sanford 41, Colbert Busch 50",9,"2013-04-22",2013,"B"
"252",252,251,"South Carolina 1st District Special Election - Sanford vs. Colbert Busch","PPP (D)","Sanford 47, Colbert Busch 46",1,"2013-05-06",2013,"B"
"253",253,252,"New Hampshire 2nd District - Lambert vs. Kuster","WMUR/UNH","Lambert 34, Kuster 33",1,"2013-10-18",2013,"unknown"
"254",254,253,"New Hampshire 1st District - Innis vs. Shea-Porter","WMUR/UNH","Shea-Porter 43, Innis 32",11,"2013-10-18",2013,"unknown"
"255",255,254,"New Hampshire 1st District - Guinta vs. Shea-Porter","WMUR/UNH","Shea-Porter 48, Guinta 32",16,"2013-10-18",2013,"unknown"
"256",256,255,"New Hampshire 1st District - Guinta vs. Shea-Porter","WMUR/UNH","Guinta 45, Shea-Porter 39",6,"2014-02-04",2014,"unknown"
"257",257,256,"New Hampshire 1st District - Innis vs. Shea-Porter","WMUR/UNH","Shea-Porter 43, Innis 33",10,"2014-02-04",2014,"unknown"
"258",258,257,"New Hampshire 2nd District - Lambert vs. Kuster","WMUR/UNH","Kuster 38, Lambert 34",4,"2014-02-04",2014,"unknown"
"259",259,258,"New Hampshire 2nd District - Garcia vs. Kuster","WMUR/UNH","Kuster 36, Garcia 30",6,"2014-02-04",2014,"unknown"
"260",260,259,"Alaska At-Large District - Young vs. Moore","PPP (D)*","Young 50, Moore 22",28,"2014-02-04",2014,"B"
"261",261,260,"Florida 13th District Special - Jolly vs. Sink","TB Times/Bay News 9/WUSF","Sink 42, Jolly 35",7,"2014-02-13",2014,"unknown"
"262",262,261,"New Hampshire 2nd District - Lambert vs. Kuster","WMUR/UNH","Kuster 38, Lambert 31",7,"2014-04-17",2014,"unknown"
"263",263,262,"New Hampshire 1st District - Innis vs. Shea-Porter","WMUR/UNH","Shea-Porter 45, Innis 29",16,"2014-04-17",2014,"unknown"
"264",264,263,"New Hampshire 2nd District - Garcia vs. Kuster","WMUR/UNH","Kuster 34, Garcia 33",1,"2014-04-17",2014,"unknown"
"265",265,264,"New Hampshire 1st District - Guinta vs. Shea-Porter","WMUR/UNH","Shea-Porter 44, Guinta 35",9,"2014-04-17",2014,"unknown"
"266",266,265,"Florida 19th District Special Election - Republican Primary","News-Press/WINK/PPP (D)","Clawson 38, Benacquisto 19, Dreikorn 18, Kreegel 17",19,"2014-04-18",2014,"B"
"267",267,266,"New York 13th District - Democratic Primary","NY Times/NY1/Siena","Rangel 41, Espaillat 32, Walrond 6, Garcia 5",9,"2014-05-22",2014,"A"
"268",268,267,"California 52nd District - DeMaio vs. Peters","SurveyUSA","DeMaio 51, Peters 44",7,"2014-06-16",2014,"A"
"269",269,268,"Michigan 3rd District - Republican Primary","EPIC-MRA","Amash 55, Ellis 35",20,"2014-06-17",2014,"B+"
"270",270,269,"New York 13th District - Democratic Primary","NY1/Siena","Rangel 47, Espaillat 34, Walrond 7, Garcia 4",13,"2014-06-20",2014,"A"
"271",271,270,"Maine 2nd District - Poliquin vs. Cain","Portland Press Herald","Cain 44, Poliquin 39",5,"2014-06-23",2014,"unknown"
"272",272,271,"New Hampshire 1st District - Guinta vs. Shea-Porter","WMUR/UNH","Guinta 47, Shea-Porter 43",4,"2014-07-08",2014,"unknown"
"273",273,272,"New Hampshire 1st District - Innis vs. Shea-Porter","WMUR/UNH","Shea-Porter 46, Innis 39",7,"2014-07-08",2014,"unknown"
"274",274,273,"New Hampshire 2nd District - Lambert vs. Kuster","WMUR/UNH","Kuster 46, Lambert 38",8,"2014-07-08",2014,"unknown"
"275",275,274,"New Hampshire 2nd District - Garcia vs. Kuster","WMUR/UNH","Kuster 50, Garcia 36",14,"2014-07-08",2014,"unknown"
"276",276,275,"New Hampshire 2nd District - Lawrence vs. Kuster","WMUR/UNH","Kuster 48, Lawrence 36",12,"2014-07-08",2014,"unknown"
"277",277,276,"Michigan 14th District - Democratic Primary","EPIC-MRA","Clarke 39, Lawrence 28, Hobbs 20, Foster 4",11,"2014-07-17",2014,"B+"
"278",278,277,"Michigan 11th District - Republican Primary","EPIC-MRA","Trott 53, Bentivolio 31",22,"2014-07-17",2014,"B+"
"279",279,278,"Michigan 4th District - GOP Primary (Aug. 5)","EPIC-MRA","Mitchell 50, Moolenaar 27, Konetchy 7",23,"2014-07-17",2014,"B+"
"280",280,279,"Michigan 14th District - Dem Primary (Aug. 5)","EPIC-MRA","Clarke 39, Lawrence 28, Hobbs 20, Foster 4",11,"2014-07-17",2014,"B+"
"281",281,280,"Michigan 11th District - GOP Primary (Aug. 5)","EPIC-MRA","Trott 53, Bentivolio 31",22,"2014-07-17",2014,"B+"
"282",282,281,"Kansas 4th District - GOP Primary (Aug. 5)","SurveyUSA","Pompeo 46, Tiahrt 39",7,"2014-07-24",2014,"A"
"283",283,282,"Arkansas 1st District - Crawford vs. McPherson","Talk Business Poll*","Crawford 48, McPherson 33",15,"2014-08-02",2014,"unknown"
"284",284,283,"Arkansas 4th District - Westerman vs. Witt","Talk Business Poll*","Westerman 48, Witt 34",14,"2014-08-02",2014,"unknown"
"285",285,284,"Arkansas 2nd District - Hill vs. Hays","Talk Business Poll*","Hill 44, Hays 43",1,"2014-08-02",2014,"unknown"
"286",286,285,"Utah 4th District - Love vs. Owens","UtahPolicy/Dan Jones","Love 44, Owens 32",12,"2014-08-12",2014,"C+"
"287",287,286,"New Hampshire 2nd District - Lawrence vs. Kuster","WMUR/UNH","Kuster 40, Lawrence 32",8,"2014-08-21",2014,"unknown"
"288",288,287,"New Hampshire 2nd District - Lambert vs. Kuster","WMUR/UNH","Kuster 41, Lambert 35",6,"2014-08-21",2014,"unknown"
"289",289,288,"New Hampshire 2nd District - Garcia vs. Kuster","WMUR/UNH","Kuster 39, Garcia 36",3,"2014-08-21",2014,"unknown"
"290",290,289,"New Hampshire 1st District - Innis vs. Shea-Porter","WMUR/UNH","Shea-Porter 44, Innis 37",7,"2014-08-21",2014,"unknown"
"291",291,290,"N.H. 1st District - Guinta vs. Shea-Porter","WMUR/UNH","Guinta 45, Shea-Porter 41",4,"2014-08-21",2014,"unknown"
"292",292,291,"Massachusetts 6th District - Tisei vs. Moulton","Emerson College","Moulton 44, Tisei 36",8,"2014-09-06",2014,"B+"
"293",293,292,"Massachusetts 6th District - Tisei vs. Tierney","Emerson College","Tisei 51, Tierney 43",8,"2014-09-06",2014,"B+"
"294",294,293,"Massachusetts 6th District - Democratic Primary (September 9)","Emerson College","Tierney 47, Moulton 44, DeFranco 4",3,"2014-09-06",2014,"B+"
"295",295,294,"Massachusetts 6th District - Democratic Primary (September 9)","Remington Research Group (R)","Tierney 43, Moulton 42, DeFranco 4",1,"2014-09-08",2014,"C"
"296",296,295,"California 21st District - Valadao vs. Renteria","SurveyUSA","Valadao 56, Renteria 37",19,"2014-09-10",2014,"A"
"297",297,296,"Iowa 3rd District - Young vs. Appel","Loras College","Appel 40, Young 34",6,"2014-09-10",2014,"B-"
"298",298,297,"Iowa 2nd District - Miller-Meeks vs. Loebsack","Loras College","Loebsack 49, Miller-Meeks 32",17,"2014-09-10",2014,"B-"
"299",299,298,"Iowa 1st District - Blum vs. Murphy","Loras College","Murphy 35, Blum 33",2,"2014-09-10",2014,"B-"
"300",300,299,"Iowa 4th District - King vs. Mowrer","Loras College","King 47, Mowrer 36",11,"2014-09-10",2014,"B-"
"301",301,300,"New York 21st District - Stefanik vs. Woolf","Siena*","Stefanik 46, Woolf 33",13,"2014-09-12",2014,"A"
"302",302,301,"New York 19th District - Gibson vs. Eldridge","Siena","Gibson 57, Eldridge 33",24,"2014-09-12",2014,"A"
"303",303,302,"New Jersey 3rd District - MacArthur vs. Belgard","Richard Stockton College","MacArthur 42, Belgard 42",0,"2014-09-16",2014,"unknown"
"304",304,303,"California 52nd District - DeMaio vs. Peters","U-T San Diego/SurveyUSA","DeMaio 46, Peters 47",1,"2014-09-17",2014,"A"
"305",305,304,"New York 11th District - Grimm vs. Recchia","Siena*","Grimm 44, Recchia 40",4,"2014-09-17",2014,"A"
"306",306,305,"N.H. 1st District - Guinta vs. Shea-Porter","New England College","Guinta 42, Shea-Porter 46",4,"2014-09-18",2014,"B"
"307",307,306,"New Hampshire 2nd District - Garcia vs. Kuster","New England College","Kuster 50, Garcia 37",13,"2014-09-18",2014,"B"
"308",308,307,"New York 1st District - Zeldin vs. Bishop","Siena","Bishop 51, Zeldin 41",10,"2014-09-18",2014,"A"
"309",309,308,"New York 18th District - Hayworth vs. Maloney","Siena","Maloney 50, Hayworth 42",8,"2014-09-19",2014,"A"
"310",310,309,"New York 4th District - Rice vs. Blakeman","Siena","Rice 55, Blakeman 37",18,"2014-09-19",2014,"A"
"311",311,310,"New York 24th District - Katko vs. Maffei","Siena","Maffei 50, Katko 42",8,"2014-09-22",2014,"A"
"312",312,311,"Minnesota 2nd District - Kline vs. Obermueller","Remington Research Group (R)*","Kline 54, Obermueller 32",22,"2014-09-22",2014,"C"
"313",313,312,"Hawaii 1st District - Djou vs. Takai","Honolulu Civil Beat/MRG","Djou 46, Takai 42",4,"2014-09-23",2014,"C+"
"314",314,313,"N.H. 1st District - Guinta vs. Shea-Porter","New England College","Guinta 45, Shea-Porter 45",0,"2014-09-24",2014,"B"
"315",315,314,"New Hampshire 2nd District - Garcia vs. Kuster","New England College","Kuster 49, Garcia 38",11,"2014-09-24",2014,"B"
"316",316,315,"Massachusetts 6th District - Tisei vs. Moulton","WBUR/MassINC","Tisei 39, Moulton 47",8,"2014-09-26",2014,"A-"
"317",317,316,"Maine 2nd District - Poliquin vs. Cain","Portland Press Herald*","Cain 30, Poliquin 40",10,"2014-09-28",2014,"unknown"
"318",318,317,"North Carolina 2nd District - Ellmers vs. Aiken","SurveyUSA/Civitas (R)","Ellmers 47, Aiken 39",8,"2014-09-30",2014,"A"
"319",319,318,"Massachusetts 6th District - Tisei vs. Moulton","Emerson College","Tisei 41, Moulton 39",2,"2014-10-01",2014,"B+"
"320",320,319,"N.H. 1st District - Guinta vs. Shea-Porter","New England College","Guinta 51, Shea-Porter 41",10,"2014-10-02",2014,"B"
"321",321,320,"New Hampshire 2nd District - Garcia vs. Kuster","New England College","Kuster 50, Garcia 39",11,"2014-10-02",2014,"B"
"322",322,321,"New York 21st District - Stefanik vs. Woolf","Harper (R)*","Stefanik 45, Woolf 37",8,"2014-10-02",2014,"B"
"323",323,322,"Illinois 17th District - Schilling vs. Bustos","WeAskAmerica","Bustos 50, Schilling 41",9,"2014-10-06",2014,"unknown"
"324",324,323,"New Jersey 2nd District - LoBiondo vs. Hughes","Richard Stockton College","LoBiondo 47, Hughes 42",5,"2014-10-06",2014,"unknown"
"325",325,324,"Illinois 10th District - Dold vs. Schneider","WeAskAmerica","Schneider 46, Dold 44",2,"2014-10-06",2014,"unknown"
"326",326,325,"Illinois 11th District - Senger vs. Foster","WeAskAmerica","Foster 47, Senger 44",3,"2014-10-06",2014,"unknown"
"327",327,326,"Illinois 12th District - Bost vs. Enyart","WeAskAmerica*","Bost 45, Enyart 40",5,"2014-10-06",2014,"unknown"
"328",328,327,"Illinois 13th District - Davis vs. Callis","WeAskAmerica","Davis 51, Callis 38",13,"2014-10-06",2014,"unknown"
"329",329,328,"New Hampshire 2nd District - Garcia vs. Kuster","WMUR/UNH","Kuster 37, Garcia 41",4,"2014-10-07",2014,"unknown"
"330",330,329,"N.H. 1st District - Guinta vs. Shea-Porter","WMUR/UNH","Guinta 39, Shea-Porter 42",3,"2014-10-07",2014,"unknown"
"331",331,330,"New Hampshire 2nd District - Garcia vs. Kuster","New England College","Kuster 50, Garcia 38",12,"2014-10-08",2014,"B"
"332",332,331,"N.H. 1st District - Guinta vs. Shea-Porter","New England College","Guinta 44, Shea-Porter 47",3,"2014-10-08",2014,"B"
"333",333,332,"California 52nd District - DeMaio vs. Peters","U-T San Diego/SurveyUSA","DeMaio 48, Peters 45",3,"2014-10-08",2014,"A"
"334",334,333,"Minnesota 7th District - Westrom vs. Peterson","SurveyUSA","Peterson 50, Westrom 41",9,"2014-10-10",2014,"A"
"335",335,334,"Florida 26th District - Curbelo vs. Garcia","Saint Leo University","Curbelo 46, Garcia 42",4,"2014-10-12",2014,"C-"
"336",336,335,"Maine 2nd District - Poliquin vs. Cain vs. Richardson","Pan Atlantic SMS","Poliquin 33, Cain 36, Richardson 6",3,"2014-10-14",2014,"B+"
"337",337,336,"N.H. 1st District - Guinta vs. Shea-Porter","New England College","Guinta 46, Shea-Porter 44",2,"2014-10-14",2014,"B"
"338",338,337,"Iowa 3rd District - Young vs. Appel","Remington Research Group (R)*","Young 46, Appel 42",4,"2014-10-14",2014,"C"
"339",339,338,"New Hampshire 2nd District - Garcia vs. Kuster","New England College","Kuster 46, Garcia 43",3,"2014-10-14",2014,"B"
"340",340,339,"Maine 2nd District - Poliquin vs. Cain","Pan Atlantic SMS*","Cain 36, Poliquin 33",3,"2014-10-14",2014,"B+"
"341",341,340,"Utah 4th District - Love vs. Owens","UtahPolicy/Dan Jones","Love 49, Owens 40",9,"2014-10-14",2014,"C+"
"342",342,341,"New Jersey 3rd District - MacArthur vs. Belgard","Monmouth","MacArthur 51, Belgard 41",10,"2014-10-14",2014,"A+"
"343",343,342,"New Jersey 5th District - Garrett vs. Cho","Monmouth","Garrett 48, Cho 43",5,"2014-10-15",2014,"A+"
"344",344,343,"Maine 2nd District - Poliquin vs. Cain vs. Richardson","Critical Insights","Poliquin 41, Cain 36, Richardson 6",5,"2014-10-15",2014,"C"
"345",345,344,"Massachusetts 6th District - Tisei vs. Moulton","Emerson College","Tisei 43, Moulton 40",3,"2014-10-16",2014,"B+"
"346",346,345,"New Jersey 2nd District - LoBiondo vs. Hughes","Monmouth","LoBiondo 56, Hughes 35",21,"2014-10-16",2014,"A+"
"347",347,346,"Montana At-Large District - Zinke vs. Lewis","MSU-Billings","Zinke 40, Lewis 33",7,"2014-10-18",2014,"unknown"
"348",348,347,"Michigan 11th District - Trott vs. McKenzie","Mitchell Research","Trott 47, McKenzie 35",12,"2014-10-18",2014,"D-"
"349",349,348,"Minnesota 8th District - Mills vs. Nolan","KSTP/SurveyUSA*","Mills 47, Nolan 39",8,"2014-10-18",2014,"A"
"350",350,349,"New Hampshire 2nd District - Garcia vs. Kuster","UMass Amherst/WBZ","Kuster 43, Garcia 48",5,"2014-10-20",2014,"unknown"
"351",351,350,"N.H. 1st District - Guinta vs. Shea-Porter","UMass Amherst/WBZ","Guinta 37, Shea-Porter 54",17,"2014-10-20",2014,"unknown"
"352",352,351,"California 17th District - Honda vs. Khanna","SurveyUSA","Honda 37, Khanna 35",2,"2014-10-20",2014,"A"
"353",353,352,"Arkansas 2nd District - Hill vs. Hays","Talk Business Poll*","Hays 46, Hill 42",4,"2014-10-21",2014,"unknown"
"354",354,353,"Massachusetts 9th District - Chapman vs. Keating","Emerson College","Keating 47, Chapman 44",3,"2014-10-21",2014,"B+"
"355",355,354,"Arkansas 4th District - Westerman vs. Witt","Talk Business Poll*","Westerman 44, Witt 42",2,"2014-10-21",2014,"unknown"
"356",356,355,"Arkansas 1st District - Crawford vs. McPherson","Talk Business Poll*","Crawford 52, McPherson 30",22,"2014-10-21",2014,"unknown"
"357",357,356,"California 21st District - Valadao vs. Renteria","SurveyUSA","Valadao 47, Renteria 42",5,"2014-10-22",2014,"A"
"358",358,357,"New Hampshire 2nd District - Garcia vs. Kuster","New England College","Kuster 49, Garcia 43",6,"2014-10-22",2014,"B"
"359",359,358,"N.H. 1st District - Guinta vs. Shea-Porter","New England College","Guinta 47, Shea-Porter 46",1,"2014-10-22",2014,"B"
"360",360,359,"California 52nd District - DeMaio vs. Peters","U-T San Diego/SurveyUSA","DeMaio 46, Peters 45",1,"2014-10-22",2014,"A"
"361",361,360,"New York 4th District - Rice vs. Blakeman","Siena","Rice 52, Blakeman 42",10,"2014-10-23",2014,"A"
"362",362,361,"Hawaii 1st District - Djou vs. Takai","Honolulu Star-Advertiser","Djou 47, Takai 47",0,"2014-10-24",2014,"B+"
"363",363,362,"Maine 2nd District - Poliquin vs. Cain vs. Richardson","Portland Press Herald","Poliquin 41, Cain 40, Richardson 8",1,"2014-10-26",2014,"unknown"
"364",364,363,"New York 21st District - Stefanik vs. Woolf","Siena","Stefanik 50, Woolf 32, Funiciello 11",18,"2014-10-27",2014,"A"
"365",365,364,"Iowa 4th District - King vs. Mowrer","Loras College","King 51, Mowrer 39",12,"2014-10-27",2014,"B-"
"366",366,365,"Iowa 3rd District - Young vs. Appel","Loras College","Young 46, Appel 44",2,"2014-10-27",2014,"B-"
"367",367,366,"Iowa 2nd District - Miller-Meeks vs. Loebsack","Loras College","Loebsack 51, Miller-Meeks 38",13,"2014-10-27",2014,"B-"
"368",368,367,"Iowa 1st District - Blum vs. Murphy","Loras College","Blum 44, Murphy 42",2,"2014-10-27",2014,"B-"
"369",369,368,"Alaska At-Large District - Young vs. Dunbar vs. McDermott","Ivan Moore Research","Young 44, Dunbar 43, McDermott 10",1,"2014-10-28",2014,"C"
"370",370,369,"New York 24th District - Katko vs. Maffei","Siena","Katko 52, Maffei 42",10,"2014-10-28",2014,"A"
"371",371,370,"Arizona 2nd District - McSally vs. Barber","RRH/PMI (R)","Barber 48, McSally 46",2,"2014-10-28",2014,"B-"
"372",372,371,"Maine 2nd District - Poliquin vs. Cain vs. Richardson","Pan Atlantic SMS","Poliquin 38, Cain 39, Richardson 8",1,"2014-10-28",2014,"B+"
"373",373,372,"New Hampshire 2nd District - Garcia vs. Kuster","New England College","Kuster 49, Garcia 42",7,"2014-10-28",2014,"B"
"374",374,373,"New Hampshire 2nd District - Garcia vs. Kuster","WMUR/UNH","Kuster 53, Garcia 30",23,"2014-10-28",2014,"unknown"
"375",375,374,"N.H. 1st District - Guinta vs. Shea-Porter","New England College","Guinta 49, Shea-Porter 43",6,"2014-10-28",2014,"B"
"376",376,375,"N.H. 1st District - Guinta vs. Shea-Porter","WMUR/UNH","Guinta 40, Shea-Porter 44",4,"2014-10-28",2014,"unknown"
"377",377,376,"Hawaii 1st District - Djou vs. Takai","Honolulu Civil Beat/MRG","Djou 45, Takai 45",0,"2014-10-28",2014,"C+"
"378",378,377,"New Jersey 2nd District - LoBiondo vs. Hughes","Richard Stockton College","LoBiondo 56, Hughes 38",18,"2014-10-29",2014,"unknown"
"379",379,378,"New York 19th District - Gibson vs. Eldridge","Siena","Gibson 58, Eldridge 35",23,"2014-10-29",2014,"A"
"380",380,379,"Massachusetts 9th District - Chapman vs. Keating","Emerson College","Keating 46, Chapman 41",5,"2014-10-30",2014,"B+"
"381",381,380,"Massachusetts 6th District - Tisei vs. Moulton","Emerson College","Tisei 42, Moulton 40",2,"2014-10-30",2014,"B+"
"382",382,381,"New Jersey 5th District - Garrett vs. Cho","Monmouth","Garrett 53, Cho 42",11,"2014-10-30",2014,"A+"
"383",383,382,"New Jersey 3rd District - MacArthur vs. Belgard","Richard Stockton College","MacArthur 46, Belgard 41",5,"2014-10-30",2014,"unknown"
"384",384,383,"New York 18th District - Hayworth vs. Maloney","Siena","Maloney 49, Hayworth 44",5,"2014-10-31",2014,"A"
"385",385,384,"Utah 4th District - Love vs. Owens","UtahPolicy/Dan Jones","Love 48, Owens 43",5,"2014-10-31",2014,"C+"
"386",386,385,"New York 1st District - Zeldin vs. Bishop","Siena","Zeldin 50, Bishop 45",5,"2014-11-01",2014,"A"
"387",387,386,"Georgia 12th District - Allen vs. Barrow","Landmark Communications","Allen 48, Barrow 44",4,"2014-11-01",2014,"B"
"388",388,387,"New York 11th District - Grimm vs. Recchia","Siena*","Grimm 53, Recchia 34",19,"2014-11-01",2014,"A"
"389",389,388,"California 52nd District - DeMaio vs. Peters","U-T San Diego/SurveyUSA","DeMaio 45, Peters 44",1,"2014-11-02",2014,"A"
"390",390,389,"Alaska At-Large District - Young vs. Dunbar vs. McDermott","PPP (D)","Young 47, Dunbar 41, McDermott 6",6,"2014-11-03",2014,"B"
"391",391,390,"Georgia 12th District - Allen vs. Barrow","Landmark Communications","Allen 47, Barrow 46",1,"2014-11-03",2014,"B"
"392",392,391,"New Hampshire 2nd District - Garcia vs. Kuster","New England College","Kuster 53, Garcia 42",11,"2014-11-03",2014,"B"
"393",393,392,"New Hampshire 2nd District - Garcia vs. Kuster","WMUR/UNH","Kuster 53, Garcia 46",7,"2014-11-03",2014,"unknown"
"394",394,393,"N.H. 1st District - Guinta vs. Shea-Porter","New England College","Guinta 52, Shea-Porter 43",9,"2014-11-03",2014,"B"
"395",395,394,"N.H. 1st District - Guinta vs. Shea-Porter","WMUR/UNH","Guinta 50, Shea-Porter 49",1,"2014-11-03",2014,"unknown"
"396",396,395,"Maine 2nd District - Poliquin vs. Cain vs. Richardson","MPRC (D)","Poliquin 43, Cain 42, Richardson 10",1,"2014-11-03",2014,"unknown"
"397",397,396,"New Hampshire 1st District - Ashooh vs. Shea-Porter","WMUR/UNH","Shea-Porter 50, Ashooh 27",23,"2016-08-31",2016,"unknown"
"398",398,397,"New Hampshire 1st District - Guinta vs. Shea-Porter","WMUR/UNH","Shea-Porter 48, Guinta 29",19,"2016-08-31",2016,"unknown"
"399",399,398,"New Hampshire 2nd District - Lawrence vs. Kuster","WMUR/UNH","Kuster 40, Lawrence 34",6,"2016-08-31",2016,"unknown"
"400",400,399,"Maine 1st District - Holbrook vs. Pingree","Colby College/SurveyUSA","Pingree 57, Holbrook 37",20,"2016-09-14",2016,"A"
"401",401,400,"Maine 2nd District - Poliquin vs. Cain","Colby College/SurveyUSA","Poliquin 50, Cain 45",5,"2016-09-14",2016,"A"
"402",402,401,"Maine 2nd District - Poliquin vs. Cain","Press Herald/UNH","Poliquin 45, Cain 35",10,"2016-09-25",2016,"unknown"
"403",403,402,"Maine 1st District - Holbrook vs. Pingree","Press Herald/UNH","Pingree 64, Holbrook 22",42,"2016-09-25",2016,"unknown"
"404",404,403,"Iowa 1st District - Blum vs. Vernon","Loras","Blum 45, Vernon 38",7,"2016-09-27",2016,"B-"
"405",405,404,"Iowa 3rd District - Young vs. Mowrer","Loras","Young 46, Mowrer 36",10,"2016-09-27",2016,"B-"
"406",406,405,"New York 1st District - Zeldin vs. Throne-Holst","Newsday/Siena","Zeldin 53, Throne-Holst 38",15,"2016-10-08",2016,"A"
"407",407,406,"New York 3rd District - Martins vs. Suozzi","Newsday/Siena","Suozzi 50, Martins 34",16,"2016-10-08",2016,"A"
"408",408,407,"Florida 13th District - Jolly vs. Crist","Univ. of North Florida","Crist 54, Jolly 36",18,"2016-10-13",2016,"unknown"
"409",409,408,"Minnesota 3rd District - Paulsen vs. Bonoff","KSTP/SurveyUSA","Paulsen 49, Bonoff 38",11,"2016-10-17",2016,"A"
"410",410,409,"Minnesota 2nd District - Lewis vs. Craig","KSTP/SurveyUSA","Craig 46, Lewis 41",5,"2016-10-17",2016,"A"
"411",411,410,"New Hampshire 1st District - Guinta vs. Shea-Porter","WMUR/UNH*","Shea-Porter 44, Guinta 32",12,"2016-10-21",2016,"unknown"
"412",412,411,"New Hampshire 2nd District - Lawrence vs. Kuster","WMUR/UNH*","Kuster 54, Lawrence 24",30,"2016-10-21",2016,"unknown"
"413",413,412,"Minnesota 8th District - Mills vs. Nolan","KSTP/SurveyUSA","Mills 45, Nolan 41",4,"2016-10-24",2016,"A"
"414",414,413,"New Hampshire 1st District - Guinta vs. Shea-Porter","UMass Amherst/WBZ*","Shea-Porter 41, Guinta 37",4,"2016-10-25",2016,"unknown"
"415",415,414,"New Hampshire 2nd District - Lawrence vs. Kuster","UMass Amherst/WBZ*","Kuster 53, Lawrence 42",11,"2016-10-25",2016,"unknown"
"416",416,415,"Montana At-Large District - Zinke vs. Juneau","Montana State U.","Zinke 50, Juneau 31",19,"2016-10-26",2016,"B+"
"417",417,416,"Maine 1st District - Holbrook vs. Pingree","Press Herald/UNH","Pingree 61, Holbrook 28",33,"2016-10-30",2016,"unknown"
"418",418,417,"Maine 2nd District - Poliquin vs. Cain","Press Herald/UNH","Poliquin 44, Cain 46",2,"2016-10-30",2016,"unknown"
"419",419,418,"New York 19th District - Faso vs. Teachout","WNYT-TV/SurveyUSA","Teachout 45, Faso 42",3,"2016-10-31",2016,"A"
"420",420,419,"New Hampshire 2nd District - Lawrence vs. Kuster","WMUR/UNH","Kuster 48, Lawrence 34",14,"2016-10-31",2016,"unknown"
"421",421,420,"New Hampshire 1st District - Guinta vs. Shea-Porter","WMUR/UNH*","Shea-Porter 37, Guinta 32",5,"2016-10-31",2016,"unknown"
"422",422,421,"Indiana 9th District - Hollingsworth vs. Yoder","WTHR/Howey Politics","Hollingsworth 44, Yoder 42",2,"2016-11-04",2016,"B-"
"423",423,422,"Iowa 1st District - Blum vs. Vernon","Loras","Blum 47, Vernon 41",6,"2016-11-05",2016,"B-"
"424",424,423,"Iowa 3rd District - Young vs. Mowrer","Loras","Young 44, Mowrer 39",5,"2016-11-05",2016,"B-"
"425",425,424,"Georgia 6th District Special Election","WXIA-TV/SurveyUSA","Ossoff 43, Handel 15, Gray 14, Moody 7, Hill 5, Abroms 2, Slotin",28,"2017-04-04",2017,"A"
"426",426,425,"Georgia 6th District Special Election","FOX 5 Atlanta/Opinion Savvy","Ossoff 42, Handel 21, Gray 11, Moody 9, Hill 11, Abroms 1, Slotin",21,"2017-04-14",2017,"C+"
"427",427,426,"Georgia 6th District Run-Off Election - Handel vs. Ossoff","FOX 5 Atlanta/Opinion Savvy","Ossoff 44, Handel 42",2,"2017-04-14",2017,"C+"
"428",428,427,"Georgia 6th District Special Election","WSB-TV/Landmark","Ossoff 45, Handel 17, Gray 9, Moody 8, Hill 8, Abroms 2, Slotin",28,"2017-04-15",2017,"B"
"429",429,428,"Georgia 6th District Run-Off Election - Handel vs. Ossoff","Emerson","Ossoff 47, Handel 49",2,"2017-04-17",2017,"B+"
"430",430,429,"Georgia 6th District Special Election","Emerson","Ossoff 43, Handel 17, Gray 15, Moody 9, Hill 6, Abroms 2, Slotin 2",26,"2017-04-17",2017,"B+"
"431",431,430,"Georgia 6th District Special Election","Clout Research (R)","Ossoff 41, Handel 15, Gray 17, Moody 9, Hill 10, Abroms 3, Slotin 1",24,"2017-04-17",2017,"C"
"432",432,431,"Georgia 6th District Run-Off Election - Handel vs. Ossoff","Landmark Communications","Ossoff 47, Handel 49",2,"2017-05-06",2017,"B"
"433",433,432,"Georgia 6th District Run-Off Election - Handel vs. Ossoff","Gravis","Ossoff 47, Handel 45",2,"2017-05-14",2017,"C+"
"434",434,433,"Georgia 6th District Run-Off Election - Handel vs. Ossoff","WXIA-TV/SurveyUSA","Ossoff 51, Handel 44",7,"2017-05-22",2017,"A"
"435",435,434,"2017 Montana At-Large District Special Election - Gianforte vs. Quist vs. Wicks","Gravis","Gianforte 49, Quist 35, Wicks 8",14,"2017-05-22",2017,"C+"
"436",436,435,"Georgia 6th District Run-Off Election - Handel vs. Ossoff","WSB-TV/Landmark","Handel 48, Ossoff 49",1,"2017-06-02",2017,"B"
"437",437,436,"Georgia 6th District Run-Off Election - Handel vs. Ossoff","WSB-TV/Landmark","Handel 47, Ossoff 50",3,"2017-06-08",2017,"B"
"438",438,437,"Georgia 6th District Run-Off Election - Handel vs. Ossoff","Atlanta Journal-Constitution","Handel 44, Ossoff 51",7,"2017-06-09",2017,"unknown"
"439",439,438,"Georgia 6th District Run-Off Election - Handel vs. Ossoff","WXIA-TV/SurveyUSA","Handel 47, Ossoff 47",0,"2017-06-13",2017,"A"
"440",440,439,"Georgia 6th District Run-Off Election - Handel vs. Ossoff","Trafalgar Group (R)","Handel 47, Ossoff 50",3,"2017-06-14",2017,"C"
"441",441,440,"Georgia 6th District Run-Off Election - Handel vs. Ossoff","FOX 5 Atlanta/Opinion Savvy","Handel 49, Ossoff 50",1,"2017-06-17",2017,"C+"
"442",442,441,"Georgia 6th District Run-Off Election - Handel vs. Ossoff","WSB-TV/Landmark","Handel 48, Ossoff 50",2,"2017-06-17",2017,"B"
"443",443,442,"Georgia 6th District Run-Off Election - Handel vs. Ossoff","WSB-TV/Landmark","Handel 49, Ossoff 49",0,"2017-06-19",2017,"B"
"444",444,443,"Georgia 6th District Run-Off Election - Handel vs. Ossoff","Trafalgar Group (R)","Handel 51, Ossoff 49",2,"2017-06-19",2017,"C"
"445",445,444,"Pennsylvania 18th District Special Election - Saccone vs. Lamb","Gravis","Saccone 46, Lamb 34",12,"2018-01-08",2018,"C+"
"446",446,445,"Pennsylvania 18th District Special Election - Saccone vs. Lamb","Monmouth","Lamb 46, Saccone 49",3,"2018-02-15",2018,"A+"
"447",447,446,"Pennsylvania 18th District Special Election - Saccone vs. Lamb","Gravis","Lamb 40, Saccone 46",6,"2018-02-18",2018,"C+"
"448",448,447,"Pennsylvania 18th District Special Election - Saccone vs. Lamb","Emerson","Lamb 48, Saccone 45",3,"2018-03-05",2018,"B+"
"449",449,448,"Pennsylvania 18th District Special Election - Saccone vs. Lamb","Gravis","Lamb 42, Saccone 45",3,"2018-03-07",2018,"C+"
"450",450,449,"Pennsylvania 18th District Special Election - Saccone vs. Lamb","Monmouth","Lamb 51, Saccone 45",6,"2018-03-12",2018,"A+"
"451",451,450,"Michigan 8th District - Bishop vs. Slotkin","Target Insyght","Bishop 45, Slotkin 39",6,"2018-04-08",2018,"C"
"452",452,451,"Arizona 8th District Special Election - Lesko vs. Tipirneni","OH Predictive Insights","Lesko 53, Tipirneni 43",10,"2018-04-12",2018,"C+"
"453",453,452,"Arizona 8th District Special Election - Lesko vs. Tipirneni","Emerson","Lesko 45, Tipirneni 46",1,"2018-04-16",2018,"B+"
"454",454,453,"Arizona 8th District Special Election - Lesko vs. Tipirneni","Emerson","Lesko 49, Tipirneni 43",6,"2018-04-23",2018,"B+"
"455",455,454,"South Dakota At-Large District - Republican Primary","Mason-Dixon","Johnson 41, Krebs 23, Tapio 13",18,"2018-05-30",2018,"B+"
"456",456,455,"California 49th District - Open Primary","SurveyUSA","Harkey 24, Applegate 11, Jacobs 11, Levin 10, Chavez 8, Kerr 8, Maryott 6, Gaspar 5",13,"2018-06-02",2018,"A"
"457",457,456,"Pennsylvania 1st District - Fitzpatrick vs. Wallace","Monmouth","Fitzpatrick 48, Wallace 47",1,"2018-06-04",2018,"A+"
"458",458,457,"New York 11th District - Republican Primary","Siena","Donovan 37, Grimm 47",10,"2018-06-05",2018,"A"
"459",459,458,"Utah 4th District - Love vs. McAdams","UtahPolicy/Dan Jones","Love 47, McAdams 43",4,"2018-06-06",2018,"C+"
"460",460,459,"Ohio 12th District Special Election - Balderson vs. O'Connor","Monmouth","Balderson 48, O'Connor 39",9,"2018-06-11",2018,"A+"
"461",461,460,"Ohio 12th District Special Election - Balderson vs. O'Connor","JMC Analytics","Balderson 46, O'Connor 35",11,"2018-06-17",2018,"unknown"
"462",462,461,"Montana At-Large District - Gianforte vs. Williams","Gravis","Williams 49, Gianforte 43",6,"2018-06-19",2018,"C+"
"463",463,462,"West Virginia 3rd District - Miller vs. Ojeda","Monmouth","Ojeda 47, Miller 41",6,"2018-06-20",2018,"A+"
"464",464,463,"New York 11th District - Republican Primary","Remington Research (R)","Donovan 47, Grimm 40",7,"2018-06-22",2018,"C"
"465",465,464,"Virginia 10th District - Comstock vs. Wexton","Monmouth","Wexton 50, Comstock 41",9,"2018-06-26",2018,"A+"
"466",466,465,"New Jersey 11th District - Webber vs. Sherrill","Monmouth","Sherrill 44, Webber 40",4,"2018-06-27",2018,"A+"
"467",467,466,"Utah 4th District - Love vs. McAdams","Salt Lake Tribune","Love 45, McAdams 39",6,"2018-06-28",2018,"unknown"
"468",468,467,"North Carolina 9th District - Harris vs. McCready","Civitas (R)*","McCready 43, Harris 36",7,"2018-07-11",2018,"unknown"
"469",469,468,"California 48th District - Rohrabacher vs. Rouda","Monmouth","Rouda 47, Rohrabacher 45",2,"2018-07-17",2018,"A+"
"470",470,469,"Pennsylvania 17th District - Rothfus vs. Lamb","Monmouth","Lamb 53, Rothfus 40",13,"2018-07-24",2018,"A+"
"471",471,470,"Ohio 12th District Special Election - Balderson vs. O'Connor","Monmouth*","Balderson 46, O'Connor 45",1,"2018-08-01",2018,"A+"
"472",472,471,"Ohio 12th District Special Election - Balderson vs. O'Connor","Emerson","Balderson 46, O'Connor 47",1,"2018-08-06",2018,"B+"
"473",473,472,"New Jersey 3rd District - MacArthur vs. Kim","Monmouth","Kim 45, MacArthur 44",1,"2018-08-14",2018,"A+"
"474",474,473,"New York 24th District - Katko vs. Balter","Siena","Katko 54, Balter 39",15,"2018-08-27",2018,"A"
"475",475,474,"California 50th District - Hunter vs. Campa-Najjar","KGTV-TV/SurveyUSA","Hunter 47, Campa-Najjar 39",8,"2018-08-27",2018,"A"
"476",476,475,"New York 22nd District - Tenney vs. Brindisi","Siena","Brindisi 46, Tenney 44",2,"2018-08-29",2018,"A"
"477",477,476,"New York 19th District - Faso vs. Delgado","Siena","Delgado 40, Faso 45",5,"2018-08-30",2018,"A"
"478",478,477,"Illinois 12th District - Bost vs. Kelly","NY Times/Siena","Bost 44, Kelly 43",1,"2018-09-07",2018,"A"
"479",479,478,"Illinois 6th District - Roskam vs. Casten","NY Times/Siena","Roskam 45, Casten 44",1,"2018-09-07",2018,"A"
"480",480,479,"California 48th District - Rohrabacher vs. Rouda","NY Times/Siena","Rouda 45, Rohrabacher 45",0,"2018-09-07",2018,"A"
"481",481,480,"Utah 4th District - Love vs. McAdams","UtahPolicy/Dan Jones","Love 49, McAdams 46",3,"2018-09-07",2018,"C+"
"482",482,481,"Kentucky 6th District - Barr vs. McGrath","NY Times/Siena","Barr 47, McGrath 46",1,"2018-09-08",2018,"A"
"483",483,482,"Minnesota 8th District - Stauber vs. Radinovich","NY Times/Siena","Radinovich 44, Stauber 43",1,"2018-09-09",2018,"A"
"484",484,483,"Minnesota 3rd District - Paulsen vs. Phillips","NY Times/Siena","Phillips 51, Paulsen 42",9,"2018-09-10",2018,"A"
"485",485,484,"Iowa 1st District - Blum vs. Finkenauer","Emerson","Finkenauer 43, Blum 38",5,"2018-09-10",2018,"B+"
"486",486,485,"Iowa 2nd District - Peters vs. Loebsack","Emerson","Loebsack 45, Peters 21",24,"2018-09-10",2018,"B+"
"487",487,486,"Iowa 3rd District - Young vs. Axne","Emerson","Axne 31, Young 47",16,"2018-09-10",2018,"B+"
"488",488,487,"Iowa 3rd District - Young vs. Axne","Emerson","Young 47, Axne 31",16,"2018-09-10",2018,"B+"
"489",489,488,"West Virginia 3rd District - Miller vs. Ojeda","NY Times/Siena","Miller 48, Ojeda 40",8,"2018-09-11",2018,"A"
"490",490,489,"West Virginia 3rd District - Miller vs. Ojeda","NY Times/Siena","Ojeda 40, Miller 48",8,"2018-09-11",2018,"A"
"491",491,490,"Texas 23rd District - Hurd vs. Ortiz Jones","NY Times/Siena","Hurd 51, Ortiz Jones 43",8,"2018-09-12",2018,"A"
"492",492,491,"New York 19th District - Faso vs. Delgado","Monmouth","Delgado 48, Faso 45",3,"2018-09-12",2018,"A+"
"493",493,492,"Pennsylvania 7th District - Nothstein vs. Wild","Monmouth*","Wild 47, Nothstein 45",2,"2018-09-13",2018,"A+"
"494",494,493,"Virginia 7th District - Brat vs. Spanberger","NY Times/Siena","Brat 47, Spanberger 43",4,"2018-09-13",2018,"A"
"495",495,494,"North Carolina 2nd District - Holding vs. Coleman","Civitas (R)/SurveyUSA*","Coleman 44, Holding 43",1,"2018-09-13",2018,"A"
"496",496,495,"Wisconsin 1st District - Steil vs. Bryce","NY Times/Siena","Steil 50, Bryce 44",6,"2018-09-14",2018,"A"
"497",497,496,"Colorado 6th District - Coffman vs. Crow","NY Times/Siena","Crow 51, Coffman 40",11,"2018-09-15",2018,"A"
"498",498,497,"Maine 2nd District - Poliquin vs. Golden","NY Times/Siena","Poliquin 47, Golden 42",5,"2018-09-15",2018,"A"
"499",499,498,"Kansas 2nd Congressional District - Watkins vs. Davis","NY Times/Siena","Davis 45, Watkins 44",1,"2018-09-16",2018,"A"
"500",500,499,"New Mexico 1st District - Arnold-Jones vs. Haaland","Albuquerque Journal*","Haaland 49, Arnold-Jones 41",8,"2018-09-16",2018,"unknown"
"501",501,500,"New Mexico 2nd District - Herrell vs. Small","Albuquerque Journal","Small 41, Herrell 48",7,"2018-09-16",2018,"unknown"
"502",502,501,"West Virginia 3rd District - Miller vs. Ojeda","Emerson","Ojeda 36, Miller 31",5,"2018-09-17",2018,"B+"
"503",503,502,"California 39th District - Kim vs. Cisneros","Monmouth","Cisneros 41, Kim 51",10,"2018-09-18",2018,"A+"
"504",504,503,"Florida 26th District - Curbelo vs. Mucarsel-Powell","NY Times/Siena","Curbelo 47, Mucarsel-Powell 44",3,"2018-09-18",2018,"A"
"505",505,504,"Texas 7th District - Culberson vs. Fletcher","NY Times/Siena","Culberson 48, Fletcher 45",3,"2018-09-19",2018,"A"
"506",506,505,"New Mexico 2nd District - Herrell vs. Small","NY Times/Siena","Small 46, Herrell 45",1,"2018-09-19",2018,"A"
"507",507,506,"New Jersey 2nd District - Grossman vs. Van Drew","Stockton University","Van Drew 55, Grossman 32",23,"2018-09-19",2018,"B+"
"508",508,507,"New Jersey 7th District - Lance vs. Malinowski","Monmouth","Malinowski 46, Lance 43",3,"2018-09-20",2018,"A+"
"509",509,508,"California 25th District - Knight vs. Hill","NY Times/Siena","Hill 45, Knight 47",2,"2018-09-20",2018,"A"
"510",510,509,"Iowa 1st District - Blum vs. Finkenauer","NY Times/Siena","Finkenauer 52, Blum 37",15,"2018-09-21",2018,"A"
"511",511,510,"Kansas 3rd District - Yoder vs. Davids","NY Times/Siena","Davids 51, Yoder 43",8,"2018-09-24",2018,"A"
"512",512,511,"California 49th District - Harkey vs. Levin","NY Times/Siena","Levin 51, Harkey 41",10,"2018-09-24",2018,"A"
"513",513,512,"Texas 32nd District - Sessions vs. Allred","NY Times/Siena","Sessions 48, Allred 47",1,"2018-09-25",2018,"A"
"514",514,513,"Montana At-Large District - Gianforte vs. Williams","Gravis","Gianforte 51, Williams 42",9,"2018-09-25",2018,"C+"
"515",515,514,"Virginia 7th District - Brat vs. Spanberger","Monmouth","Brat 47, Spanberger 47",0,"2018-09-25",2018,"A+"
"516",516,515,"Minnesota 2nd District - Lewis vs. Craig","KSTP/SurveyUSA","Craig 48, Lewis 45",3,"2018-09-26",2018,"A"
"517",517,516,"California 21st District - Valadao vs. Cox","ABC 30/SurveyUSA","Valadao 50, Cox 39",11,"2018-09-26",2018,"A"
"518",518,517,"Pennsylvania 7th District - Nothstein vs. Wild","NY Times/Siena","Wild 50, Nothstein 42",8,"2018-09-26",2018,"A"
"519",519,518,"California 45th District - Walters vs. Porter","NY Times/Siena","Porter 48, Walters 43",5,"2018-09-26",2018,"A"
"520",520,519,"Nebraska 2nd District - Bacon vs. Eastman","NY Times/Siena","Bacon 51, Eastman 42",9,"2018-09-27",2018,"A"
"521",521,520,"New Jersey 3rd District - MacArthur vs. Kim","NY Times/Siena","Kim 49, MacArthur 39",10,"2018-09-27",2018,"A"
"522",522,521,"Washington 8th District - Rossi vs. Schrier","NY Times/Siena","Schrier 46, Rossi 45",1,"2018-09-27",2018,"A"
"523",523,522,"California 50th District - Hunter vs. Campa-Najjar","Monmouth","Hunter 53, Campa-Najjar 38",15,"2018-09-27",2018,"A+"
"524",524,523,"California 22nd District - Nunes vs. Janz","ABC 30/SurveyUSA","Nunes 55, Janz 41",14,"2018-09-27",2018,"A"
"525",525,524,"Kansas 2nd Congressional District - Watkins vs. Davis","Emerson*","Davis 35, Watkins 31",4,"2018-10-01",2018,"B+"
"526",526,525,"Kansas 3rd District - Yoder vs. Davids","Emerson*","Davids 47, Yoder 41",6,"2018-10-01",2018,"B+"
"527",527,526,"Iowa 3rd District - Young vs. Axne","NY Times/Siena","Axne 44, Young 43",1,"2018-10-01",2018,"A"
"528",528,527,"Ohio 1st District - Chabot vs. Pureval","NY Times/Siena","Chabot 50, Pureval 41",9,"2018-10-02",2018,"A"
"529",529,528,"Virginia 10th District - Comstock vs. Wexton","Monmouth","Wexton 50, Comstock 44",6,"2018-10-02",2018,"A+"
"530",530,529,"Oklahoma 5th District - Russell vs. Horn","Sooner Poll","Russell 47, Horn 37",10,"2018-10-02",2018,"unknown"
"531",531,530,"Pennsylvania 1st District - Fitzpatrick vs. Wallace","Monmouth","Fitzpatrick 50, Wallace 46",4,"2018-10-03",2018,"A+"
"532",532,531,"Pennsylvania 10th District - Perry vs. Scott","PPP (D)","Perry 44, Scott 43",1,"2018-10-03",2018,"B"
"533",533,532,"Minnesota 3rd District - Paulsen vs. Phillips","KSTP/SurveyUSA","Phillips 49, Paulsen 44",5,"2018-10-03",2018,"A"
"534",534,533,"Michigan 8th District - Bishop vs. Slotkin","NY Times/Siena","Bishop 47, Slotkin 44",3,"2018-10-04",2018,"A"
"535",535,534,"Arizona 2nd District - Peterson vs. Kirkpatrick","NY Times/Siena","Kirkpatrick 50, Peterson 39",11,"2018-10-04",2018,"A"
"536",536,535,"Minnesota 2nd District - Lewis vs. Craig","NY Times/Siena","Craig 51, Lewis 39",12,"2018-10-04",2018,"A"
"537",537,536,"Virginia 2nd District - Taylor vs. Luria","NY Times/Siena","Taylor 49, Luria 41",8,"2018-10-04",2018,"A"
"538",538,537,"Virginia 10th District - Comstock vs. Wexton","Christopher Newport Univ.","Wexton 51, Comstock 44",7,"2018-10-04",2018,"B+"
"539",539,538,"Florida 16th District - Buchanan vs. Shapiro","UNF","Buchanan 49, Shapiro 40",9,"2018-10-04",2018,"unknown"
"540",540,539,"California 39th District - Kim vs. Cisneros","Berkeley IGS","Cisneros 49, Kim 48",1,"2018-10-05",2018,"unknown"
"541",541,540,"California 45th District - Walters vs. Porter","Berkeley IGS","Porter 52, Walters 45",7,"2018-10-05",2018,"unknown"
"542",542,541,"California 48th District - Rohrabacher vs. Rouda","Berkeley IGS","Rouda 48, Rohrabacher 48",0,"2018-10-05",2018,"unknown"
"543",543,542,"California 49th District - Harkey vs. Levin","Berkeley IGS","Levin 55, Harkey 41",14,"2018-10-05",2018,"unknown"
"544",544,543,"California 10th District - Denham vs. Harder","Berkeley IGS","Harder 50, Denham 45",5,"2018-10-05",2018,"unknown"
"545",545,544,"California 25th District - Knight vs. Hill","Berkeley IGS","Hill 50, Knight 46",4,"2018-10-05",2018,"unknown"
"546",546,545,"California 50th District - Hunter vs. Campa-Najjar","Berkeley IGS","Hunter 49, Campa-Najjar 47",2,"2018-10-05",2018,"unknown"
"547",547,546,"California 22nd District - Nunes vs. Janz","Berkeley IGS","Nunes 53, Janz 45",8,"2018-10-05",2018,"unknown"
"548",548,547,"North Carolina 9th District - Harris vs. McCready","NY Times/Siena","McCready 42, Harris 47",5,"2018-10-06",2018,"A"
"549",549,548,"Michigan 11th District - Epstein vs. Stevens","NY Times/Siena","Stevens 45, Epstein 38",7,"2018-10-08",2018,"A"
"550",550,549,"North Carolina 9th District - Harris vs. McCready","Civitas (R)/SurveyUSA*","McCready 45, Harris 41",4,"2018-10-08",2018,"A"
"551",551,550,"North Carolina 13th District - Budd vs. Manning","NY Times/Siena","Budd 47, Manning 41",6,"2018-10-08",2018,"A"
"552",552,551,"Illinois 14th District - Hultgren vs. Underwood","NY Times/Siena","Hultgren 47, Underwood 43",4,"2018-10-09",2018,"A"
"553",553,552,"New York 1st District - Zeldin vs. Gershon","NY Times/Siena","Zeldin 49, Gershon 41",8,"2018-10-09",2018,"A"
"554",554,553,"Virginia 10th District - Comstock vs. Wexton","Washington Post","Wexton 55, Comstock 43",12,"2018-10-09",2018,"A+"
"555",555,554,"Florida 16th District - Buchanan vs. Shapiro","POS (R)","Buchanan 52, Shapiro 42",10,"2018-10-09",2018,"A+"
"556",556,555,"Pennsylvania 16th District - Kelly vs. DiNicola","NY Times/Siena","Kelly 50, DiNicola 42",8,"2018-10-09",2018,"A"
"557",557,556,"New Jersey 11th District - Webber vs. Sherrill","Monmouth","Sherrill 48, Webber 44",4,"2018-10-09",2018,"A+"
"558",558,557,"Pennsylvania 17th District - Rothfus vs. Lamb","Monmouth","Lamb 54, Rothfus 42",12,"2018-10-10",2018,"A+"
"559",559,558,"Washington 8th District - Rossi vs. Schrier","Elway Poll","Rossi 49, Schrier 39",10,"2018-10-11",2018,"unknown"
"560",560,559,"Florida 27th District - Salazar vs. Shalala","Mason-Dixon","Shalala 42, Salazar 44",2,"2018-10-12",2018,"B+"
"561",561,560,"Minnesota 8th District - Stauber vs. Radinovich","NY Times/Siena","Stauber 49, Radinovich 34",15,"2018-10-15",2018,"A"
"562",562,561,"Virginia 2nd District - Taylor vs. Luria","Christopher Newport Univ.","Taylor 50, Luria 43",7,"2018-10-15",2018,"B+"
"563",563,562,"Pennsylvania 1st District - Fitzpatrick vs. Wallace","NY Times/Siena","Fitzpatrick 43, Wallace 50",7,"2018-10-15",2018,"A"
"564",564,563,"North Carolina 13th District - Budd vs. Manning","Civitas (R)/SurveyUSA*","Budd 44, Manning 41",3,"2018-10-15",2018,"A"
"565",565,564,"Nevada 3rd District - Tarkanian vs. Lee","Emerson*","Lee 41, Tarkanian 39",2,"2018-10-15",2018,"B+"
"566",566,565,"Nevada 4th District - Hardy vs. Horsford","Emerson*","Horsford 36, Hardy 34",2,"2018-10-15",2018,"B+"
"567",567,566,"New Hampshire 1st District - Edwards vs. Pappas","Emerson*","Pappas 40, Edwards 35",5,"2018-10-15",2018,"B+"
"568",568,567,"New Hampshire 2nd District - Negron vs. Kuster","Emerson*","Kuster 44, Negron 25",19,"2018-10-15",2018,"B+"
"569",569,568,"Florida 26th District - Curbelo vs. Mucarsel-Powell","Mason-Dixon","Mucarsel-Powell 45, Curbelo 46",1,"2018-10-16",2018,"B+"
"570",570,569,"Utah 4th District - Love vs. McAdams","Salt Lake Tribune","McAdams 46, Love 46",0,"2018-10-16",2018,"unknown"
"571",571,570,"West Virginia 3rd District - Miller vs. Ojeda","Monmouth","Miller 48, Ojeda 45",3,"2018-10-16",2018,"A+"
"572",572,571,"New York 27th District - Collins vs. McMurray","Siena","Collins 46, McMurray 43",3,"2018-10-16",2018,"A"
"573",573,572,"New Jersey 3rd District - MacArthur vs. Kim","Stockton University","MacArthur 47, Kim 45",2,"2018-10-16",2018,"B+"
"574",574,573,"Virginia 10th District - Comstock vs. Wexton","NY Times/Siena","Wexton 48, Comstock 41",7,"2018-10-17",2018,"A"
"575",575,574,"Kansas 3rd District - Yoder vs. Davids","NY Times/Siena","Davids 48, Yoder 39",9,"2018-10-18",2018,"A"
"576",576,575,"Colorado 6th District - Coffman vs. Crow","NY Times/Siena","Crow 47, Coffman 38",9,"2018-10-18",2018,"A"
"577",577,576,"Florida 15th District - Spano vs. Carlson","Bay News 9/SurveyUSA","Spano 45, Carlson 45",0,"2018-10-18",2018,"A"
"578",578,577,"Michigan 11th District - Epstein vs. Stevens","Target-Insyght/MIRS","Stevens 48, Epstein 48",0,"2018-10-19",2018,"unknown"
"579",579,578,"Michigan 8th District - Bishop vs. Slotkin","Target-Insyght/MIRS","Bishop 48, Slotkin 45",3,"2018-10-19",2018,"unknown"
"580",580,579,"Maine 2nd District - Poliquin vs. Golden","Pan Atlantic*","Poliquin 37, Golden 37",0,"2018-10-19",2018,"B+"
"581",581,580,"West Virginia 3rd District - Miller vs. Ojeda","NY Times/Siena","Miller 46, Ojeda 41",5,"2018-10-19",2018,"A"
"582",582,581,"Maine 2nd District - Poliquin vs. Golden","NY Times/Siena","Poliquin 41, Golden 41",0,"2018-10-19",2018,"A"
"583",583,582,"New Jersey 11th District - Webber vs. Sherrill","NY Times/Siena","Sherrill 49, Webber 38",11,"2018-10-19",2018,"A"
"584",584,583,"Pennsylvania 7th District - Nothstein vs. Wild","Morning Call*","Wild 48, Nothstein 41",7,"2018-10-19",2018,"unknown"
"585",585,584,"Texas 23rd District - Hurd vs. Ortiz Jones","NY Times/Siena","Hurd 53, Ortiz Jones 38",15,"2018-10-19",2018,"A"
"586",586,585,"Pennsylvania 8th District - Chrin vs. Cartwright","NY Times/Siena","Cartwright 52, Chrin 40",12,"2018-10-20",2018,"A"
"587",587,586,"Florida 15th District - Spano vs. Carlson","NY Times/Siena","Spano 43, Carlson 43",0,"2018-10-20",2018,"A"
"588",588,587,"Arkansas 2nd District - Hill vs. Tucker","Talk Business/Hendrix College*","Hill 52, Tucker 40",12,"2018-10-21",2018,"B-"
"589",589,588,"Washington 3rd District - Herrera Beutler vs. Long","NY Times/Siena","Beutler 48, Long 41",7,"2018-10-21",2018,"A"
"590",590,589,"Florida 27th District - Salazar vs. Shalala","NY Times/Siena","Shalala 44, Salazar 37",7,"2018-10-22",2018,"A"
"591",591,590,"Georgia 7th District - Woodall vs. Bourdeaux","JMC Analytics","Woodall 49, Bourdeaux 43",6,"2018-10-22",2018,"unknown"
"592",592,591,"New York 19th District - Faso vs. Delgado","Siena*","Faso 44, Delgado 43",1,"2018-10-22",2018,"A"
"593",593,592,"New Hampshire 1st District - Edwards vs. Pappas","UNH*","Pappas 46, Edwards 37",9,"2018-10-22",2018,"unknown"
"594",594,593,"New Hampshire 2nd District - Negron vs. Kuster","UNH*","Kuster 53, Negron 38",15,"2018-10-22",2018,"unknown"
"595",595,594,"California 48th District - Rohrabacher vs. Rouda","Monmouth","Rohrabacher 50, Rouda 48",2,"2018-10-23",2018,"A+"
"596",596,595,"Virginia 2nd District - Taylor vs. Luria","NY Times/Siena","Taylor 45, Luria 42",3,"2018-10-23",2018,"A"
"597",597,596,"Virginia 5th District - Riggleman vs. Cockburn","NY Times/Siena","Cockburn 46, Riggleman 45",1,"2018-10-23",2018,"A"
"598",598,597,"Montana At-Large District - Gianforte vs. Williams","MTN-MSU*","Gianforte 48, Williams 40",8,"2018-10-23",2018,"unknown"
"599",599,598,"Montana At-Large District - Gianforte vs. Williams","MSU-Billings*","Gianforte 44, Williams 41",3,"2018-10-23",2018,"unknown"
"600",600,599,"Illinois 12th District - Bost vs. Kelly","NY Times/Siena","Bost 48, Kelly 39",9,"2018-10-23",2018,"A"
"601",601,600,"Georgia 6th District - Handel vs. McBath","JMC Analytics","Handel 49, McBath 45",4,"2018-10-23",2018,"unknown"
"602",602,601,"Minnesota 1st District - Hagedorn vs. Feehan","KSTP/SurveyUSA","Feehan 47, Hagedorn 45",2,"2018-10-24",2018,"A"
"603",603,602,"New York 22nd District - Tenney vs. Brindisi","Siena","Brindisi 46, Tenney 45",1,"2018-10-24",2018,"A"
"604",604,603,"New Mexico 2nd District - Herrell vs. Small","NY Times/Siena","Herrell 45, Small 44",1,"2018-10-24",2018,"A"
"605",605,604,"California 39th District - Kim vs. Cisneros","NY Times/Siena","Cisneros 47, Kim 46",1,"2018-10-25",2018,"A"
"606",606,605,"Florida 26th District - Curbelo vs. Mucarsel-Powell","NY Times/Siena","Mucarsel-Powell 45, Curbelo 44",1,"2018-10-25",2018,"A"
"607",607,606,"Virginia 10th District - Comstock vs. Wexton","Washington Post","Wexton 56, Comstock 43",13,"2018-10-25",2018,"A+"
"608",608,607,"New Jersey 3rd District - MacArthur vs. Kim","Monmouth","MacArthur 46, Kim 48",2,"2018-10-25",2018,"A+"
"609",609,608,"New Jersey 2nd District - Grossman vs. Van Drew","Stockton University","Van Drew 55, Grossman 38",17,"2018-10-25",2018,"B+"
"610",610,609,"California 10th District - Denham vs. Harder","NY Times/Siena","Harder 47, Denham 45",2,"2018-10-26",2018,"A"
"611",611,610,"California 49th District - Harkey vs. Levin","NY Times/Siena","Levin 53, Harkey 39",14,"2018-10-26",2018,"A"
"612",612,611,"Illinois 13th District - Davis vs. Londrigan","NY Times/Siena","Davis 46, Londrigan 41",5,"2018-10-26",2018,"A"
"613",613,612,"Ohio 1st District - Chabot vs. Pureval","NY Times/Siena","Chabot 50, Pureval 41",9,"2018-10-26",2018,"A"
"614",614,613,"Texas 7th District - Culberson vs. Fletcher","NY Times/Siena","Culberson 46, Fletcher 45",1,"2018-10-26",2018,"A"
"615",615,614,"New Jersey 3rd District - MacArthur vs. Kim","NY Times/Siena","MacArthur 45, Kim 44",1,"2018-10-26",2018,"A"
"616",616,615,"Utah 4th District - Love vs. McAdams","NY Times/Siena","McAdams 45, Love 45",0,"2018-10-27",2018,"A"
"617",617,616,"Pennsylvania 10th District - Perry vs. Scott","NY Times/Siena","Perry 45, Scott 43",2,"2018-10-27",2018,"A"
"618",618,617,"Illinois 6th District - Roskam vs. Casten","NY Times/Siena","Casten 46, Roskam 44",2,"2018-10-27",2018,"A"
"619",619,618,"Iowa 3rd District - Young vs. Axne","NY Times/Siena","Axne 43, Young 41",2,"2018-10-28",2018,"A"
"620",620,619,"New York 11th District - Donovan vs. Rose","NY Times/Siena","Donovan 44, Rose 40",4,"2018-10-28",2018,"A"
"621",621,620,"New York 24th District - Katko vs. Balter","Siena","Katko 53, Balter 39",14,"2018-10-28",2018,"A"
"622",622,621,"New Mexico 1st District - Arnold-Jones vs. Haaland","Emerson","Haaland 51, Arnold-Jones 41",10,"2018-10-29",2018,"B+"
"623",623,622,"California 25th District - Knight vs. Hill","NY Times/Siena","Knight 48, Hill 44",4,"2018-10-29",2018,"A"
"624",624,623,"New Mexico 2nd District - Herrell vs. Small","Emerson","Herrell 47, Small 47",0,"2018-10-29",2018,"B+"
"625",625,624,"New York 27th District - Collins vs. McMurray","NY Times/Siena","Collins 44, McMurray 40",4,"2018-10-29",2018,"A"
"626",626,625,"Virginia 7th District - Brat vs. Spanberger","Christopher Newport Univ.","Spanberger 46, Brat 45",1,"2018-10-29",2018,"B+"
"627",627,626,"California 50th District - Hunter vs. Campa-Najjar","KGTV-TV/SurveyUSA","Hunter 48, Campa-Najjar 45",3,"2018-10-30",2018,"A"
"628",628,627,"Kansas 2nd District - Watkins vs. Davis","Emerson","Watkins 48, Davis 41",7,"2018-10-30",2018,"B+"
"629",629,628,"Kansas 3rd District - Yoder vs. Davids","Emerson","Davids 55, Yoder 43",12,"2018-10-30",2018,"B+"
"630",630,629,"Montana At-Large District - Gianforte vs. Williams","Gravis","Gianforte 48, Williams 48",0,"2018-10-30",2018,"C+"
"631",631,630,"North Carolina 2nd District - Holding vs. Coleman","Civitas (R)/SurveyUSA*","Holding 49, Coleman 40",9,"2018-10-30",2018,"A"
"632",632,631,"Pennsylvania 1st District - Fitzpatrick vs. Wallace","NY Times/Siena","Fitzpatrick 47, Wallace 46",1,"2018-10-30",2018,"A"
"633",633,632,"Pennsylvania 10th District - Perry vs. Scott","Susquehanna","Perry 49, Scott 46",3,"2018-10-30",2018,"C+"
"634",634,633,"New York 19th District - Faso vs. Delgado","Monmouth*","Faso 44, Delgado 49",5,"2018-10-30",2018,"A+"
"635",635,634,"Utah 4th District - Love vs. McAdams","KUTV/Dixie Strategies","McAdams 50, Love 43",7,"2018-10-30",2018,"B-"
