,Date,Party,Name,Chamber
0,2010-11-02,R,Richard Shelby,Senate
1,2010-11-02,R,Lisa Murkowski,Senate
2,2010-11-02,R,John McCain,Senate
3,2010-11-02,R,John Boozman,Senate
4,2010-11-02,D,Barbara Boxer,Senate
5,2010-11-02,D,Michael Bennet,Senate
6,2010-11-02,D,Richard Blumenthal,Senate
7,2010-11-02,R,Marco Rubio,Senate
8,2010-11-02,R,Johnny Isakson,Senate
9,2010-11-02,D,Daniel Inouye,Senate
10,2012-12-26,D,Brian Schatz,Senate
11,2010-11-02,R,Mike Crapo,Senate
12,2010-11-02,R,Mark Kirk,Senate
13,2010-11-02,R,Dan Coats,Senate
14,2010-11-02,R,Chuck Grassley,Senate
15,2010-11-02,R,Jerry Moran,Senate
16,2010-11-02,R,Rand Paul,Senate
17,2010-11-02,R,David Vitter,Senate
18,2010-11-02,D,Barbara Mikulski,Senate
19,2010-11-02,R,Roy Blunt,Senate
20,2011-05-09,R,Dean Heller,Senate
21,2010-11-02,D,Harry Reid,Senate
22,2010-11-02,R,Kelly Ayotte,Senate
23,2010-11-02,D,Charles Schumer,Senate
24,2010-11-02,R,Richard Burr,Senate
25,2010-11-02,R,John Hoeven,Senate
26,2010-11-02,R,Rob Portman,Senate
27,2010-11-02,R,Tom Coburn,Senate
28,2010-11-02,D,Ron Wyden,Senate
29,2010-11-02,R,Pat Toomey,Senate
30,2010-11-02,R,Jim DeMint,Senate
31,2013-01-02,R,Tim Scott,Senate
32,2010-11-02,R,John Thune,Senate
33,2010-11-02,R,Mike Lee,Senate
34,2010-11-02,D,Patrick Leahy,Senate
35,2010-11-02,D,Patty Murray,Senate
36,2010-11-02,R,Ron Johnson,Senate
0,2010-11-02,R,Jo Bonner,House
1,2010-11-02,R,Martha Roby,House
2,2010-11-02,R,Mike Rogers,House
3,2010-11-02,R,Robert Aderholt,House
4,2010-11-02,R,Mo Brooks,House
5,2010-11-02,R,Spencer Bachus,House
6,2010-11-02,D,Terri Sewell,House
7,2010-11-02,R,Don Young,House
8,2010-11-02,R,Paul Gosar,House
9,2010-11-02,R,Trent Franks,House
10,2010-11-02,R,Ben Quayle,House
11,2010-11-02,D,Ed Pastor,House
12,2010-11-02,R,David Schweikert,House
13,2010-11-02,R,Jeff Flake,House
14,2010-11-02,D,Raul Grijalva,House
15,2010-11-02,D,Gabrielle Giffords,House
16,2012-06-12,D,Ron Barber,House
17,2010-11-02,R,Rick Crawford,House
18,2010-11-02,R,Timothy Griffin,House
19,2010-11-02,R,Steve Womack,House
20,2010-11-02,D,Mike Ross,House
21,2010-11-02,D,Mike Thompson,House
22,2010-11-02,R,Wally Herger,House
23,2010-11-02,R,Dan Lungren,House
24,2010-11-02,R,Tom McClintock,House
25,2010-11-02,D,Doris Matsui,House
26,2010-11-02,D,Lynn Woolsey,House
27,2010-11-02,D,George Miller,House
28,2010-11-02,D,Nancy Pelosi,House
29,2010-11-02,D,Barbara Lee,House
30,2010-11-02,D,John Garamendi,House
31,2010-11-02,D,Jerry McNerney,House
32,2010-11-02,D,Jackie Speier,House
33,2010-11-02,D,Pete Stark,House
34,2010-11-02,D,Anna Eshoo,House
35,2010-11-02,D,Mike Honda,House
36,2010-11-02,D,Zoe Lofgren,House
37,2010-11-02,D,Sam Farr,House
38,2010-11-02,D,Dennis Cardoza,House
39,2010-11-02,R,Jeff Denham,House
40,2010-11-02,D,Jim Costa,House
41,2010-11-02,R,Devin Nunes,House
42,2010-11-02,R,Kevin McCarthy,House
43,2010-11-02,D,Lois Capps,House
44,2010-11-02,R,Elton Gallegly,House
45,2010-11-02,R,Howard McKeon,House
46,2010-11-02,R,David Dreier,House
47,2010-11-02,D,Brad Sherman,House
48,2010-11-02,D,Howard Berman,House
49,2010-11-02,D,Adam Schiff,House
50,2010-11-02,D,Henry Waxman,House
51,2010-11-02,D,Xavier Becerra,House
52,2010-11-02,D,Judy Chu,House
53,2010-11-02,D,Karen Bass,House
54,2010-11-02,D,Lucille Roybal-Allard,House
55,2010-11-02,D,Maxine Waters,House
56,2010-11-02,D,Jane Harman,House
57,2011-07-12,D,Janice Hahn,House
58,2010-11-02,D,Laura Richardson,House
59,2010-11-02,D,Grace Napolitano,House
60,2010-11-02,D,Linda Sanchez,House
61,2010-11-02,R,Ed Royce,House
62,2010-11-02,R,Jerry Lewis,House
63,2010-11-02,R,Gary Miller,House
64,2010-11-02,D,Joe Baca,House
65,2010-11-02,R,Ken Calvert,House
66,2010-11-02,R,Mary Bono Mack,House
67,2010-11-02,R,Dana Rohrabacher,House
68,2010-11-02,D,Loretta Sanchez,House
69,2010-11-02,R,John Campbell,House
70,2010-11-02,R,Darrell Issa,House
71,2010-11-02,R,Brian Bilbray,House
72,2010-11-02,D,Bob Filner,House
73,2010-11-02,R,Duncan D. Hunter,House
74,2010-11-02,D,Susan Davis,House
75,2010-11-02,D,Diana DeGette,House
76,2010-11-02,D,Jared Polis,House
77,2010-11-02,R,Scott Tipton,House
78,2010-11-02,R,Cory Gardner,House
79,2010-11-02,R,Doug Lamborn,House
80,2010-11-02,R,Mike Coffman,House
81,2010-11-02,D,Ed Perlmutter,House
82,2010-11-02,D,John Larson,House
83,2010-11-02,D,Joe Courtney,House
84,2010-11-02,D,Rosa DeLauro,House
85,2010-11-02,D,Jim Himes,House
86,2010-11-02,D,Chris Murphy,House
87,2010-11-02,D,John Carney,House
88,2010-11-02,R,Jeff Miller,House
89,2010-11-02,R,Steve Southerland,House
90,2010-11-02,D,Corrine Brown,House
91,2010-11-02,R,Ander Crenshaw,House
92,2010-11-02,R,Rich Nugent,House
93,2010-11-02,R,Cliff Stearns,House
94,2010-11-02,R,John Mica,House
95,2010-11-02,R,Daniel Webster,House
96,2010-11-02,R,Gus Bilirakis,House
97,2010-11-02,R,Bill Young,House
98,2010-11-02,D,Kathy Castor,House
99,2010-11-02,R,Dennis Ross,House
100,2010-11-02,R,Vern Buchanan,House
101,2010-11-02,R,Connie Mack,House
102,2010-11-02,R,Bill Posey,House
103,2010-11-02,R,Tom Rooney,House
104,2010-11-02,D,Frederica Wilson,House
105,2010-11-02,R,Ileana Ros-Lehtinen,House
106,2010-11-02,D,Ted Deutch,House
107,2010-11-02,D,Debbie Wasserman Schultz,House
108,2010-11-02,R,Mario Diaz-Balart,House
109,2010-11-02,R,Allen West,House
110,2010-11-02,D,Alcee Hastings,House
111,2010-11-02,R,Sandy Adams,House
112,2010-11-02,R,David Rivera,House
113,2010-11-02,R,Jack Kingston,House
114,2010-11-02,D,Sanford Bishop,House
115,2010-11-02,R,Lynn Westmoreland,House
116,2010-11-02,D,Hank Johnson,House
117,2010-11-02,D,John Lewis,House
118,2010-11-02,R,Tom Price,House
119,2010-11-02,R,Rob Woodall,House
120,2010-11-02,R,Austin Scott,House
121,2010-11-02,R,Tom Graves,House
122,2010-11-02,R,Paul Broun,House
123,2010-11-02,R,Phil Gingrey,House
124,2010-11-02,D,John Barrow,House
125,2010-11-02,D,David Scott,House
126,2010-11-02,D,Colleen Hanabusa,House
127,2010-11-02,D,Mazie Hirono,House
128,2010-11-02,R,Raul Labrador,House
129,2010-11-02,R,Mike Simpson,House
130,2010-11-02,D,Bobby Rush,House
131,2010-11-02,D,Jesse Jackson Jr.,House
132,2010-11-02,D,Dan Lipinski,House
133,2010-11-02,D,Luis Gutierrez,House
134,2010-11-02,D,Michael Quigley,House
135,2010-11-02,R,Peter Roskam,House
136,2010-11-02,D,Danny Davis,House
137,2010-11-02,R,Joe Walsh,House
138,2010-11-02,D,Jan Schakowsky,House
139,2010-11-02,R,Bob Dold,House
140,2010-11-02,R,Adam Kinzinger,House
141,2010-11-02,D,Jerry Costello,House
142,2010-11-02,R,Judy Biggert,House
143,2010-11-02,R,Randy Hultgren,House
144,2010-11-02,R,Tim Johnson,House
145,2010-11-02,R,Don Manzullo,House
146,2010-11-02,R,Bobby Schilling,House
147,2010-11-02,R,Aaron Schock,House
148,2010-11-02,R,John Shimkus,House
149,2010-11-02,D,Pete Visclosky,House
150,2010-11-02,D,Joe Donnelly,House
151,2010-11-02,R,Marlin Stutzman,House
152,2010-11-02,R,Todd Rokita,House
153,2010-11-02,R,Dan Burton,House
154,2010-11-02,R,Mike Pence,House
155,2010-11-02,D,Andre Carson,House
156,2010-11-02,R,Larry Bucshon,House
157,2010-11-02,R,Todd Young,House
158,2010-11-02,D,Bruce Braley,House
159,2010-11-02,D,David Loebsack,House
160,2010-11-02,D,Leonard Boswell,House
161,2010-11-02,R,Tom Latham,House
162,2010-11-02,R,Steve King,House
163,2010-11-02,R,Tim Huelskamp,House
164,2010-11-02,R,Lynn Jenkins,House
165,2010-11-02,R,Kevin Yoder,House
166,2010-11-02,R,Mike Pompeo,House
167,2010-11-02,R,Ed Whitfield,House
168,2010-11-02,R,Brett Guthrie,House
169,2010-11-02,D,John Yarmuth,House
170,2010-11-02,R,Geoff Davis,House
171,2012-11-13,R,Thomas Massie,House
172,2010-11-02,R,Hal Rogers,House
173,2010-11-02,D,Ben Chandler,House
174,2010-11-02,R,Steve Scalise,House
175,2010-11-02,D,Cedric Richmond,House
176,2010-11-02,R,Jeff Landry,House
177,2010-11-02,R,John Fleming,House
178,2010-11-02,R,Rodney Alexander,House
179,2010-11-02,R,Bill Cassidy,House
180,2010-11-02,R,Charles Boustany,House
181,2010-11-02,D,Chellie Pingree,House
182,2010-11-02,D,Mike Michaud,House
183,2010-11-02,R,Andrew Harris,House
184,2010-11-02,D,Dutch Ruppersberger,House
185,2010-11-02,D,John Sarbanes,House
186,2010-11-02,D,Donna Edwards,House
187,2010-11-02,D,Steny Hoyer,House
188,2010-11-02,R,Roscoe Bartlett,House
189,2010-11-02,D,Elijah Cummings,House
190,2010-11-02,D,Chris Van Hollen,House
191,2010-11-02,D,John Olver,House
192,2010-11-02,D,Richard Neal,House
193,2010-11-02,D,Jim McGovern,House
194,2010-11-02,D,Barney Frank,House
195,2010-11-02,D,Niki Tsongas,House
196,2010-11-02,D,John Tierney,House
197,2010-11-02,D,Ed Markey,House
198,2010-11-02,D,Mike Capuano,House
199,2010-11-02,D,Stephen Lynch,House
200,2010-11-02,D,William Keating,House
201,2010-11-02,R,Dan Benishek,House
202,2010-11-02,R,Bill Huizenga,House
203,2010-11-02,R,Justin Amash,House
204,2010-11-02,R,Dave Camp,House
205,2010-11-02,D,Dale Kildee,House
206,2010-11-02,R,Fred Upton,House
207,2010-11-02,R,Tim Walberg,House
208,2010-11-02,R,Mike Rogers,House
209,2010-11-02,D,Gary Peters,House
210,2010-11-02,R,Candice Miller,House
211,2010-11-02,R,Thaddeus McCotter,House
212,2012-11-06,D,David Curson,House
213,2010-11-02,D,Sander Levin,House
214,2010-11-02,D,Hansen Clarke,House
215,2010-11-02,D,John Conyers,House
216,2010-11-02,D,John Dingell,House
217,2010-11-02,D,Tim Walz,House
218,2010-11-02,R,John Kline,House
219,2010-11-02,R,Erik Paulsen,House
220,2010-11-02,D,Betty McCollum,House
221,2010-11-02,D,Keith Ellison,House
222,2010-11-02,R,Michele Bachmann,House
223,2010-11-02,D,Collin Peterson,House
224,2010-11-02,R,Chip Cravaack,House
225,2010-11-02,R,Alan Nunnelee,House
226,2010-11-02,D,Bennie Thompson,House
227,2010-11-02,R,Gregg Harper,House
228,2010-11-02,R,Steven Palazzo,House
229,2010-11-02,D,Lacy Clay,House
230,2010-11-02,R,Todd Akin,House
231,2010-11-02,D,Russ Carnahan,House
232,2010-11-02,R,Vicky Hartzler,House
233,2010-11-02,D,Emanuel Cleaver,House
234,2010-11-02,R,Sam Graves,House
235,2010-11-02,R,Bill Long,House
236,2010-11-02,R,Jo Ann Emerson,House
237,2010-11-02,R,Blaine Luetkemeyer,House
238,2010-11-02,R,Denny Rehberg,House
239,2010-11-02,R,Jeff Fortenberry,House
240,2010-11-02,R,Lee Terry,House
241,2010-11-02,R,Adrian Smith,House
242,2010-11-02,D,Shelley Berkley,House
243,2010-11-02,R,Dean Heller,House
244,2011-09-13,R,Mark Amodei,House
245,2010-11-02,R,Joe Heck,House
246,2010-11-02,R,Frank Guinta,House
247,2010-11-02,R,Charles Bass,House
248,2010-11-02,D,Rob Andrews,House
249,2010-11-02,R,Frank LoBiondo,House
250,2010-11-02,R,Jon Runyan,House
251,2010-11-02,R,Chris Smith,House
252,2010-11-02,R,Scott Garrett,House
253,2010-11-02,D,Frank Pallone,House
254,2010-11-02,R,Leonard Lance,House
255,2010-11-02,D,Bill Pascrell,House
256,2010-11-02,D,Steve Rothman,House
257,2010-11-02,D,Donald Payne,House
258,2012-11-06,D,Donald Payne Jr.,House
259,2010-11-02,R,Rodney Frelinghuysen,House
260,2010-11-02,D,Rush Holt Jr.,House
261,2010-11-02,D,Albio Sires,House
262,2010-11-02,D,Martin Heinrich,House
263,2010-11-02,R,Steve Pearce,House
264,2010-11-02,D,Ben Lujan,House
265,2010-11-02,D,Tim Bishop,House
266,2010-11-02,D,Steve Israel,House
267,2010-11-02,R,Peter King,House
268,2010-11-02,D,Carolyn McCarthy,House
269,2010-11-02,D,Gary Ackerman,House
270,2010-11-02,D,Gregory Meeks,House
271,2010-11-02,D,Joseph Crowley,House
272,2010-11-02,D,Jerrold Nadler,House
273,2010-11-02,D,Anthony Weiner,House
274,2011-09-13,R,Bob Turner,House
275,2010-11-02,D,Edolphus Towns,House
276,2010-11-02,D,Yvette Clarke,House
277,2010-11-02,D,Nydia Velazquez,House
278,2010-11-02,R,Michael Grimm,House
279,2010-11-02,D,Carolyn Maloney,House
280,2010-11-02,D,Charles Rangel,House
281,2010-11-02,D,Jose E. Serrano,House
282,2010-11-02,D,Eliot Engel,House
283,2010-11-02,D,Nita Lowey,House
284,2010-11-02,R,Nan Hayworth,House
285,2010-11-02,R,Chris Gibson,House
286,2010-11-02,D,Paul Tonko,House
287,2010-11-02,D,Maurice Hinchey,House
288,2010-11-02,D,Bill Owens,House
289,2010-11-02,R,Richard Hanna,House
290,2010-11-02,R,Ann Marie Buerkle,House
291,2010-11-02,R,Chris Lee,House
292,2011-05-24,D,Kathy Hochul,House
293,2010-11-02,D,Brian Higgins,House
294,2010-11-02,D,Louise Slaughter,House
295,2010-11-02,R,Tom Reed,House
296,2010-11-02,D,G. K. Butterfield,House
297,2010-11-02,R,Renee Ellmers,House
298,2010-11-02,R,Walter B. Jones Jr.,House
299,2010-11-02,D,David Price,House
300,2010-11-02,R,Virginia Foxx,House
301,2010-11-02,R,Howard Coble,House
302,2010-11-02,D,Mike McIntyre,House
303,2010-11-02,D,Larry Kissell,House
304,2010-11-02,R,Sue Myrick,House
305,2010-11-02,R,Patrick McHenry,House
306,2010-11-02,D,Heath Shuler,House
307,2010-11-02,D,Mel Watt,House
308,2010-11-02,D,Brad Miller,House
309,2010-11-02,R,Rick Berg,House
310,2010-11-02,R,Steve Chabot,House
311,2010-11-02,R,Jean Schmidt,House
312,2010-11-02,R,Mike Turner,House
313,2010-11-02,R,Jim Jordan,House
314,2010-11-02,R,Bob Latta,House
315,2010-11-02,R,Bill Johnson,House
316,2010-11-02,R,Steve Austria,House
317,2010-11-02,R,John Boehner,House
318,2010-11-02,D,Marcy Kaptur,House
319,2010-11-02,D,Dennis Kucinich,House
320,2010-11-02,D,Marcia Fudge,House
321,2010-11-02,R,Pat Tiberi,House
322,2010-11-02,D,Betty Sutton,House
323,2010-11-02,R,Steve LaTourette,House
324,2010-11-02,R,Steve Stivers,House
325,2010-11-02,R,Jim Renacci,House
326,2010-11-02,D,Tim Ryan,House
327,2010-11-02,R,Bob Gibbs,House
328,2010-11-02,R,John Sullivan,House
329,2010-11-02,D,Dan Boren,House
330,2010-11-02,R,Frank Lucas,House
331,2010-11-02,R,Tom Cole,House
332,2010-11-02,R,James Lankford,House
333,2010-11-02,D,David Wu,House
334,2012-01-31,D,Suzanne Bonamici,House
335,2010-11-02,R,Greg Walden,House
336,2010-11-02,D,Earl Blumenauer,House
337,2010-11-02,D,Peter DeFazio,House
338,2010-11-02,D,Kurt Schrader,House
339,2010-11-02,D,Bob Brady,House
340,2010-11-02,D,Chaka Fattah,House
341,2010-11-02,R,Mike Kelly,House
342,2010-11-02,D,Jason Altmire,House
343,2010-11-02,R,Glenn Thompson,House
344,2010-11-02,R,Jim Gerlach,House
345,2010-11-02,R,Pat Meehan,House
346,2010-11-02,R,Mike Fitzpatrick,House
347,2010-11-02,R,Bill Shuster,House
348,2010-11-02,R,Tom Marino,House
349,2010-11-02,R,Lou Barletta,House
350,2010-11-02,D,Mark Critz,House
351,2010-11-02,D,Allyson Schwartz,House
352,2010-11-02,D,Michael Doyle,House
353,2010-11-02,R,Charlie Dent,House
354,2010-11-02,R,Joseph Pitts,House
355,2010-11-02,D,Tim Holden,House
356,2010-11-02,R,Timothy Murphy,House
357,2010-11-02,R,Todd Platts,House
358,2010-11-02,D,David Cicilline,House
359,2010-11-02,D,James Langevin,House
360,2010-11-02,R,Tim Scott,House
361,2010-11-02,R,Joe Wilson,House
362,2010-11-02,R,Jeff Duncan,House
363,2010-11-02,R,Trey Gowdy,House
364,2010-11-02,R,Mick Mulvaney,House
365,2010-11-02,D,Jim Clyburn,House
366,2010-11-02,R,Kristi Noem,House
367,2010-11-02,R,Phil Roe,House
368,2010-11-02,R,Jimmy Duncan,House
369,2010-11-02,R,Chuck Fleischmann,House
370,2010-11-02,R,Scott DesJarlais,House
371,2010-11-02,D,Jim Cooper,House
372,2010-11-02,R,Diane Black,House
373,2010-11-02,R,Marsha Blackburn,House
374,2010-11-02,R,Stephen Fincher,House
375,2010-11-02,D,Steve Cohen,House
376,2010-11-02,R,Louie Gohmert,House
377,2010-11-02,R,Ted Poe,House
378,2010-11-02,R,Sam Johnson,House
379,2010-11-02,R,Ralph Hall,House
380,2010-11-02,R,Jeb Hensarling,House
381,2010-11-02,R,Joe Barton,House
382,2010-11-02,R,John Culberson,House
383,2010-11-02,R,Kevin Brady,House
384,2010-11-02,D,Al Green,House
385,2010-11-02,R,Michael McCaul,House
386,2010-11-02,R,Mike Conaway,House
387,2010-11-02,R,Kay Granger,House
388,2010-11-02,R,Mac Thornberry,House
389,2010-11-02,R,Ron Paul,House
390,2010-11-02,D,Ruben Hinojosa,House
391,2010-11-02,D,Silvestre Reyes,House
392,2010-11-02,R,Bill Flores,House
393,2010-11-02,D,Sheila Jackson Lee,House
394,2010-11-02,R,Randy Neugebauer,House
395,2010-11-02,D,Charlie Gonzalez,House
396,2010-11-02,R,Lamar Smith,House
397,2010-11-02,R,Pete Olson,House
398,2010-11-02,R,Quico Canseco,House
399,2010-11-02,R,Kenny Marchant,House
400,2010-11-02,D,Lloyd Doggett,House
401,2010-11-02,R,Michael Burgess,House
402,2010-11-02,R,Blake Farenthold,House
403,2010-11-02,D,Henry Cuellar,House
404,2010-11-02,D,Gene Green,House
405,2010-11-02,D,Eddie Bernice Johnson,House
406,2010-11-02,R,John Carter,House
407,2010-11-02,R,Pete Sessions,House
408,2010-11-02,R,Rob Bishop,House
409,2010-11-02,D,Jim Matheson,House
410,2010-11-02,R,Jason Chaffetz,House
411,2010-11-02,D,Peter Welch,House
412,2010-11-02,R,Rob Wittman,House
413,2010-11-02,R,Scott Rigell,House
414,2010-11-02,D,Bobby Scott,House
415,2010-11-02,R,Randy Forbes,House
416,2010-11-02,R,Robert Hurt,House
417,2010-11-02,R,Bob Goodlatte,House
418,2010-11-02,R,Eric Cantor,House
419,2010-11-02,D,Jim Moran,House
420,2010-11-02,R,Morgan Griffith,House
421,2010-11-02,R,Frank Wolf,House
422,2010-11-02,D,Gerry Connolly,House
423,2010-11-02,D,Jay Inslee,House
424,2012-11-06,D,Suzan DelBene,House
425,2010-11-02,D,Rick Larsen,House
426,2010-11-02,R,Jaime Herrera Beutler,House
427,2010-11-02,R,Doc Hastings,House
428,2010-11-02,R,Cathy McMorris Rodgers,House
429,2010-11-02,D,Norman Dicks,House
430,2010-11-02,D,Jim McDermott,House
431,2010-11-02,R,Dave Reichert,House
432,2010-11-02,D,Adam Smith,House
433,2010-11-02,R,David McKinley,House
434,2010-11-02,R,Shelley Moore Capito,House
435,2010-11-02,D,Nick Rahall,House
436,2010-11-02,R,Paul Ryan,House
437,2010-11-02,D,Tammy Baldwin,House
438,2010-11-02,D,Ron Kind,House
439,2010-11-02,D,Gwen Moore,House
440,2010-11-02,R,Jim Sensenbrenner,House
441,2010-11-02,R,Tom Petri,House
442,2010-11-02,R,Sean Duffy,House
443,2010-11-02,R,Reid Ribble,House
444,2010-11-02,R,Cynthia Lummis,House
0,2012-11-06,R,Jeff Flake,Senate
1,2012-11-06,D,Dianne Feinstein,Senate
2,2012-11-06,D,Chris Murphy,Senate
3,2012-11-06,D,Tom Carper,Senate
4,2012-11-06,D,Bill Nelson,Senate
5,2012-11-06,D,Mazie Hirono,Senate
6,2012-11-06,D,Joe Donnelly,Senate
7,2012-11-06,I,Angus King,Senate
8,2012-11-06,D,Ben Cardin,Senate
9,2012-11-06,D,Elizabeth Warren,Senate
10,2013-02-01,D,Mo Cowan,Senate
11,2013-07-16,D,Ed Markey,Senate
12,2012-11-06,D,Debbie Stabenow,Senate
13,2012-11-06,D,Amy Klobuchar,Senate
14,2012-11-06,R,Roger Wicker,Senate
15,2012-11-06,D,Claire McCaskill,Senate
16,2012-11-06,D,Jon Tester,Senate
17,2014-02-09,D,John Walsh,Senate
18,2012-11-06,R,Deb Fischer,Senate
19,2012-11-06,R,Dean Heller,Senate
20,2012-11-06,D,Bob Menendez,Senate
21,2013-06-06,R,Jeffrey Chiesa,Senate
22,2013-10-31,D,Cory Booker,Senate
23,2012-11-06,D,Martin Heinrich,Senate
24,2012-11-06,D,Kirsten Gillibrand,Senate
25,2012-11-06,D,Heidi Heitkamp,Senate
26,2012-11-06,D,Sherrod Brown,Senate
27,2012-11-06,D,Bob Casey Jr.,Senate
28,2012-11-06,D,Sheldon Whitehouse,Senate
29,2012-11-06,R,Bob Corker,Senate
30,2012-11-06,R,Ted Cruz,Senate
31,2012-11-06,R,Orrin Hatch,Senate
32,2012-11-06,I,Bernie Sanders,Senate
33,2012-11-06,D,Tim Kaine,Senate
34,2012-11-06,D,Maria Cantwell,Senate
35,2012-11-06,D,Joe Manchin,Senate
36,2012-11-06,D,Tammy Baldwin,Senate
37,2012-11-06,R,John Barrasso,Senate
0,2012-11-06,R,Jo Bonner,House
1,2014-01-07,R,Bradley Byrne,House
2,2012-11-06,R,Martha Roby,House
3,2012-11-06,R,Mike Rogers,House
4,2012-11-06,R,Robert Aderholt,House
5,2012-11-06,R,Mo Brooks,House
6,2012-11-06,R,Spencer Bachus,House
7,2012-11-06,D,Terri Sewell,House
8,2012-11-06,R,Don Young,House
9,2012-11-06,D,Ann Kirkpatrick,House
10,2012-11-06,D,Ron Barber,House
11,2012-11-06,D,Raul Grijalva,House
12,2012-11-06,R,Paul Gosar,House
13,2012-11-06,R,Matt Salmon,House
14,2012-11-06,R,David Schweikert,House
15,2012-11-06,D,Ed Pastor,House
16,2012-11-06,R,Trent Franks,House
17,2012-11-06,D,Kyrsten Sinema,House
18,2012-11-06,R,Rick Crawford,House
19,2012-11-06,R,Timothy Griffin,House
20,2012-11-06,R,Steve Womack,House
21,2012-11-06,R,Tom Cotton,House
22,2012-11-06,R,Doug LaMalfa,House
23,2012-11-06,D,Jared Huffman,House
24,2012-11-06,D,John Garamendi,House
25,2012-11-06,R,Tom McClintock,House
26,2012-11-06,D,Mike Thompson,House
27,2012-11-06,D,Doris Matsui,House
28,2012-11-06,D,Ami Bera,House
29,2012-11-06,R,Paul Cook,House
30,2012-11-06,D,Jerry McNerney,House
31,2012-11-06,R,Jeff Denham,House
32,2012-11-06,D,George Miller,House
33,2012-11-06,D,Nancy Pelosi,House
34,2012-11-06,D,Barbara Lee,House
35,2012-11-06,D,Jackie Speier,House
36,2012-11-06,D,Eric Swalwell,House
37,2012-11-06,D,Jim Costa,House
38,2012-11-06,D,Mike Honda,House
39,2012-11-06,D,Anna Eshoo,House
40,2012-11-06,D,Zoe Lofgren,House
41,2012-11-06,D,Sam Farr,House
42,2012-11-06,R,David Valadao,House
43,2012-11-06,R,Devin Nunes,House
44,2012-11-06,R,Kevin McCarthy,House
45,2012-11-06,D,Lois Capps,House
46,2012-11-06,R,Buck McKeon,House
47,2012-11-06,D,Julia Brownley,House
48,2012-11-06,D,Judy Chu,House
49,2012-11-06,D,Adam Schiff,House
50,2012-11-06,D,Tony Cardenas,House
51,2012-11-06,D,Brad Sherman,House
52,2012-11-06,R,Gary Miller,House
53,2012-11-06,D,Grace Napolitano,House
54,2012-11-06,D,Henry Waxman,House
55,2012-11-06,D,Xavier Becerra,House
56,2012-11-06,D,Gloria Negrete McLeod,House
57,2012-11-06,D,Raul Ruiz,House
58,2012-11-06,D,Karen Bass,House
59,2012-11-06,D,Linda Sanchez,House
60,2012-11-06,R,Ed Royce,House
61,2012-11-06,D,Lucille Roybal-Allard,House
62,2012-11-06,D,Mark Takano,House
63,2012-11-06,R,Ken Calvert,House
64,2012-11-06,D,Maxine Waters,House
65,2012-11-06,D,Janice Hahn,House
66,2012-11-06,R,John Campbell,House
67,2012-11-06,D,Loretta Sanchez,House
68,2012-11-06,D,Alan Lowenthal,House
69,2012-11-06,R,Dana Rohrabacher,House
70,2012-11-06,R,Darrell Issa,House
71,2012-11-06,R,Duncan D. Hunter,House
72,2012-11-06,D,Juan Vargas,House
73,2012-11-06,D,Scott Peters,House
74,2012-11-06,D,Susan Davis,House
75,2012-11-06,D,Diana DeGette,House
76,2012-11-06,D,Jared Polis,House
77,2012-11-06,R,Scott Tipton,House
78,2012-11-06,R,Cory Gardner,House
79,2012-11-06,R,Doug Lamborn,House
80,2012-11-06,R,Mike Coffman,House
81,2012-11-06,D,Ed Perlmutter,House
82,2012-11-06,D,John Larson,House
83,2012-11-06,D,Joe Courtney,House
84,2012-11-06,D,Rosa DeLauro,House
85,2012-11-06,D,Jim Himes,House
86,2012-11-06,D,Elizabeth Esty,House
87,2012-11-06,D,John Carney,House
88,2012-11-06,R,Jeff Miller,House
89,2012-11-06,R,Steve Southerland,House
90,2012-11-06,R,Ted Yoho,House
91,2012-11-06,R,Ander Crenshaw,House
92,2012-11-06,D,Corrine Brown,House
93,2012-11-06,R,Ron DeSantis,House
94,2012-11-06,R,John Mica,House
95,2012-11-06,R,Bill Posey,House
96,2012-11-06,D,Alan Grayson,House
97,2012-11-06,R,Daniel Webster,House
98,2012-11-06,R,Rich Nugent,House
99,2012-11-06,R,Gus Bilirakis,House
100,2012-11-06,R,Bill Young,House
101,2014-03-13,R,David Jolly,House
102,2012-11-06,D,Kathy Castor,House
103,2012-11-06,R,Dennis Ross,House
104,2012-11-06,R,Vern Buchanan,House
105,2012-11-06,R,Tom Rooney,House
106,2012-11-06,D,Patrick Murphy,House
107,2012-11-06,R,Trey Radel,House
108,2014-06-25,R,Curt Clawson,House
109,2012-11-06,D,Alcee Hastings,House
110,2012-11-06,D,Ted Deutch,House
111,2012-11-06,D,Lois Frankel,House
112,2012-11-06,D,Debbie Wasserman Schultz,House
113,2012-11-06,D,Frederica Wilson,House
114,2012-11-06,R,Mario Diaz-Balart,House
115,2012-11-06,D,Joe Garcia,House
116,2012-11-06,R,Ileana Ros-Lehtinen,House
117,2012-11-06,R,Jack Kingston,House
118,2012-11-06,D,Sanford Bishop,House
119,2012-11-06,R,Lynn Westmoreland,House
120,2012-11-06,D,Hank Johnson,House
121,2012-11-06,D,John Lewis,House
122,2012-11-06,R,Tom Price,House
123,2012-11-06,R,Rob Woodall,House
124,2012-11-06,R,Austin Scott,House
125,2012-11-06,R,Doug Collins,House
126,2012-11-06,R,Paul Broun,House
127,2012-11-06,R,Phil Gingrey,House
128,2012-11-06,D,John Barrow,House
129,2012-11-06,D,David Scott,House
130,2012-11-06,R,Tom Graves,House
131,2012-11-06,D,Colleen Hanabusa,House
132,2012-11-06,D,Tulsi Gabbard,House
133,2012-11-06,R,Raul Labrador,House
134,2012-11-06,R,Mike Simpson,House
135,2012-11-06,D,Bobby Rush,House
136,2012-11-06,D,Robin Kelly,House
137,2012-11-06,D,Dan Lipinski,House
138,2012-11-06,D,Luis Gutierrez,House
139,2012-11-06,D,Mike Quigley,House
140,2012-11-06,R,Peter Roskam,House
141,2012-11-06,D,Danny K. Davis,House
142,2012-11-06,D,Tammy Duckworth,House
143,2012-11-06,D,Jan Schakowsky,House
144,2012-11-06,D,Brad Schneider,House
145,2012-11-06,D,Bill Foster,House
146,2012-11-06,D,William Enyart,House
147,2012-11-06,R,Rodney L. Davis,House
148,2012-11-06,R,Randy Hultgren,House
149,2012-11-06,R,John Shimkus,House
150,2012-11-06,R,Adam Kinzinger,House
151,2012-11-06,D,Cheri Bustos,House
152,2012-11-06,R,Aaron Schock,House
153,2012-11-06,D,Pete Visclosky,House
154,2012-11-06,R,Jackie Walorski,House
155,2012-11-06,R,Marlin Stutzman,House
156,2012-11-06,R,Todd Rokita,House
157,2012-11-06,R,Susan Brooks,House
158,2012-11-06,R,Luke Messer,House
159,2012-11-06,D,Andre Carson,House
160,2012-11-06,R,Larry Bucshon,House
161,2012-11-06,R,Todd Young,House
162,2012-11-06,D,Bruce Braley,House
163,2012-11-06,D,David Loebsack,House
164,2012-11-06,R,Tom Latham,House
165,2012-11-06,R,Steve King,House
166,2012-11-06,R,Tim Huelskamp,House
167,2012-11-06,R,Lynn Jenkins,House
168,2012-11-06,R,Kevin Yoder,House
169,2012-11-06,R,Mike Pompeo,House
170,2012-11-06,R,Ed Whitfield,House
171,2012-11-06,R,Brett Guthrie,House
172,2012-11-06,D,John Yarmuth,House
173,2012-11-06,R,Thomas Massie,House
174,2012-11-06,R,Hal Rogers,House
175,2012-11-06,R,Andy Barr,House
176,2012-11-06,R,Steve Scalise,House
177,2012-11-06,D,Cedric Richmond,House
178,2012-11-06,R,Charles Boustany,House
179,2012-11-06,R,John Fleming,House
180,2012-11-06,R,Rodney Alexander,House
181,2013-11-21,R,Vance McAllister,House
182,2012-11-06,R,Bill Cassidy,House
183,2012-11-06,D,Chellie Pingree,House
184,2012-11-06,D,Mike Michaud,House
185,2012-11-06,R,Andrew Harris,House
186,2012-11-06,D,Dutch Ruppersberger,House
187,2012-11-06,D,John Sarbanes,House
188,2012-11-06,D,Donna Edwards,House
189,2012-11-06,D,Steny Hoyer,House
190,2012-11-06,D,John Delaney,House
191,2012-11-06,D,Elijah Cummings,House
192,2012-11-06,D,Chris Van Hollen,House
193,2012-11-06,D,Richard Neal,House
194,2012-11-06,D,Jim McGovern,House
195,2012-11-06,D,Niki Tsongas,House
196,2012-11-06,D,Joseph P. Kennedy III,House
197,2012-11-06,D,Ed Markey,House
198,2013-12-12,D,Katherine Clark,House
199,2012-11-06,D,John Tierney,House
200,2012-11-06,D,Mike Capuano,House
201,2012-11-06,D,Stephen Lynch,House
202,2012-11-06,D,Bill Keating,House
203,2012-11-06,R,Dan Benishek,House
204,2012-11-06,R,Bill Huizenga,House
205,2012-11-06,R,Justin Amash,House
206,2012-11-06,R,Dave Camp,House
207,2012-11-06,D,Dan Kildee,House
208,2012-11-06,R,Fred Upton,House
209,2012-11-06,R,Tim Walberg,House
210,2012-11-06,R,Mike Rogers,House
211,2012-11-06,D,Sander Levin,House
212,2012-11-06,R,Candice Miller,House
213,2012-11-06,R,Kerry Bentivolio,House
214,2012-11-06,D,John Dingell,House
215,2012-11-06,D,John Conyers,House
216,2012-11-06,D,Gary Peters,House
217,2012-11-06,D,Tim Walz,House
218,2012-11-06,R,John Kline,House
219,2012-11-06,R,Erik Paulsen,House
220,2012-11-06,D,Betty McCollum,House
221,2012-11-06,D,Keith Ellison,House
222,2012-11-06,R,Michele Bachmann,House
223,2012-11-06,D,Collin Peterson,House
224,2012-11-06,D,Rick Nolan,House
225,2012-11-06,R,Alan Nunnelee,House
226,2012-11-06,D,Bennie Thompson,House
227,2012-11-06,R,Gregg Harper,House
228,2012-11-06,R,Steven Palazzo,House
229,2012-11-06,D,Lacy Clay,House
230,2012-11-06,R,Ann Wagner,House
231,2012-11-06,R,Blaine Luetkemeyer,House
232,2012-11-06,R,Vicky Hartzler,House
233,2012-11-06,D,Emanuel Cleaver,House
234,2012-11-06,R,Sam Graves,House
235,2012-11-06,R,Billy Long,House
236,2012-11-06,R,Jo Ann Emerson,House
237,2013-06-04,R,Jason T. Smith,House
238,2012-11-06,R,Steve Daines,House
239,2012-11-06,R,Jeff Fortenberry,House
240,2012-11-06,R,Lee Terry,House
241,2012-11-06,R,Adrian M. Smith,House
242,2012-11-06,D,Dina Titus,House
243,2012-11-06,R,Mark Amodei,House
244,2012-11-06,R,Joe Heck,House
245,2012-11-06,D,Steven Horsford,House
246,2012-11-06,D,Carol Shea-Porter,House
247,2012-11-06,D,Ann McLane Kuster,House
248,2012-11-06,D,Rob Andrews,House
249,2014-11-12,D,Donald Norcross,House
250,2012-11-06,R,Frank LoBiondo,House
251,2012-11-06,R,Jon Runyan,House
252,2012-11-06,R,Chris Smith,House
253,2012-11-06,R,Scott Garrett,House
254,2012-11-06,D,Frank Pallone,House
255,2012-11-06,R,Leonard Lance,House
256,2012-11-06,D,Albio Sires,House
257,2012-11-06,D,Bill Pascrell,House
258,2012-11-06,D,Donald Payne Jr.,House
259,2012-11-06,R,Rodney Frelinghuysen,House
260,2012-11-06,D,Rush Holt Jr.,House
261,2012-11-06,D,Michelle Lujan Grisham,House
262,2012-11-06,R,Steve Pearce,House
263,2012-11-06,D,Ben Ray Lujan,House
264,2012-11-06,D,Timothy Bishop,House
265,2012-11-06,R,Peter King,House
266,2012-11-06,D,Steve Israel,House
267,2012-11-06,D,Carolyn McCarthy,House
268,2012-11-06,D,Gregory Meeks,House
269,2012-11-06,D,Grace Meng,House
270,2012-11-06,D,Nydia Velazquez,House
271,2012-11-06,D,Hakeem Jeffries,House
272,2012-11-06,D,Yvette Clarke,House
273,2012-11-06,D,Jerrold Nadler,House
274,2012-11-06,R,Michael Grimm,House
275,2012-11-06,D,Carolyn Maloney,House
276,2012-11-06,D,Charles Rangel,House
277,2012-11-06,D,Joe Crowley,House
278,2012-11-06,D,Jose E. Serrano,House
279,2012-11-06,D,Eliot Engel,House
280,2012-11-06,D,Nita Lowey,House
281,2012-11-06,D,Sean Patrick Maloney,House
282,2012-11-06,R,Chris Gibson,House
283,2012-11-06,D,Paul Tonko,House
284,2012-11-06,D,Bill Owens,House
285,2012-11-06,R,Richard Hanna,House
286,2012-11-06,R,Thomas Reed,House
287,2012-11-06,D,Daniel Maffei,House
288,2012-11-06,D,Louise Slaughter,House
289,2012-11-06,D,Brian Higgins,House
290,2012-11-06,R,Chris Collins,House
291,2012-11-06,D,G. K. Butterfield,House
292,2012-11-06,R,Renee Ellmers,House
293,2012-11-06,R,Walter Jones Jr.,House
294,2012-11-06,D,David Price,House
295,2012-11-06,R,Virginia Foxx,House
296,2012-11-06,R,Howard Coble,House
297,2012-11-06,D,Mike McIntyre,House
298,2012-11-06,R,Richard Hudson,House
299,2012-11-06,R,Robert Pittenger,House
300,2012-11-06,R,Patrick McHenry,House
301,2012-11-06,R,Mark Meadows,House
302,2012-11-06,D,Mel Watt,House
303,2014-11-12,D,Alma Adams,House
304,2012-11-06,R,George Holding,House
305,2012-11-06,R,Kevin Cramer,House
306,2012-11-06,R,Steve Chabot,House
307,2012-11-06,R,Brad Wenstrup,House
308,2012-11-06,D,Joyce Beatty,House
309,2012-11-06,R,Jim Jordan,House
310,2012-11-06,R,Bob Latta,House
311,2012-11-06,R,Bill Johnson,House
312,2012-11-06,R,Bob Gibbs,House
313,2012-11-06,R,John Boehner,House
314,2012-11-06,D,Marcy Kaptur,House
315,2012-11-06,R,Mike Turner,House
316,2012-11-06,D,Marcia Fudge,House
317,2012-11-06,R,Pat Tiberi,House
318,2012-11-06,D,Tim Ryan,House
319,2012-11-06,R,David Joyce,House
320,2012-11-06,R,Steve Stivers,House
321,2012-11-06,R,Jim Renacci,House
322,2012-11-06,R,Jim Bridenstine,House
323,2012-11-06,R,Markwayne Mullin,House
324,2012-11-06,R,Frank Lucas,House
325,2012-11-06,R,Tom Cole,House
326,2012-11-06,R,James Lankford,House
327,2012-11-06,D,Suzanne Bonamici,House
328,2012-11-06,R,Greg Walden,House
329,2012-11-06,D,Earl Blumenauer,House
330,2012-11-06,D,Peter DeFazio,House
331,2012-11-06,D,Kurt Schrader,House
332,2012-11-06,D,Bob Brady,House
333,2012-11-06,D,Chaka Fattah,House
334,2012-11-06,R,Mike Kelly,House
335,2012-11-06,R,Scott Perry,House
336,2012-11-06,R,Glenn Thompson,House
337,2012-11-06,R,Jim Gerlach,House
338,2012-11-06,R,Pat Meehan,House
339,2012-11-06,R,Mike Fitzpatrick,House
340,2012-11-06,R,Bill Shuster,House
341,2012-11-06,R,Tom Marino,House
342,2012-11-06,R,Lou Barletta,House
343,2012-11-06,R,Keith Rothfus,House
344,2012-11-06,D,Allyson Schwartz,House
345,2012-11-06,D,Michael F. Doyle,House
346,2012-11-06,R,Charles Dent,House
347,2012-11-06,R,Joseph R. Pitts,House
348,2012-11-06,D,Matt Cartwright,House
349,2012-11-06,R,Timothy F. Murphy,House
350,2012-11-06,D,David Cicilline,House
351,2012-11-06,D,James Langevin,House
352,2012-11-06,R,Mark Sanford,House
353,2012-11-06,R,Joe Wilson,House
354,2012-11-06,R,Jeff Duncan,House
355,2012-11-06,R,Trey Gowdy,House
356,2012-11-06,R,Mick Mulvaney,House
357,2012-11-06,D,Jim Clyburn,House
358,2012-11-06,R,Tom Rice,House
359,2012-11-06,R,Kristi Noem,House
360,2012-11-06,R,Phil Roe,House
361,2012-11-06,R,Jimmy Duncan,House
362,2012-11-06,R,Chuck Fleischmann,House
363,2012-11-06,R,Scott DesJarlais,House
364,2012-11-06,D,Jim Cooper,House
365,2012-11-06,R,Diane Black,House
366,2012-11-06,R,Marsha Blackburn,House
367,2012-11-06,R,Stephen Fincher,House
368,2012-11-06,D,Steve Cohen,House
369,2012-11-06,R,Louie Gohmert,House
370,2012-11-06,R,Ted Poe,House
371,2012-11-06,R,Sam Johnson,House
372,2012-11-06,R,Ralph Hall,House
373,2012-11-06,R,Jeb Hensarling,House
374,2012-11-06,R,Joe Barton,House
375,2012-11-06,R,John Culberson,House
376,2012-11-06,R,Kevin Brady,House
377,2012-11-06,D,Al Green,House
378,2012-11-06,R,Michael McCaul,House
379,2012-11-06,R,Mike Conaway,House
380,2012-11-06,R,Kay Granger,House
381,2012-11-06,R,Mac Thornberry,House
382,2012-11-06,R,Randy Weber,House
383,2012-11-06,D,Ruben Hinojosa,House
384,2012-11-06,D,Beto O'Rourke,House
385,2012-11-06,R,Bill Flores,House
386,2012-11-06,D,Sheila Jackson Lee,House
387,2012-11-06,R,Randy Neugebauer,House
388,2012-11-06,D,Joaquin Castro,House
389,2012-11-06,R,Lamar S. Smith,House
390,2012-11-06,R,Pete Olson,House
391,2012-11-06,D,Pete Gallego,House
392,2012-11-06,R,Kenny Marchant,House
393,2012-11-06,R,Roger Williams,House
394,2012-11-06,R,Michael C. Burgess,House
395,2012-11-06,R,Blake Farenthold,House
396,2012-11-06,D,Henry Cuellar,House
397,2012-11-06,D,Gene Green,House
398,2012-11-06,D,Eddie Bernice Johnson,House
399,2012-11-06,R,John Carter,House
400,2012-11-06,R,Pete Sessions,House
401,2012-11-06,D,Marc Veasey,House
402,2012-11-06,D,Filemon Vela Jr.,House
403,2012-11-06,D,Lloyd Doggett,House
404,2012-11-06,R,Steve Stockman,House
405,2012-11-06,R,Rob Bishop,House
406,2012-11-06,R,Chris Stewart,House
407,2012-11-06,R,Jason Chaffetz,House
408,2012-11-06,D,Jim Matheson,House
409,2012-11-06,D,Peter Welch,House
410,2012-11-06,R,Rob Wittman,House
411,2012-11-06,R,Scott Rigell,House
412,2012-11-06,D,Bobby Scott,House
413,2012-11-06,R,Randy Forbes,House
414,2012-11-06,R,Robert Hurt,House
415,2012-11-06,R,Bob Goodlatte,House
416,2012-11-06,R,Eric Cantor,House
417,2014-11-12,R,Dave Brat,House
418,2012-11-06,D,Jim Moran,House
419,2012-11-06,R,Morgan Griffith,House
420,2012-11-06,R,Frank Wolf,House
421,2012-11-06,D,Gerry Connolly,House
422,2012-11-06,D,Suzan DelBene,House
423,2012-11-06,D,Rick Larsen,House
424,2012-11-06,R,Jaime Herrera Beutler,House
425,2012-11-06,R,Doc Hastings,House
426,2012-11-06,R,Cathy McMorris Rodgers,House
427,2012-11-06,D,Derek Kilmer,House
428,2012-11-06,D,Jim McDermott,House
429,2012-11-06,R,Dave Reichert,House
430,2012-11-06,D,Adam Smith,House
431,2012-11-06,D,Dennis Heck,House
432,2012-11-06,R,David McKinley,House
433,2012-11-06,R,Shelley Moore Capito,House
434,2012-11-06,D,Nick Rahall,House
435,2012-11-06,R,Paul Ryan,House
436,2012-11-06,D,Mark Pocan,House
437,2012-11-06,D,Ron Kind,House
438,2012-11-06,D,Gwen Moore,House
439,2012-11-06,R,Jim Sensenbrenner,House
440,2012-11-06,R,Tom Petri,House
441,2012-11-06,R,Sean Duffy,House
442,2012-11-06,R,Reid Ribble,House
443,2012-11-06,R,Cynthia Lummis,House
0,2014-11-04,R,Jeff Sessions,Senate
1,2014-11-04,R,Dan Sullivan,Senate
2,2014-11-04,R,Tom Cotton,Senate
3,2014-11-04,R,Cory Gardner,Senate
4,2014-11-04,D,Chris Coons,Senate
5,2014-11-04,R,David Perdue,Senate
6,2014-11-04,R,Jim Risch,Senate
7,2014-11-04,D,Dick Durbin,Senate
8,2014-11-04,R,Joni Ernst,Senate
9,2014-11-04,R,Pat Roberts,Senate
10,2014-11-04,R,Mitch McConnell,Senate
11,2014-11-04,R,Bill Cassidy,Senate
12,2014-11-04,R,Susan Collins,Senate
13,2014-11-04,D,Ed Markey,Senate
14,2014-11-04,D,Gary Peters,Senate
15,2014-11-04,D,Al Franken,Senate
16,2014-11-04,R,Thad Cochran,Senate
17,2014-11-04,R,Steve Daines,Senate
18,2014-11-04,R,Ben Sasse,Senate
19,2014-11-04,D,Jeanne Shaheen,Senate
20,2014-11-04,D,Cory Booker,Senate
21,2014-11-04,D,Tom Udall,Senate
22,2014-11-04,R,Thom Tillis,Senate
23,2014-11-04,R,Jim Inhofe,Senate
24,2014-11-04,D,Jeff Merkley,Senate
25,2014-11-04,D,Jack Reed,Senate
26,2014-11-04,R,Lindsey Graham,Senate
27,2014-11-04,R,Mike Rounds,Senate
28,2014-11-04,R,Lamar Alexander,Senate
29,2014-11-04,R,John Cornyn,Senate
30,2014-11-04,D,Mark Warner,Senate
31,2014-11-04,R,Shelley Moore Capito,Senate
32,2014-11-04,R,Mike Enzi,Senate
0,2014-11-04,R,Bradley Byrne,House
1,2014-11-04,R,Martha Roby,House
2,2014-11-04,R,Mike Rogers,House
3,2014-11-04,R,Robert Aderholt,House
4,2014-11-04,R,Mo Brooks,House
5,2014-11-04,R,Gary Palmer,House
6,2014-11-04,D,Terri Sewell,House
7,2014-11-04,R,Don Young,House
8,2014-11-04,D,Ann Kirkpatrick,House
9,2014-11-04,R,Martha McSally,House
10,2014-11-04,D,Raul Grijalva,House
11,2014-11-04,R,Paul Gosar,House
12,2014-11-04,R,Matt Salmon,House
13,2014-11-04,R,David Schweikert,House
14,2014-11-04,D,Ruben Gallego,House
15,2014-11-04,R,Trent Franks,House
16,2014-11-04,D,Kyrsten Sinema,House
17,2014-11-04,R,Rick Crawford,House
18,2014-11-04,R,French Hill,House
19,2014-11-04,R,Steve Womack,House
20,2014-11-04,R,Bruce Westerman,House
21,2014-11-04,R,Doug LaMalfa,House
22,2014-11-04,D,Jared Huffman,House
23,2014-11-04,D,John Garamendi,House
24,2014-11-04,R,Tom McClintock,House
25,2014-11-04,D,Mike Thompson,House
26,2014-11-04,D,Doris Matsui,House
27,2014-11-04,D,Ami Bera,House
28,2014-11-04,R,Paul Cook,House
29,2014-11-04,D,Jerry McNerney,House
30,2014-11-04,R,Jeff Denham,House
31,2014-11-04,D,Mark DeSaulnier,House
32,2014-11-04,D,Nancy Pelosi,House
33,2014-11-04,D,Barbara Lee,House
34,2014-11-04,D,Jackie Speier,House
35,2014-11-04,D,Eric Swalwell,House
36,2014-11-04,D,Jim Costa,House
37,2014-11-04,D,Mike Honda,House
38,2014-11-04,D,Anna Eshoo,House
39,2014-11-04,D,Zoe Lofgren,House
40,2014-11-04,D,Sam Farr,House
41,2014-11-04,R,David Valadao,House
42,2014-11-04,R,Devin Nunes,House
43,2014-11-04,R,Kevin McCarthy,House
44,2014-11-04,D,Lois Capps,House
45,2014-11-04,R,Steve Knight,House
46,2014-11-04,D,Julia Brownley,House
47,2014-11-04,D,Judy Chu,House
48,2014-11-04,D,Adam Schiff,House
49,2014-11-04,D,Tony Cardenas,House
50,2014-11-04,D,Brad Sherman,House
51,2014-11-04,D,Pete Aguilar,House
52,2014-11-04,D,Grace Napolitano,House
53,2014-11-04,D,Ted Lieu,House
54,2014-11-04,D,Xavier Becerra,House
55,2014-11-04,D,Norma Torres,House
56,2014-11-04,D,Raul Ruiz,House
57,2014-11-04,D,Karen Bass,House
58,2014-11-04,D,Linda Sanchez,House
59,2014-11-04,R,Ed Royce,House
60,2014-11-04,D,Lucille Roybal-Allard,House
61,2014-11-04,D,Mark Takano,House
62,2014-11-04,R,Ken Calvert,House
63,2014-11-04,D,Maxine Waters,House
64,2014-11-04,D,Janice Hahn,House
65,2014-11-04,R,Mimi Walters,House
66,2014-11-04,D,Loretta Sanchez,House
67,2014-11-04,D,Alan Lowenthal,House
68,2014-11-04,R,Dana Rohrabacher,House
69,2014-11-04,R,Darrell Issa,House
70,2014-11-04,R,Duncan D. Hunter,House
71,2014-11-04,D,Juan Vargas,House
72,2014-11-04,D,Scott Peters,House
73,2014-11-04,D,Susan Davis,House
74,2014-11-04,D,Diana DeGette,House
75,2014-11-04,D,Jared Polis,House
76,2014-11-04,R,Scott Tipton,House
77,2014-11-04,R,Ken Buck,House
78,2014-11-04,R,Doug Lamborn,House
79,2014-11-04,R,Mike Coffman,House
80,2014-11-04,D,Ed Perlmutter,House
81,2014-11-04,D,John Larson,House
82,2014-11-04,D,Joe Courtney,House
83,2014-11-04,D,Rosa DeLauro,House
84,2014-11-04,D,Jim Himes,House
85,2014-11-04,D,Elizabeth Esty,House
86,2014-11-04,D,John Carney,House
87,2014-11-04,R,Jeff Miller,House
88,2014-11-04,D,Gwen Graham,House
89,2014-11-04,R,Ted Yoho,House
90,2014-11-04,R,Ander Crenshaw,House
91,2014-11-04,D,Corrine Brown,House
92,2014-11-04,R,Ron DeSantis,House
93,2014-11-04,R,John Mica,House
94,2014-11-04,R,Bill Posey,House
95,2014-11-04,D,Alan Grayson,House
96,2014-11-04,R,Daniel Webster,House
97,2014-11-04,R,Rich Nugent,House
98,2014-11-04,R,Gus Bilirakis,House
99,2014-11-04,R,David Jolly,House
100,2014-11-04,D,Kathy Castor,House
101,2014-11-04,R,Dennis Ross,House
102,2014-11-04,R,Vern Buchanan,House
103,2014-11-04,R,Tom Rooney,House
104,2014-11-04,D,Patrick Murphy,House
105,2014-11-04,R,Curt Clawson,House
106,2014-11-04,D,Alcee Hastings,House
107,2014-11-04,D,Ted Deutch,House
108,2014-11-04,D,Lois Frankel,House
109,2014-11-04,D,Debbie Wasserman Schultz,House
110,2014-11-04,D,Frederica Wilson,House
111,2014-11-04,R,Mario Diaz-Balart,House
112,2014-11-04,R,Carlos Curbelo,House
113,2014-11-04,R,Ileana Ros-Lehtinen,House
114,2014-11-04,R,Buddy Carter,House
115,2014-11-04,D,Sanford Bishop,House
116,2014-11-04,R,Drew Ferguson,House
117,2014-11-04,D,Hank Johnson,House
118,2014-11-04,D,John Lewis,House
119,2014-11-04,R,Tom Price,House
120,2014-11-04,R,Rob Woodall,House
121,2014-11-04,R,Austin Scott,House
122,2014-11-04,R,Doug Collins,House
123,2014-11-04,R,Jody Hice,House
124,2014-11-04,R,Barry Loudermilk,House
125,2014-11-04,R,Rick Allen,House
126,2014-11-04,D,David Scott,House
127,2014-11-04,R,Tom Graves,House
128,2014-11-04,D,Mark Takai,House
129,2016-11-08,D,Colleen Hanabusa,House
130,2014-11-04,D,Tulsi Gabbard,House
131,2014-11-04,R,Raul Labrador,House
132,2014-11-04,R,Mike Simpson,House
133,2014-11-04,D,Bobby Rush,House
134,2014-11-04,D,Robin Kelly,House
135,2014-11-04,D,Dan Lipinski,House
136,2014-11-04,D,Luis Gutierrez,House
137,2014-11-04,D,Mike Quigley,House
138,2014-11-04,R,Peter Roskam,House
139,2014-11-04,D,Danny Davis,House
140,2014-11-04,D,Tammy Duckworth,House
141,2014-11-04,D,Jan Schakowsky,House
142,2014-11-04,R,Bob Dold,House
143,2014-11-04,D,Bill Foster,House
144,2014-11-04,R,Mike Bost,House
145,2014-11-04,R,Rodney Davis,House
146,2014-11-04,R,Randy Hultgren,House
147,2014-11-04,R,John Shimkus,House
148,2014-11-04,R,Adam Kinzinger,House
149,2014-11-04,D,Cheri Bustos,House
150,2014-11-04,R,Aaron Schock,House
151,2015-09-10,R,Darin LaHood,House
152,2014-11-04,D,Pete Visclosky,House
153,2014-11-04,R,Jackie Walorski,House
154,2014-11-04,R,Marlin Stutzman,House
155,2014-11-04,R,Todd Rokita,House
156,2014-11-04,R,Susan Brooks,House
157,2014-11-04,R,Luke Messer,House
158,2014-11-04,D,Andre Carson,House
159,2014-11-04,R,Larry Bucshon,House
160,2014-11-04,R,Todd Young,House
161,2014-11-04,R,Rod Blum,House
162,2014-11-04,D,David Loebsack,House
163,2014-11-04,R,David Young,House
164,2014-11-04,R,Steve King,House
165,2014-11-04,R,Tim Huelskamp,House
166,2014-11-04,R,Lynn Jenkins,House
167,2014-11-04,R,Kevin Yoder,House
168,2014-11-04,R,Mike Pompeo,House
169,2014-11-04,R,Ed Whitfield,House
170,2016-11-08,R,James Comer,House
171,2014-11-04,R,Brett Guthrie,House
172,2014-11-04,D,John Yarmuth,House
173,2014-11-04,R,Thomas Massie,House
174,2014-11-04,R,Hal Rogers,House
175,2014-11-04,R,Andy Barr,House
176,2014-11-04,R,Steve Scalise,House
177,2014-11-04,D,Cedric Richmond,House
178,2014-11-04,R,Charles Boustany,House
179,2014-11-04,R,John Fleming,House
180,2014-11-04,R,Ralph Abraham,House
181,2014-11-04,R,Garret Graves,House
182,2014-11-04,D,Chellie Pingree,House
183,2014-11-04,R,Bruce Poliquin,House
184,2014-11-04,R,Andy Harris,House
185,2014-11-04,D,Dutch Ruppersberger,House
186,2014-11-04,D,John Sarbanes,House
187,2014-11-04,D,Donna Edwards,House
188,2014-11-04,D,Steny Hoyer,House
189,2014-11-04,D,John Delaney,House
190,2014-11-04,D,Elijah Cummings,House
191,2014-11-04,D,Chris Van Hollen,House
192,2014-11-04,D,Richard Neal,House
193,2014-11-04,D,Jim McGovern,House
194,2014-11-04,D,Niki Tsongas,House
195,2014-11-04,D,Joe Kennedy,House
196,2014-11-04,D,Katherine Clark,House
197,2014-11-04,D,Seth Moulton,House
198,2014-11-04,D,Mike Capuano,House
199,2014-11-04,D,Stephen Lynch,House
200,2014-11-04,D,Bill Keating,House
201,2014-11-04,R,Dan Benishek,House
202,2014-11-04,R,Bill Huizenga,House
203,2014-11-04,R,Justin Amash,House
204,2014-11-04,R,John Moolenaar,House
205,2014-11-04,D,Dan Kildee,House
206,2014-11-04,R,Fred Upton,House
207,2014-11-04,R,Tim Walberg,House
208,2014-11-04,R,Mike Bishop,House
209,2014-11-04,D,Sander Levin,House
210,2014-11-04,R,Candice Miller,House
211,2014-11-04,R,Dave Trott,House
212,2014-11-04,D,Debbie Dingell,House
213,2014-11-04,D,John Conyers,House
214,2014-11-04,D,Brenda Lawrence,House
215,2014-11-04,D,Tim Walz,House
216,2014-11-04,R,John Kline,House
217,2014-11-04,R,Erik Paulsen,House
218,2014-11-04,D,Betty McCollum,House
219,2014-11-04,D,Keith Ellison,House
220,2014-11-04,R,Tom Emmer,House
221,2014-11-04,D,Collin Peterson,House
222,2014-11-04,D,Rick Nolan,House
223,2014-11-04,R,Alan Nunnelee,House
224,2015-06-02,R,Trent Kelly,House
225,2014-11-04,D,Bennie Thompson,House
226,2014-11-04,R,Gregg Harper,House
227,2014-11-04,R,Steven Palazzo,House
228,2014-11-04,D,Lacy Clay,House
229,2014-11-04,R,Ann Wagner,House
230,2014-11-04,R,Blaine Luetkemeyer,House
231,2014-11-04,R,Vicky Hartzler,House
232,2014-11-04,D,Emanuel Cleaver,House
233,2014-11-04,R,Sam Graves,House
234,2014-11-04,R,Billy Long,House
235,2014-11-04,R,Jason Smith,House
236,2014-11-04,R,Ryan Zinke,House
237,2014-11-04,R,Jeff Fortenberry,House
238,2014-11-04,D,Brad Ashford,House
239,2014-11-04,R,Adrian Smith,House
240,2014-11-04,D,Dina Titus,House
241,2014-11-04,R,Mark Amodei,House
242,2014-11-04,R,Joe Heck,House
243,2014-11-04,R,Cresent Hardy,House
244,2014-11-04,R,Frank Guinta,House
245,2014-11-04,D,Ann McLane Kuster,House
246,2014-11-04,D,Donald Norcross,House
247,2014-11-04,R,Frank LoBiondo,House
248,2014-11-04,R,Tom MacArthur,House
249,2014-11-04,R,Chris Smith,House
250,2014-11-04,D,Josh Gottheimer,House
251,2014-11-04,D,Frank Pallone,House
252,2014-11-04,R,Leonard Lance,House
253,2014-11-04,D,Albio Sires,House
254,2014-11-04,D,Bill Pascrell,House
255,2014-11-04,D,Donald Payne Jr.,House
256,2014-11-04,R,Rodney Frelinghuysen,House
257,2014-11-04,D,Bonnie Watson Coleman,House
258,2014-11-04,D,Michelle Lujan Grisham,House
259,2014-11-04,R,Steve Pearce,House
260,2014-11-04,D,Ben Ray Lujan,House
261,2014-11-04,R,Lee Zeldin,House
262,2014-11-04,R,Peter King,House
263,2014-11-04,D,Steve Israel,House
264,2014-11-04,D,Kathleen Rice,House
265,2014-11-04,D,Gregory Meeks,House
266,2014-11-04,D,Grace Meng,House
267,2014-11-04,D,Nydia Velazquez,House
268,2014-11-04,D,Hakeem Jeffries,House
269,2014-11-04,D,Yvette Clarke,House
270,2014-11-04,D,Jerrold Nadler,House
271,2014-11-04,R,Michael Grimm,House
272,2015-05-05,R,Dan Donovan,House
273,2014-11-04,D,Carolyn Maloney,House
274,2014-11-04,D,Charles Rangel,House
275,2014-11-04,D,Joseph Crowley,House
276,2014-11-04,D,Jose E. Serrano,House
277,2014-11-04,D,Eliot Engel,House
278,2014-11-04,D,Nita Lowey,House
279,2014-11-04,D,Sean Patrick Maloney,House
280,2014-11-04,R,Chris Gibson,House
281,2014-11-04,D,Paul Tonko,House
282,2014-11-04,R,Elise Stefanik,House
283,2014-11-04,R,Richard Hanna,House
284,2014-11-04,R,Thomas Reed,House
285,2014-11-04,R,John Katko,House
286,2014-11-04,D,Louise Slaughter,House
287,2014-11-04,D,Brian Higgins,House
288,2014-11-04,R,Chris Collins,House
289,2014-11-04,D,G. K. Butterfield,House
290,2014-11-04,R,Renee Ellmers,House
291,2014-11-04,R,Walter B. Jones Jr.,House
292,2014-11-04,D,David Price,House
293,2014-11-04,R,Virginia Foxx,House
294,2014-11-04,R,Mark Walker,House
295,2014-11-04,R,David Rouzer,House
296,2014-11-04,R,Richard Hudson,House
297,2014-11-04,R,Robert Pittenger,House
298,2014-11-04,R,Patrick McHenry,House
299,2014-11-04,R,Mark Meadows,House
300,2014-11-04,D,Alma Adams,House
301,2014-11-04,R,George Holding,House
302,2014-11-04,R,Kevin Cramer,House
303,2014-11-04,R,Steve Chabot,House
304,2014-11-04,R,Brad Wenstrup,House
305,2014-11-04,D,Joyce Beatty,House
306,2014-11-04,R,Jim Jordan,House
307,2014-11-04,R,Bob Latta,House
308,2014-11-04,R,Bill Johnson,House
309,2014-11-04,R,Bob Gibbs,House
310,2014-11-04,R,John Boehner,House
311,2016-06-07,R,Warren Davidson,House
312,2014-11-04,D,Marcy Kaptur,House
313,2014-11-04,R,Mike Turner,House
314,2014-11-04,D,Marcia Fudge,House
315,2014-11-04,R,Pat Tiberi,House
316,2014-11-04,D,Tim Ryan,House
317,2014-11-04,R,David Joyce,House
318,2014-11-04,R,Steve Stivers,House
319,2014-11-04,R,Jim Renacci,House
320,2014-11-04,R,Jim Bridenstine,House
321,2014-11-04,R,Markwayne Mullin,House
322,2014-11-04,R,Frank Lucas,House
323,2014-11-04,R,Tom Cole,House
324,2014-11-04,R,Steve Russell,House
325,2014-11-04,D,Suzanne Bonamici,House
326,2014-11-04,R,Greg Walden,House
327,2014-11-04,D,Earl Blumenauer,House
328,2014-11-04,D,Peter DeFazio,House
329,2014-11-04,D,Kurt Schrader,House
330,2014-11-04,D,Bob Brady,House
331,2014-11-04,D,Chaka Fattah,House
332,2016-11-08,D,Dwight Evans,House
333,2014-11-04,R,Mike Kelly,House
334,2014-11-04,R,Scott Perry,House
335,2014-11-04,R,Glenn Thompson,House
336,2014-11-04,R,Ryan Costello,House
337,2014-11-04,R,Pat Meehan,House
338,2014-11-04,R,Mike Fitzpatrick,House
339,2014-11-04,R,Bill Shuster,House
340,2014-11-04,R,Tom Marino,House
341,2014-11-04,R,Lou Barletta,House
342,2014-11-04,R,Keith Rothfus,House
343,2014-11-04,D,Brendan Boyle,House
344,2014-11-04,D,Michael Doyle,House
345,2014-11-04,R,Charles Dent,House
346,2014-11-04,R,Joe Pitts,House
347,2014-11-04,D,Matt Cartwright,House
348,2014-11-04,R,Tim Murphy,House
349,2014-11-04,D,David Cicilline,House
350,2014-11-04,D,James Langevin,House
351,2014-11-04,R,Mark Sanford,House
352,2014-11-04,R,Joe Wilson,House
353,2014-11-04,R,Jeff Duncan,House
354,2014-11-04,R,Trey Gowdy,House
355,2014-11-04,R,Mick Mulvaney,House
356,2014-11-04,D,Jim Clyburn,House
357,2014-11-04,R,Tom Rice,House
358,2014-11-04,R,Kristi Noem,House
359,2014-11-04,R,Phil Roe,House
360,2014-11-04,R,Jimmy Duncan,House
361,2014-11-04,R,Chuck Fleischmann,House
362,2014-11-04,R,Scott DesJarlais,House
363,2014-11-04,D,Jim Cooper,House
364,2014-11-04,R,Diane Black,House
365,2014-11-04,R,Marsha Blackburn,House
366,2014-11-04,R,Stephen Fincher,House
367,2014-11-04,D,Steve Cohen,House
368,2014-11-04,R,Louie Gohmert,House
369,2014-11-04,R,Ted Poe,House
370,2014-11-04,R,Sam Johnson,House
371,2014-11-04,R,John Ratcliffe,House
372,2014-11-04,R,Jeb Hensarling,House
373,2014-11-04,R,Joe Barton,House
374,2014-11-04,R,John Culberson,House
375,2014-11-04,R,Kevin Brady,House
376,2014-11-04,D,Al Green,House
377,2014-11-04,R,Michael McCaul,House
378,2014-11-04,R,Mike Conaway,House
379,2014-11-04,R,Kay Granger,House
380,2014-11-04,R,Mac Thornberry,House
381,2014-11-04,R,Randy Weber,House
382,2014-11-04,D,Ruben Hinojosa,House
383,2014-11-04,D,Beto O'Rourke,House
384,2014-11-04,R,Bill Flores,House
385,2014-11-04,D,Sheila Jackson Lee,House
386,2014-11-04,R,Randy Neugebauer,House
387,2014-11-04,D,Joaquin Castro,House
388,2014-11-04,R,Lamar Smith,House
389,2014-11-04,R,Pete Olson,House
390,2014-11-04,R,Will Hurd,House
391,2014-11-04,R,Kenny Marchant,House
392,2014-11-04,R,Roger Williams,House
393,2014-11-04,R,Michael Burgess,House
394,2014-11-04,R,Blake Farenthold,House
395,2014-11-04,D,Henry Cuellar,House
396,2014-11-04,D,Gene Green,House
397,2014-11-04,D,Eddie Bernice Johnson,House
398,2014-11-04,R,John Carter,House
399,2014-11-04,R,Pete Sessions,House
400,2014-11-04,D,Marc Veasey,House
401,2014-11-04,D,Filemon Vela Jr.,House
402,2014-11-04,D,Lloyd Doggett,House
403,2014-11-04,R,Brian Babin,House
404,2014-11-04,R,Rob Bishop,House
405,2014-11-04,R,Chris Stewart,House
406,2014-11-04,R,Jason Chaffetz,House
407,2014-11-04,R,Mia Love,House
408,2014-11-04,D,Peter Welch,House
409,2014-11-04,R,Rob Wittman,House
410,2014-11-04,R,Scott Rigell,House
411,2014-11-04,D,Bobby Scott,House
412,2014-11-04,R,Randy Forbes,House
413,2014-11-04,R,Robert Hurt,House
414,2014-11-04,R,Bob Goodlatte,House
415,2014-11-04,R,Dave Brat,House
416,2014-11-04,D,Don Beyer,House
417,2014-11-04,R,Morgan Griffith,House
418,2014-11-04,R,Barbara Comstock,House
419,2014-11-04,D,Gerry Connolly,House
420,2014-11-04,D,Suzan DelBene,House
421,2014-11-04,D,Rick Larsen,House
422,2014-11-04,R,Jaime Herrera Beutler,House
423,2014-11-04,R,Dan Newhouse,House
424,2014-11-04,R,Cathy McMorris Rodgers,House
425,2014-11-04,D,Derek Kilmer,House
426,2014-11-04,D,Jim McDermott,House
427,2014-11-04,R,Dave Reichert,House
428,2014-11-04,D,Adam Smith,House
429,2014-11-04,D,Dennis Heck,House
430,2014-11-04,R,David McKinley,House
431,2014-11-04,R,Alex Mooney,House
432,2014-11-04,R,Evan Jenkins,House
433,2014-11-04,R,Paul Ryan,House
434,2014-11-04,D,Mark Pocan,House
435,2014-11-04,D,Ron Kind,House
436,2014-11-04,D,Gwen Moore,House
437,2014-11-04,R,Jim Sensenbrenner,House
438,2014-11-04,R,Glenn Grothman,House
439,2014-11-04,R,Sean Duffy,House
440,2014-11-04,R,Reid Ribble,House
441,2014-11-04,R,Cynthia Lummis,House
0,2017-02-09,R,Luther Strange,Senate
1,2018-01-03,D,Doug Jones,Senate
2,2016-11-08,R,Richard Shelby,Senate
3,2016-11-08,R,Lisa Murkowski,Senate
4,2016-11-08,R,John McCain,Senate
5,2018-09-04,R,Jon Kyl,Senate
6,2016-11-08,R,John Boozman,Senate
7,2016-11-08,D,Kamala Harris,Senate
8,2016-11-08,D,Michael Bennet,Senate
9,2016-11-08,D,Richard Blumenthal,Senate
10,2016-11-08,R,Marco Rubio,Senate
11,2016-11-08,R,Johnny Isakson,Senate
12,2016-11-08,D,Brian Schatz,Senate
13,2016-11-08,R,Mike Crapo,Senate
14,2016-11-08,D,Tammy Duckworth,Senate
15,2016-11-08,R,Todd Young,Senate
16,2016-11-08,R,Chuck Grassley,Senate
17,2016-11-08,R,Jerry Moran,Senate
18,2016-11-08,R,Rand Paul,Senate
19,2016-11-08,R,John Kennedy,Senate
20,2016-11-08,D,Chris Van Hollen,Senate
21,2018-01-03,D,Tina Smith,Senate
22,2018-04-02,R,Cindy Hyde-Smith,Senate
23,2016-11-08,R,Roy Blunt,Senate
24,2016-11-08,D,Catherine Cortez Masto,Senate
25,2016-11-08,D,Maggie Hassan,Senate
26,2016-11-08,D,Chuck Schumer,Senate
27,2016-11-08,R,Richard Burr,Senate
28,2016-11-08,R,John Hoeven,Senate
29,2016-11-08,R,Rob Portman,Senate
30,2016-11-08,R,James Lankford,Senate
31,2016-11-08,D,Ron Wyden,Senate
32,2016-11-08,R,Pat Toomey,Senate
33,2016-11-08,R,Tim Scott,Senate
34,2016-11-08,R,John Thune,Senate
35,2016-11-08,R,Mike Lee,Senate
36,2016-11-08,D,Patrick Leahy,Senate
37,2016-11-08,D,Patty Murray,Senate
38,2016-11-08,R,Ron Johnson,Senate
0,2016-11-08,R,Bradley Byrne,House
1,2016-11-08,R,Martha Roby,House
2,2016-11-08,R,Mike Rogers,House
3,2016-11-08,R,Robert Aderholt,House
4,2016-11-08,R,Mo Brooks,House
5,2016-11-08,R,Gary Palmer,House
6,2016-11-08,D,Terri Sewell,House
7,2016-11-08,R,Don Young,House
8,2016-11-08,D,Tom O'Halleran,House
9,2016-11-08,R,Martha McSally,House
10,2016-11-08,D,Raul Grijalva,House
11,2016-11-08,R,Paul Gosar,House
12,2016-11-08,R,Andy Biggs,House
13,2016-11-08,R,David Schweikert,House
14,2016-11-08,D,Ruben Gallego,House
15,2016-11-08,R,Trent Franks,House
16,2018-04-24,R,Debbie Lesko,House
17,2016-11-08,D,Kyrsten Sinema,House
18,2016-11-08,R,Rick Crawford,House
19,2016-11-08,R,French Hill,House
20,2016-11-08,R,Steve Womack,House
21,2016-11-08,R,Bruce Westerman,House
22,2016-11-08,R,Doug LaMalfa,House
23,2016-11-08,D,Jared Huffman,House
24,2016-11-08,D,John Garamendi,House
25,2016-11-08,R,Tom McClintock,House
26,2016-11-08,D,Mike Thompson,House
27,2016-11-08,D,Doris Matsui,House
28,2016-11-08,D,Ami Bera,House
29,2016-11-08,R,Paul Cook,House
30,2016-11-08,D,Jerry McNerney,House
31,2016-11-08,R,Jeff Denham,House
32,2016-11-08,D,Mark DeSaulnier,House
33,2016-11-08,D,Nancy Pelosi,House
34,2016-11-08,D,Barbara Lee,House
35,2016-11-08,D,Jackie Speier,House
36,2016-11-08,D,Eric Swalwell,House
37,2016-11-08,D,Jim Costa,House
38,2016-11-08,D,Ro Khanna,House
39,2016-11-08,D,Anna Eshoo,House
40,2016-11-08,D,Zoe Lofgren,House
41,2016-11-08,D,Jimmy Panetta,House
42,2016-11-08,R,David Valadao,House
43,2016-11-08,R,Devin Nunes,House
44,2016-11-08,R,Kevin McCarthy,House
45,2016-11-08,D,Salud Carbajal,House
46,2016-11-08,R,Steve Knight,House
47,2016-11-08,D,Julia Brownley,House
48,2016-11-08,D,Judy Chu,House
49,2016-11-08,D,Adam Schiff,House
50,2016-11-08,D,Tony Cardenas,House
51,2016-11-08,D,Brad Sherman,House
52,2016-11-08,D,Pete Aguilar,House
53,2016-11-08,D,Grace Napolitano,House
54,2016-11-08,D,Ted Lieu,House
55,2016-11-08,D,Xavier Becerra,House
56,2017-06-06,D,Jimmy Gomez,House
57,2016-11-08,D,Norma Torres,House
58,2016-11-08,D,Raul Ruiz,House
59,2016-11-08,D,Karen Bass,House
60,2016-11-08,D,Linda Sanchez,House
61,2016-11-08,R,Ed Royce,House
62,2016-11-08,D,Lucille Roybal-Allard,House
63,2016-11-08,D,Mark Takano,House
64,2016-11-08,R,Ken Calvert,House
65,2016-11-08,D,Maxine Waters,House
66,2016-11-08,D,Nanette Barragan,House
67,2016-11-08,R,Mimi Walters,House
68,2016-11-08,D,Lou Correa,House
69,2016-11-08,D,Alan Lowenthal,House
70,2016-11-08,R,Dana Rohrabacher,House
71,2016-11-08,R,Darrell Issa,House
72,2016-11-08,R,Duncan D. Hunter,House
73,2016-11-08,D,Juan Vargas,House
74,2016-11-08,D,Scott Peters,House
75,2016-11-08,D,Susan Davis,House
76,2016-11-08,D,Diana DeGette,House
77,2016-11-08,D,Jared Polis,House
78,2016-11-08,R,Scott Tipton,House
79,2016-11-08,R,Ken Buck,House
80,2016-11-08,R,Doug Lamborn,House
81,2016-11-08,R,Mike Coffman,House
82,2016-11-08,D,Ed Perlmutter,House
83,2016-11-08,D,John B. Larson,House
84,2016-11-08,D,Joe Courtney,House
85,2016-11-08,D,Rosa DeLauro,House
86,2016-11-08,D,Jim Himes,House
87,2016-11-08,D,Elizabeth Esty,House
88,2016-11-08,D,Lisa Blunt Rochester,House
89,2016-11-08,R,Matt Gaetz,House
90,2016-11-08,R,Neal Dunn,House
91,2016-11-08,R,Ted Yoho,House
92,2016-11-08,R,John Rutherford,House
93,2016-11-08,D,Al Lawson,House
94,2016-11-08,R,Ron DeSantis,House
95,2016-11-08,D,Stephanie Murphy,House
96,2016-11-08,R,Bill Posey,House
97,2016-11-08,D,Darren Soto,House
98,2016-11-08,D,Val Demings,House
99,2016-11-08,R,Daniel Webster,House
100,2016-11-08,R,Gus Bilirakis,House
101,2016-11-08,D,Charlie Crist,House
102,2016-11-08,D,Kathy Castor,House
103,2016-11-08,R,Dennis A. Ross,House
104,2016-11-08,R,Vern Buchanan,House
105,2016-11-08,R,Tom Rooney,House
106,2016-11-08,R,Brian Mast,House
107,2016-11-08,R,Francis Rooney,House
108,2016-11-08,D,Alcee Hastings,House
109,2016-11-08,D,Lois Frankel,House
110,2016-11-08,D,Ted Deutch,House
111,2016-11-08,D,Debbie Wasserman Schultz,House
112,2016-11-08,D,Frederica Wilson,House
113,2016-11-08,R,Mario Diaz-Balart,House
114,2016-11-08,R,Carlos Curbelo,House
115,2016-11-08,R,Ileana Ros-Lehtinen,House
116,2016-11-08,R,Buddy Carter,House
117,2016-11-08,D,Sanford Bishop,House
118,2016-11-08,R,Drew Ferguson,House
119,2016-11-08,D,Hank Johnson,House
120,2016-11-08,D,John Lewis,House
121,2016-11-08,R,Tom Price,House
122,2017-06-20,R,Karen Handel,House
123,2016-11-08,R,Rob Woodall,House
124,2016-11-08,R,Austin Scott,House
125,2016-11-08,R,Doug Collins,House
126,2016-11-08,R,Jody Hice,House
127,2016-11-08,R,Barry Loudermilk,House
128,2016-11-08,R,Rick W. Allen,House
129,2016-11-08,D,David Scott,House
130,2016-11-08,R,Tom Graves,House
131,2016-11-08,D,Colleen Hanabusa,House
132,2016-11-08,D,Tulsi Gabbard,House
133,2016-11-08,R,Raul Labrador,House
134,2016-11-08,R,Mike Simpson,House
135,2016-11-08,D,Bobby Rush,House
136,2016-11-08,D,Robin Kelly,House
137,2016-11-08,D,Dan Lipinski,House
138,2016-11-08,D,Luis Gutierrez,House
139,2016-11-08,D,Mike Quigley,House
140,2016-11-08,R,Peter Roskam,House
141,2016-11-08,D,Danny K. Davis,House
142,2016-11-08,D,Raja Krishnamoorthi,House
143,2016-11-08,D,Jan Schakowsky,House
144,2016-11-08,D,Brad Schneider,House
145,2016-11-08,D,Bill Foster,House
146,2016-11-08,R,Mike Bost,House
147,2016-11-08,R,Rodney Davis,House
148,2016-11-08,R,Randy Hultgren,House
149,2016-11-08,R,John Shimkus,House
150,2016-11-08,R,Adam Kinzinger,House
151,2016-11-08,D,Cheri Bustos,House
152,2016-11-08,R,Darin LaHood,House
153,2016-11-08,D,Pete Visclosky,House
154,2016-11-08,R,Jackie Walorski,House
155,2016-11-08,R,Jim Banks,House
156,2016-11-08,R,Todd Rokita,House
157,2016-11-08,R,Susan Brooks,House
158,2016-11-08,R,Luke Messer,House
159,2016-11-08,D,Andre Carson,House
160,2016-11-08,R,Larry Bucshon,House
161,2016-11-08,R,Trey Hollingsworth,House
162,2016-11-08,R,Rod Blum,House
163,2016-11-08,D,Dave Loebsack,House
164,2016-11-08,R,David Young,House
165,2016-11-08,R,Steve King,House
166,2016-11-08,R,Roger Marshall,House
167,2016-11-08,R,Lynn Jenkins,House
168,2016-11-08,R,Kevin Yoder,House
169,2016-11-08,R,Mike Pompeo,House
170,2017-04-11,R,Ron Estes,House
171,2016-11-08,R,James Comer,House
172,2016-11-08,R,Brett Guthrie,House
173,2016-11-08,D,John Yarmuth,House
174,2016-11-08,R,Thomas Massie,House
175,2016-11-08,R,Hal Rogers,House
176,2016-11-08,R,Andy Barr,House
177,2016-11-08,R,Steve Scalise,House
178,2016-11-08,D,Cedric Richmond,House
179,2016-11-08,R,Clay Higgins,House
180,2016-11-08,R,Mike Johnson,House
181,2016-11-08,R,Ralph Abraham,House
182,2016-11-08,R,Garret Graves,House
183,2016-11-08,D,Chellie Pingree,House
184,2016-11-08,R,Bruce Poliquin,House
185,2016-11-08,R,Andy Harris,House
186,2016-11-08,D,Dutch Ruppersberger,House
187,2016-11-08,D,John Sarbanes,House
188,2016-11-08,D,Anthony G. Brown,House
189,2016-11-08,D,Steny Hoyer,House
190,2016-11-08,D,John Delaney,House
191,2016-11-08,D,Elijah Cummings,House
192,2016-11-08,D,Jamie Raskin,House
193,2016-11-08,D,Richard Neal,House
194,2016-11-08,D,Jim McGovern,House
195,2016-11-08,D,Niki Tsongas,House
196,2016-11-08,D,Joseph P. Kennedy III,House
197,2016-11-08,D,Katherine Clark,House
198,2016-11-08,D,Seth Moulton,House
199,2016-11-08,D,Mike Capuano,House
200,2016-11-08,D,Stephen F. Lynch,House
201,2016-11-08,D,Bill Keating,House
202,2016-11-08,R,Jack Bergman,House
203,2016-11-08,R,Bill Huizenga,House
204,2016-11-08,R,Justin Amash,House
205,2016-11-08,R,John Moolenaar,House
206,2016-11-08,D,Dan Kildee,House
207,2016-11-08,R,Fred Upton,House
208,2016-11-08,R,Tim Walberg,House
209,2016-11-08,R,Mike Bishop,House
210,2016-11-08,D,Sander Levin,House
211,2016-11-08,R,Paul Mitchell,House
212,2016-11-08,R,Dave Trott,House
213,2016-11-08,D,Debbie Dingell,House
214,2016-11-08,D,John Conyers,House
215,2016-11-08,D,Brenda Lawrence,House
216,2016-11-08,D,Tim Walz,House
217,2016-11-08,R,Jason Lewis,House
218,2016-11-08,R,Erik Paulsen,House
219,2016-11-08,D,Betty McCollum,House
220,2016-11-08,D,Keith Ellison,House
221,2016-11-08,R,Tom Emmer,House
222,2016-11-08,D,Collin Peterson,House
223,2016-11-08,D,Rick Nolan,House
224,2016-11-08,R,Trent Kelly,House
225,2016-11-08,D,Bennie Thompson,House
226,2016-11-08,R,Gregg Harper,House
227,2016-11-08,R,Steven Palazzo,House
228,2016-11-08,D,Lacy Clay,House
229,2016-11-08,R,Ann Wagner,House
230,2016-11-08,R,Blaine Luetkemeyer,House
231,2016-11-08,R,Vicky Hartzler,House
232,2016-11-08,D,Emanuel Cleaver,House
233,2016-11-08,R,Sam Graves,House
234,2016-11-08,R,Billy Long,House
235,2016-11-08,R,Jason T. Smith,House
236,2016-11-08,R,Ryan Zinke,House
237,2017-05-25,R,Greg Gianforte,House
238,2016-11-08,R,Jeff Fortenberry,House
239,2016-11-08,R,Don Bacon,House
240,2016-11-08,R,Adrian Smith,House
241,2016-11-08,D,Dina Titus,House
242,2016-11-08,R,Mark Amodei,House
243,2016-11-08,D,Jacky Rosen,House
244,2016-11-08,D,Ruben Kihuen,House
245,2016-11-08,D,Carol Shea-Porter,House
246,2016-11-08,D,Ann McLane Kuster,House
247,2016-11-08,D,Donald Norcross,House
248,2016-11-08,R,Frank LoBiondo,House
249,2016-11-08,R,Tom MacArthur,House
250,2016-11-08,R,Chris Smith,House
251,2016-11-08,D,Josh Gottheimer,House
252,2016-11-08,D,Frank Pallone,House
253,2016-11-08,R,Leonard Lance,House
254,2016-11-08,D,Albio Sires,House
255,2016-11-08,D,Bill Pascrell,House
256,2016-11-08,D,Donald Payne Jr.,House
257,2016-11-08,R,Rodney Frelinghuysen,House
258,2016-11-08,D,Bonnie Watson Coleman,House
259,2016-11-08,D,Michelle Lujan Grisham,House
260,2016-11-08,R,Steve Pearce,House
261,2016-11-08,D,Ben Ray Lujan,House
262,2016-11-08,R,Lee Zeldin,House
263,2016-11-08,R,Peter T. King,House
264,2016-11-08,D,Thomas Suozzi,House
265,2016-11-08,D,Kathleen Rice,House
266,2016-11-08,D,Gregory Meeks,House
267,2016-11-08,D,Grace Meng,House
268,2016-11-08,D,Nydia Velazquez,House
269,2016-11-08,D,Hakeem Jeffries,House
270,2016-11-08,D,Yvette Clarke,House
271,2016-11-08,D,Jerrold Nadler,House
272,2016-11-08,R,Dan Donovan,House
273,2016-11-08,D,Carolyn Maloney,House
274,2016-11-08,D,Adriano Espaillat,House
275,2016-11-08,D,Joseph Crowley,House
276,2016-11-08,D,Jose E. Serrano,House
277,2016-11-08,D,Eliot Engel,House
278,2016-11-08,D,Nita Lowey,House
279,2016-11-08,D,Sean Patrick Maloney,House
280,2016-11-08,R,John Faso,House
281,2016-11-08,D,Paul Tonko,House
282,2016-11-08,R,Elise Stefanik,House
283,2016-11-08,R,Claudia Tenney,House
284,2016-11-08,R,Tom Reed,House
285,2016-11-08,R,John Katko,House
286,2016-11-08,D,Louise Slaughter,House
287,2016-11-08,D,Brian Higgins,House
288,2016-11-08,R,Chris Collins,House
289,2016-11-08,D,G. K. Butterfield,House
290,2016-11-08,R,George Holding,House
291,2016-11-08,R,Walter B. Jones Jr.,House
292,2016-11-08,D,David Price,House
293,2016-11-08,R,Virginia Foxx,House
294,2016-11-08,R,Mark Walker,House
295,2016-11-08,R,David Rouzer,House
296,2016-11-08,R,Richard Hudson,House
297,2016-11-08,R,Robert Pittenger,House
298,2016-11-08,R,Patrick McHenry,House
299,2016-11-08,R,Mark Meadows,House
300,2016-11-08,D,Alma Adams,House
301,2016-11-08,R,Ted Budd,House
302,2016-11-08,R,Kevin Cramer,House
303,2016-11-08,R,Steve Chabot,House
304,2016-11-08,R,Brad Wenstrup,House
305,2016-11-08,D,Joyce Beatty,House
306,2016-11-08,R,Jim Jordan,House
307,2016-11-08,R,Bob Latta,House
308,2016-11-08,R,Bill Johnson,House
309,2016-11-08,R,Bob Gibbs,House
310,2016-11-08,R,Warren Davidson,House
311,2016-11-08,D,Marcy Kaptur,House
312,2016-11-08,R,Mike Turner,House
313,2016-11-08,D,Marcia Fudge,House
314,2016-11-08,R,Pat Tiberi,House
315,2018-08-07,R,Troy Balderson,House
316,2016-11-08,D,Tim Ryan,House
317,2016-11-08,R,David Joyce,House
318,2016-11-08,R,Steve Stivers,House
319,2016-11-08,R,Jim Renacci,House
320,2016-11-08,R,Jim Bridenstine,House
321,2016-11-08,R,Markwayne Mullin,House
322,2016-11-08,R,Frank Lucas,House
323,2016-11-08,R,Tom Cole,House
324,2016-11-08,R,Steve Russell,House
325,2016-11-08,D,Suzanne Bonamici,House
326,2016-11-08,R,Greg Walden,House
327,2016-11-08,D,Earl Blumenauer,House
328,2016-11-08,D,Peter DeFazio,House
329,2016-11-08,D,Kurt Schrader,House
330,2016-11-08,D,Bob Brady,House
331,2016-11-08,D,Dwight Evans,House
332,2016-11-08,R,Mike Kelly,House
333,2016-11-08,R,Scott Perry,House
334,2016-11-08,R,Glenn Thompson,House
335,2016-11-08,R,Ryan Costello,House
336,2016-11-08,R,Pat Meehan,House
337,2016-11-08,R,Brian Fitzpatrick,House
338,2016-11-08,R,Bill Shuster,House
339,2016-11-08,R,Tom Marino,House
340,2016-11-08,R,Lou Barletta,House
341,2016-11-08,R,Keith Rothfus,House
342,2016-11-08,D,Brendan Boyle,House
343,2016-11-08,D,Michael F. Doyle,House
344,2016-11-08,R,Charlie Dent,House
345,2016-11-08,R,Lloyd Smucker,House
346,2016-11-08,D,Matt Cartwright,House
347,2016-11-08,R,Tim Murphy,House
348,2018-03-13,D,Conor Lamb,House
349,2016-11-08,D,David Cicilline,House
350,2016-11-08,D,James Langevin,House
351,2016-11-08,R,Mark Sanford,House
352,2016-11-08,R,Joe Wilson,House
353,2016-11-08,R,Jeff Duncan,House
354,2016-11-08,R,Trey Gowdy,House
355,2016-11-08,R,Mick Mulvaney,House
356,2017-06-20,R,Ralph Norman,House
357,2016-11-08,D,Jim Clyburn,House
358,2016-11-08,R,Tom Rice,House
359,2016-11-08,R,Kristi Noem,House
360,2016-11-08,R,Phil Roe,House
361,2016-11-08,R,Jimmy Duncan,House
362,2016-11-08,R,Chuck Fleischmann,House
363,2016-11-08,R,Scott DesJarlais,House
364,2016-11-08,D,Jim Cooper,House
365,2016-11-08,R,Diane Black,House
366,2016-11-08,R,Marsha Blackburn,House
367,2016-11-08,R,David Kustoff,House
368,2016-11-08,D,Steve Cohen,House
369,2016-11-08,R,Louie Gohmert,House
370,2016-11-08,R,Ted Poe,House
371,2016-11-08,R,Sam Johnson,House
372,2016-11-08,R,John Ratcliffe,House
373,2016-11-08,R,Jeb Hensarling,House
374,2016-11-08,R,Joe Barton,House
375,2016-11-08,R,John Culberson,House
376,2016-11-08,R,Kevin Brady,House
377,2016-11-08,D,Al Green,House
378,2016-11-08,R,Michael McCaul,House
379,2016-11-08,R,Mike Conaway,House
380,2016-11-08,R,Kay Granger,House
381,2016-11-08,R,Mac Thornberry,House
382,2016-11-08,R,Randy Weber,House
383,2016-11-08,D,Vicente Gonzalez,House
384,2016-11-08,D,Beto O'Rourke,House
385,2016-11-08,R,Bill Flores,House
386,2016-11-08,D,Sheila Jackson Lee,House
387,2016-11-08,R,Jodey Arrington,House
388,2016-11-08,D,Joaquin Castro,House
389,2016-11-08,R,Lamar S. Smith,House
390,2016-11-08,R,Pete Olson,House
391,2016-11-08,R,Will Hurd,House
392,2016-11-08,R,Kenny Marchant,House
393,2016-11-08,R,Roger Williams,House
394,2016-11-08,R,Michael Burgess,House
395,2016-11-08,R,Blake Farenthold,House
396,2018-06-30,R,Michael Cloud,House
397,2016-11-08,D,Henry Cuellar,House
398,2016-11-08,D,Gene Green,House
399,2016-11-08,D,Eddie Bernice Johnson,House
400,2016-11-08,R,John Carter,House
401,2016-11-08,R,Pete Sessions,House
402,2016-11-08,D,Marc Veasey,House
403,2016-11-08,D,Filemon Vela Jr.,House
404,2016-11-08,D,Lloyd Doggett,House
405,2016-11-08,R,Brian Babin,House
406,2016-11-08,R,Rob Bishop,House
407,2016-11-08,R,Chris Stewart,House
408,2016-11-08,R,Jason Chaffetz,House
409,2017-11-07,R,John Curtis,House
410,2016-11-08,R,Mia Love,House
411,2016-11-08,D,Peter Welch,House
412,2016-11-08,R,Rob Wittman,House
413,2016-11-08,R,Scott Taylor,House
414,2016-11-08,D,Bobby Scott,House
415,2016-11-08,D,Donald McEachin,House
416,2016-11-08,R,Tom Garrett Jr.,House
417,2016-11-08,R,Bob Goodlatte,House
418,2016-11-08,R,Dave Brat,House
419,2016-11-08,D,Don Beyer,House
420,2016-11-08,R,Morgan Griffith,House
421,2016-11-08,R,Barbara Comstock,House
422,2016-11-08,D,Gerry Connolly,House
423,2016-11-08,D,Suzan DelBene,House
424,2016-11-08,D,Rick Larsen,House
425,2016-11-08,R,Jaime Herrera Beutler,House
426,2016-11-08,R,Dan Newhouse,House
427,2016-11-08,R,Cathy McMorris Rodgers,House
428,2016-11-08,D,Derek Kilmer,House
429,2016-11-08,D,Pramila Jayapal,House
430,2016-11-08,R,Dave Reichert,House
431,2016-11-08,D,Adam Smith,House
432,2016-11-08,D,Dennis Heck,House
433,2016-11-08,R,David McKinley,House
434,2016-11-08,R,Alex Mooney,House
435,2016-11-08,R,Evan Jenkins,House
436,2016-11-08,R,Paul Ryan,House
437,2016-11-08,D,Mark Pocan,House
438,2016-11-08,D,Ron Kind,House
439,2016-11-08,D,Gwen Moore,House
440,2016-11-08,R,Jim Sensenbrenner,House
441,2016-11-08,R,Glenn Grothman,House
442,2016-11-08,R,Sean Duffy,House
443,2016-11-08,R,Mike Gallagher,House
