,index,Date,Party,Name,Chamber,State
0,0,2017-02-09,R,Luther Strange,Senate,Alabama
1,1,2018-01-03,D,Doug Jones,Senate,Alabama
2,2,2016-11-08,R,Richard Shelby,Senate,Alabama
3,3,2016-11-08,R,Lisa Murkowski,Senate,Alaska
4,4,2016-11-08,R,John McCain,Senate,Arizona
5,5,2018-09-04,R,Jon Kyl,Senate,Arizona
6,6,2016-11-08,R,John Boozman,Senate,Arkansas
7,7,2016-11-08,D,Kamala Harris,Senate,California
8,8,2016-11-08,D,Michael Bennet,Senate,Colorado
9,9,2016-11-08,D,Richard Blumenthal,Senate,Connecticut
10,10,2016-11-08,R,Marco Rubio,Senate,Florida
11,11,2016-11-08,R,Johnny Isakson,Senate,Georgia
12,12,2016-11-08,D,Brian Schatz,Senate,Hawaii
13,13,2016-11-08,R,Mike Crapo,Senate,Idaho
14,14,2016-11-08,D,Tammy Duckworth,Senate,Illinois
15,15,2016-11-08,R,Todd Young,Senate,Indiana
16,16,2016-11-08,R,Chuck Grassley,Senate,Iowa
17,17,2016-11-08,R,Jerry Moran,Senate,Kansas
18,18,2016-11-08,R,Rand Paul,Senate,Kentucky
19,19,2016-11-08,R,John Kennedy,Senate,Louisiana
20,20,2016-11-08,D,Chris Van Hollen,Senate,Maryland
21,21,2018-01-03,D,Tina Smith,Senate,Minnesota
22,22,2018-04-02,R,Cindy Hyde-Smith,Senate,Mississippi
23,23,2016-11-08,R,Roy Blunt,Senate,Missouri
24,24,2016-11-08,D,Catherine Cortez Masto,Senate,Nevada
25,25,2016-11-08,D,Maggie Hassan,Senate,New_Hampshire
26,26,2016-11-08,D,Chuck Schumer,Senate,New_York
27,27,2016-11-08,R,Richard Burr,Senate,North_Carolina
28,28,2016-11-08,R,John Hoeven,Senate,North_Dakota
29,29,2016-11-08,R,Rob Portman,Senate,Ohio
30,30,2016-11-08,R,James Lankford,Senate,Oklahoma
31,31,2016-11-08,D,Ron Wyden,Senate,Oregon
32,32,2016-11-08,R,Pat Toomey,Senate,Pennsylvania
33,33,2016-11-08,R,Tim Scott,Senate,South_Carolina
34,34,2016-11-08,R,John Thune,Senate,South_Dakota
35,35,2016-11-08,R,Mike Lee,Senate,Utah
36,36,2016-11-08,D,Patrick Leahy,Senate,Vermont
37,37,2016-11-08,D,Patty Murray,Senate,Washington
38,38,2016-11-08,R,Ron Johnson,Senate,Wisconsin
39,0,2016-11-08,R,Bradley Byrne,House,Alabama
40,1,2016-11-08,R,Martha Roby,House,Alabama
41,2,2016-11-08,R,Mike Rogers,House,Alabama
42,3,2016-11-08,R,Robert Aderholt,House,Alabama
43,4,2016-11-08,R,Mo Brooks,House,Alabama
44,5,2016-11-08,R,Gary Palmer,House,Alabama
45,6,2016-11-08,D,Terri Sewell,House,Alabama
46,7,2016-11-08,R,Don Young,House,Alaska
47,8,2016-11-08,D,Tom O'Halleran,House,Arizona
48,9,2016-11-08,R,Martha McSally,House,Arizona
49,10,2016-11-08,D,Raul Grijalva,House,Arizona
50,11,2016-11-08,R,Paul Gosar,House,Arizona
51,12,2016-11-08,R,Andy Biggs,House,Arizona
52,13,2016-11-08,R,David Schweikert,House,Arizona
53,14,2016-11-08,D,Ruben Gallego,House,Arizona
54,15,2016-11-08,R,Trent Franks,House,Arizona
55,16,2018-04-24,R,Debbie Lesko,House,Arizona
56,17,2016-11-08,D,Kyrsten Sinema,House,Arizona
57,18,2016-11-08,R,Rick Crawford,House,Arkansas
58,19,2016-11-08,R,French Hill,House,Arkansas
59,20,2016-11-08,R,Steve Womack,House,Arkansas
60,21,2016-11-08,R,Bruce Westerman,House,Arkansas
61,22,2016-11-08,R,Doug LaMalfa,House,California
62,23,2016-11-08,D,Jared Huffman,House,California
63,24,2016-11-08,D,John Garamendi,House,California
64,25,2016-11-08,R,Tom McClintock,House,California
65,26,2016-11-08,D,Mike Thompson,House,California
66,27,2016-11-08,D,Doris Matsui,House,California
67,28,2016-11-08,D,Ami Bera,House,California
68,29,2016-11-08,R,Paul Cook,House,California
69,30,2016-11-08,D,Jerry McNerney,House,California
70,31,2016-11-08,R,Jeff Denham,House,California
71,32,2016-11-08,D,Mark DeSaulnier,House,California
72,33,2016-11-08,D,Nancy Pelosi,House,California
73,34,2016-11-08,D,Barbara Lee,House,California
74,35,2016-11-08,D,Jackie Speier,House,California
75,36,2016-11-08,D,Eric Swalwell,House,California
76,37,2016-11-08,D,Jim Costa,House,California
77,38,2016-11-08,D,Ro Khanna,House,California
78,39,2016-11-08,D,Anna Eshoo,House,California
79,40,2016-11-08,D,Zoe Lofgren,House,California
80,41,2016-11-08,D,Jimmy Panetta,House,California
81,42,2016-11-08,R,David Valadao,House,California
82,43,2016-11-08,R,Devin Nunes,House,California
83,44,2016-11-08,R,Kevin McCarthy,House,California
84,45,2016-11-08,D,Salud Carbajal,House,California
85,46,2016-11-08,R,Steve Knight,House,California
86,47,2016-11-08,D,Julia Brownley,House,California
87,48,2016-11-08,D,Judy Chu,House,California
88,49,2016-11-08,D,Adam Schiff,House,California
89,50,2016-11-08,D,Tony Cardenas,House,California
90,51,2016-11-08,D,Brad Sherman,House,California
91,52,2016-11-08,D,Pete Aguilar,House,California
92,53,2016-11-08,D,Grace Napolitano,House,California
93,54,2016-11-08,D,Ted Lieu,House,California
94,55,2016-11-08,D,Xavier Becerra,House,California
95,56,2017-06-06,D,Jimmy Gomez,House,California
96,57,2016-11-08,D,Norma Torres,House,California
97,58,2016-11-08,D,Raul Ruiz,House,California
98,59,2016-11-08,D,Karen Bass,House,California
99,60,2016-11-08,D,Linda Sanchez,House,California
100,61,2016-11-08,R,Ed Royce,House,California
101,62,2016-11-08,D,Lucille Roybal-Allard,House,California
102,63,2016-11-08,D,Mark Takano,House,California
103,64,2016-11-08,R,Ken Calvert,House,California
104,65,2016-11-08,D,Maxine Waters,House,California
105,66,2016-11-08,D,Nanette Barragan,House,California
106,67,2016-11-08,R,Mimi Walters,House,California
107,68,2016-11-08,D,Lou Correa,House,California
108,69,2016-11-08,D,Alan Lowenthal,House,California
109,70,2016-11-08,R,Dana Rohrabacher,House,California
110,71,2016-11-08,R,Darrell Issa,House,California
111,72,2016-11-08,R,Duncan D. Hunter,House,California
112,73,2016-11-08,D,Juan Vargas,House,California
113,74,2016-11-08,D,Scott Peters,House,California
114,75,2016-11-08,D,Susan Davis,House,California
115,76,2016-11-08,D,Diana DeGette,House,Colorado
116,77,2016-11-08,D,Jared Polis,House,Colorado
117,78,2016-11-08,R,Scott Tipton,House,Colorado
118,79,2016-11-08,R,Ken Buck,House,Colorado
119,80,2016-11-08,R,Doug Lamborn,House,Colorado
120,81,2016-11-08,R,Mike Coffman,House,Colorado
121,82,2016-11-08,D,Ed Perlmutter,House,Colorado
122,83,2016-11-08,D,John B. Larson,House,Connecticut
123,84,2016-11-08,D,Joe Courtney,House,Connecticut
124,85,2016-11-08,D,Rosa DeLauro,House,Connecticut
125,86,2016-11-08,D,Jim Himes,House,Connecticut
126,87,2016-11-08,D,Elizabeth Esty,House,Connecticut
127,88,2016-11-08,D,Lisa Blunt Rochester,House,Delaware
128,89,2016-11-08,R,Matt Gaetz,House,Florida
129,90,2016-11-08,R,Neal Dunn,House,Florida
130,91,2016-11-08,R,Ted Yoho,House,Florida
131,92,2016-11-08,R,John Rutherford,House,Florida
132,93,2016-11-08,D,Al Lawson,House,Florida
133,94,2016-11-08,R,Ron DeSantis,House,Florida
134,95,2016-11-08,D,Stephanie Murphy,House,Florida
135,96,2016-11-08,R,Bill Posey,House,Florida
136,97,2016-11-08,D,Darren Soto,House,Florida
137,98,2016-11-08,D,Val Demings,House,Florida
138,99,2016-11-08,R,Daniel Webster,House,Florida
139,100,2016-11-08,R,Gus Bilirakis,House,Florida
140,101,2016-11-08,D,Charlie Crist,House,Florida
141,102,2016-11-08,D,Kathy Castor,House,Florida
142,103,2016-11-08,R,Dennis A. Ross,House,Florida
143,104,2016-11-08,R,Vern Buchanan,House,Florida
144,105,2016-11-08,R,Tom Rooney,House,Florida
145,106,2016-11-08,R,Brian Mast,House,Florida
146,107,2016-11-08,R,Francis Rooney,House,Florida
147,108,2016-11-08,D,Alcee Hastings,House,Florida
148,109,2016-11-08,D,Lois Frankel,House,Florida
149,110,2016-11-08,D,Ted Deutch,House,Florida
150,111,2016-11-08,D,Debbie Wasserman Schultz,House,Florida
151,112,2016-11-08,D,Frederica Wilson,House,Florida
152,113,2016-11-08,R,Mario Diaz-Balart,House,Florida
153,114,2016-11-08,R,Carlos Curbelo,House,Florida
154,115,2016-11-08,R,Ileana Ros-Lehtinen,House,Florida
155,116,2016-11-08,R,Buddy Carter,House,Georgia
156,117,2016-11-08,D,Sanford Bishop,House,Georgia
157,118,2016-11-08,R,Drew Ferguson,House,Georgia
158,119,2016-11-08,D,Hank Johnson,House,Georgia
159,120,2016-11-08,D,John Lewis,House,Georgia
160,121,2016-11-08,R,Tom Price,House,Georgia
161,122,2017-06-20,R,Karen Handel,House,Georgia
162,123,2016-11-08,R,Rob Woodall,House,Georgia
163,124,2016-11-08,R,Austin Scott,House,Georgia
164,125,2016-11-08,R,Doug Collins,House,Georgia
165,126,2016-11-08,R,Jody Hice,House,Georgia
166,127,2016-11-08,R,Barry Loudermilk,House,Georgia
167,128,2016-11-08,R,Rick W. Allen,House,Georgia
168,129,2016-11-08,D,David Scott,House,Georgia
169,130,2016-11-08,R,Tom Graves,House,Georgia
170,131,2016-11-08,D,Colleen Hanabusa,House,Hawaii
171,132,2016-11-08,D,Tulsi Gabbard,House,Hawaii
172,133,2016-11-08,R,Raul Labrador,House,Idaho
173,134,2016-11-08,R,Mike Simpson,House,Idaho
174,135,2016-11-08,D,Bobby Rush,House,Illinois
175,136,2016-11-08,D,Robin Kelly,House,Illinois
176,137,2016-11-08,D,Dan Lipinski,House,Illinois
177,138,2016-11-08,D,Luis Gutierrez,House,Illinois
178,139,2016-11-08,D,Mike Quigley,House,Illinois
179,140,2016-11-08,R,Peter Roskam,House,Illinois
180,141,2016-11-08,D,Danny K. Davis,House,Illinois
181,142,2016-11-08,D,Raja Krishnamoorthi,House,Illinois
182,143,2016-11-08,D,Jan Schakowsky,House,Illinois
183,144,2016-11-08,D,Brad Schneider,House,Illinois
184,145,2016-11-08,D,Bill Foster,House,Illinois
185,146,2016-11-08,R,Mike Bost,House,Illinois
186,147,2016-11-08,R,Rodney Davis,House,Illinois
187,148,2016-11-08,R,Randy Hultgren,House,Illinois
188,149,2016-11-08,R,John Shimkus,House,Illinois
189,150,2016-11-08,R,Adam Kinzinger,House,Illinois
190,151,2016-11-08,D,Cheri Bustos,House,Illinois
191,152,2016-11-08,R,Darin LaHood,House,Illinois
192,153,2016-11-08,D,Pete Visclosky,House,Indiana
193,154,2016-11-08,R,Jackie Walorski,House,Indiana
194,155,2016-11-08,R,Jim Banks,House,Indiana
195,156,2016-11-08,R,Todd Rokita,House,Indiana
196,157,2016-11-08,R,Susan Brooks,House,Indiana
197,158,2016-11-08,R,Luke Messer,House,Indiana
198,159,2016-11-08,D,Andre Carson,House,Indiana
199,160,2016-11-08,R,Larry Bucshon,House,Indiana
200,161,2016-11-08,R,Trey Hollingsworth,House,Indiana
201,162,2016-11-08,R,Rod Blum,House,Iowa
202,163,2016-11-08,D,Dave Loebsack,House,Iowa
203,164,2016-11-08,R,David Young,House,Iowa
204,165,2016-11-08,R,Steve King,House,Iowa
205,166,2016-11-08,R,Roger Marshall,House,Kansas
206,167,2016-11-08,R,Lynn Jenkins,House,Kansas
207,168,2016-11-08,R,Kevin Yoder,House,Kansas
208,169,2016-11-08,R,Mike Pompeo,House,Kansas
209,170,2017-04-11,R,Ron Estes,House,Kansas
210,171,2016-11-08,R,James Comer,House,Kentucky
211,172,2016-11-08,R,Brett Guthrie,House,Kentucky
212,173,2016-11-08,D,John Yarmuth,House,Kentucky
213,174,2016-11-08,R,Thomas Massie,House,Kentucky
214,175,2016-11-08,R,Hal Rogers,House,Kentucky
215,176,2016-11-08,R,Andy Barr,House,Kentucky
216,177,2016-11-08,R,Steve Scalise,House,Louisiana
217,178,2016-11-08,D,Cedric Richmond,House,Louisiana
218,179,2016-11-08,R,Clay Higgins,House,Louisiana
219,180,2016-11-08,R,Mike Johnson,House,Louisiana
220,181,2016-11-08,R,Ralph Abraham,House,Louisiana
221,182,2016-11-08,R,Garret Graves,House,Louisiana
222,183,2016-11-08,D,Chellie Pingree,House,Maine
223,184,2016-11-08,R,Bruce Poliquin,House,Maine
224,185,2016-11-08,R,Andy Harris,House,Maryland
225,186,2016-11-08,D,Dutch Ruppersberger,House,Maryland
226,187,2016-11-08,D,John Sarbanes,House,Maryland
227,188,2016-11-08,D,Anthony G. Brown,House,Maryland
228,189,2016-11-08,D,Steny Hoyer,House,Maryland
229,190,2016-11-08,D,John Delaney,House,Maryland
230,191,2016-11-08,D,Elijah Cummings,House,Maryland
231,192,2016-11-08,D,Jamie Raskin,House,Maryland
232,193,2016-11-08,D,Richard Neal,House,Massachusetts
233,194,2016-11-08,D,Jim McGovern,House,Massachusetts
234,195,2016-11-08,D,Niki Tsongas,House,Massachusetts
235,196,2016-11-08,D,Joseph P. Kennedy III,House,Massachusetts
236,197,2016-11-08,D,Katherine Clark,House,Massachusetts
237,198,2016-11-08,D,Seth Moulton,House,Massachusetts
238,199,2016-11-08,D,Mike Capuano,House,Massachusetts
239,200,2016-11-08,D,Stephen F. Lynch,House,Massachusetts
240,201,2016-11-08,D,Bill Keating,House,Massachusetts
241,202,2016-11-08,R,Jack Bergman,House,Michigan
242,203,2016-11-08,R,Bill Huizenga,House,Michigan
243,204,2016-11-08,R,Justin Amash,House,Michigan
244,205,2016-11-08,R,John Moolenaar,House,Michigan
245,206,2016-11-08,D,Dan Kildee,House,Michigan
246,207,2016-11-08,R,Fred Upton,House,Michigan
247,208,2016-11-08,R,Tim Walberg,House,Michigan
248,209,2016-11-08,R,Mike Bishop,House,Michigan
249,210,2016-11-08,D,Sander Levin,House,Michigan
250,211,2016-11-08,R,Paul Mitchell,House,Michigan
251,212,2016-11-08,R,Dave Trott,House,Michigan
252,213,2016-11-08,D,Debbie Dingell,House,Michigan
253,214,2016-11-08,D,John Conyers,House,Michigan
254,215,2016-11-08,D,Brenda Lawrence,House,Michigan
255,216,2016-11-08,D,Tim Walz,House,Minnesota
256,217,2016-11-08,R,Jason Lewis,House,Minnesota
257,218,2016-11-08,R,Erik Paulsen,House,Minnesota
258,219,2016-11-08,D,Betty McCollum,House,Minnesota
259,220,2016-11-08,D,Keith Ellison,House,Minnesota
260,221,2016-11-08,R,Tom Emmer,House,Minnesota
261,222,2016-11-08,D,Collin Peterson,House,Minnesota
262,223,2016-11-08,D,Rick Nolan,House,Minnesota
263,224,2016-11-08,R,Trent Kelly,House,Mississippi
264,225,2016-11-08,D,Bennie Thompson,House,Mississippi
265,226,2016-11-08,R,Gregg Harper,House,Mississippi
266,227,2016-11-08,R,Steven Palazzo,House,Mississippi
267,228,2016-11-08,D,Lacy Clay,House,Missouri
268,229,2016-11-08,R,Ann Wagner,House,Missouri
269,230,2016-11-08,R,Blaine Luetkemeyer,House,Missouri
270,231,2016-11-08,R,Vicky Hartzler,House,Missouri
271,232,2016-11-08,D,Emanuel Cleaver,House,Missouri
272,233,2016-11-08,R,Sam Graves,House,Missouri
273,234,2016-11-08,R,Billy Long,House,Missouri
274,235,2016-11-08,R,Jason T. Smith,House,Missouri
275,236,2016-11-08,R,Ryan Zinke,House,Montana
276,237,2017-05-25,R,Greg Gianforte,House,Montana
277,238,2016-11-08,R,Jeff Fortenberry,House,Nebraska
278,239,2016-11-08,R,Don Bacon,House,Nebraska
279,240,2016-11-08,R,Adrian Smith,House,Nebraska
280,241,2016-11-08,D,Dina Titus,House,Nevada
281,242,2016-11-08,R,Mark Amodei,House,Nevada
282,243,2016-11-08,D,Jacky Rosen,House,Nevada
283,244,2016-11-08,D,Ruben Kihuen,House,Nevada
284,245,2016-11-08,D,Carol Shea-Porter,House,New_Hampshire
285,246,2016-11-08,D,Ann McLane Kuster,House,New_Hampshire
286,247,2016-11-08,D,Donald Norcross,House,New_Jersey
287,248,2016-11-08,R,Frank LoBiondo,House,New_Jersey
288,249,2016-11-08,R,Tom MacArthur,House,New_Jersey
289,250,2016-11-08,R,Chris Smith,House,New_Jersey
290,251,2016-11-08,D,Josh Gottheimer,House,New_Jersey
291,252,2016-11-08,D,Frank Pallone,House,New_Jersey
292,253,2016-11-08,R,Leonard Lance,House,New_Jersey
293,254,2016-11-08,D,Albio Sires,House,New_Jersey
294,255,2016-11-08,D,Bill Pascrell,House,New_Jersey
295,256,2016-11-08,D,Donald Payne Jr.,House,New_Jersey
296,257,2016-11-08,R,Rodney Frelinghuysen,House,New_Jersey
297,258,2016-11-08,D,Bonnie Watson Coleman,House,New_Jersey
298,259,2016-11-08,D,Michelle Lujan Grisham,House,New_Mexico
299,260,2016-11-08,R,Steve Pearce,House,New_Mexico
300,261,2016-11-08,D,Ben Ray Lujan,House,New_Mexico
301,262,2016-11-08,R,Lee Zeldin,House,New_York
302,263,2016-11-08,R,Peter T. King,House,New_York
303,264,2016-11-08,D,Thomas Suozzi,House,New_York
304,265,2016-11-08,D,Kathleen Rice,House,New_York
305,266,2016-11-08,D,Gregory Meeks,House,New_York
306,267,2016-11-08,D,Grace Meng,House,New_York
307,268,2016-11-08,D,Nydia Velazquez,House,New_York
308,269,2016-11-08,D,Hakeem Jeffries,House,New_York
309,270,2016-11-08,D,Yvette Clarke,House,New_York
310,271,2016-11-08,D,Jerrold Nadler,House,New_York
311,272,2016-11-08,R,Dan Donovan,House,New_York
312,273,2016-11-08,D,Carolyn Maloney,House,New_York
313,274,2016-11-08,D,Adriano Espaillat,House,New_York
314,275,2016-11-08,D,Joseph Crowley,House,New_York
315,276,2016-11-08,D,Jose E. Serrano,House,New_York
316,277,2016-11-08,D,Eliot Engel,House,New_York
317,278,2016-11-08,D,Nita Lowey,House,New_York
318,279,2016-11-08,D,Sean Patrick Maloney,House,New_York
319,280,2016-11-08,R,John Faso,House,New_York
320,281,2016-11-08,D,Paul Tonko,House,New_York
321,282,2016-11-08,R,Elise Stefanik,House,New_York
322,283,2016-11-08,R,Claudia Tenney,House,New_York
323,284,2016-11-08,R,Tom Reed,House,New_York
324,285,2016-11-08,R,John Katko,House,New_York
325,286,2016-11-08,D,Louise Slaughter,House,New_York
326,287,2016-11-08,D,Brian Higgins,House,New_York
327,288,2016-11-08,R,Chris Collins,House,New_York
328,289,2016-11-08,D,G. K. Butterfield,House,North_Carolina
329,290,2016-11-08,R,George Holding,House,North_Carolina
330,291,2016-11-08,R,Walter B. Jones Jr.,House,North_Carolina
331,292,2016-11-08,D,David Price,House,North_Carolina
332,293,2016-11-08,R,Virginia Foxx,House,North_Carolina
333,294,2016-11-08,R,Mark Walker,House,North_Carolina
334,295,2016-11-08,R,David Rouzer,House,North_Carolina
335,296,2016-11-08,R,Richard Hudson,House,North_Carolina
336,297,2016-11-08,R,Robert Pittenger,House,North_Carolina
337,298,2016-11-08,R,Patrick McHenry,House,North_Carolina
338,299,2016-11-08,R,Mark Meadows,House,North_Carolina
339,300,2016-11-08,D,Alma Adams,House,North_Carolina
340,301,2016-11-08,R,Ted Budd,House,North_Carolina
341,302,2016-11-08,R,Kevin Cramer,House,North_Dakota
342,303,2016-11-08,R,Steve Chabot,House,Ohio
343,304,2016-11-08,R,Brad Wenstrup,House,Ohio
344,305,2016-11-08,D,Joyce Beatty,House,Ohio
345,306,2016-11-08,R,Jim Jordan,House,Ohio
346,307,2016-11-08,R,Bob Latta,House,Ohio
347,308,2016-11-08,R,Bill Johnson,House,Ohio
348,309,2016-11-08,R,Bob Gibbs,House,Ohio
349,310,2016-11-08,R,Warren Davidson,House,Ohio
350,311,2016-11-08,D,Marcy Kaptur,House,Ohio
351,312,2016-11-08,R,Mike Turner,House,Ohio
352,313,2016-11-08,D,Marcia Fudge,House,Ohio
353,314,2016-11-08,R,Pat Tiberi,House,Ohio
354,315,2018-08-07,R,Troy Balderson,House,Ohio
355,316,2016-11-08,D,Tim Ryan,House,Ohio
356,317,2016-11-08,R,David Joyce,House,Ohio
357,318,2016-11-08,R,Steve Stivers,House,Ohio
358,319,2016-11-08,R,Jim Renacci,House,Ohio
359,320,2016-11-08,R,Jim Bridenstine,House,Oklahoma
360,321,2016-11-08,R,Markwayne Mullin,House,Oklahoma
361,322,2016-11-08,R,Frank Lucas,House,Oklahoma
362,323,2016-11-08,R,Tom Cole,House,Oklahoma
363,324,2016-11-08,R,Steve Russell,House,Oklahoma
364,325,2016-11-08,D,Suzanne Bonamici,House,Oregon
365,326,2016-11-08,R,Greg Walden,House,Oregon
366,327,2016-11-08,D,Earl Blumenauer,House,Oregon
367,328,2016-11-08,D,Peter DeFazio,House,Oregon
368,329,2016-11-08,D,Kurt Schrader,House,Oregon
369,330,2016-11-08,D,Bob Brady,House,Pennsylvania
370,331,2016-11-08,D,Dwight Evans,House,Pennsylvania
371,332,2016-11-08,R,Mike Kelly,House,Pennsylvania
372,333,2016-11-08,R,Scott Perry,House,Pennsylvania
373,334,2016-11-08,R,Glenn Thompson,House,Pennsylvania
374,335,2016-11-08,R,Ryan Costello,House,Pennsylvania
375,336,2016-11-08,R,Pat Meehan,House,Pennsylvania
376,337,2016-11-08,R,Brian Fitzpatrick,House,Pennsylvania
377,338,2016-11-08,R,Bill Shuster,House,Pennsylvania
378,339,2016-11-08,R,Tom Marino,House,Pennsylvania
379,340,2016-11-08,R,Lou Barletta,House,Pennsylvania
380,341,2016-11-08,R,Keith Rothfus,House,Pennsylvania
381,342,2016-11-08,D,Brendan Boyle,House,Pennsylvania
382,343,2016-11-08,D,Michael F. Doyle,House,Pennsylvania
383,344,2016-11-08,R,Charlie Dent,House,Pennsylvania
384,345,2016-11-08,R,Lloyd Smucker,House,Pennsylvania
385,346,2016-11-08,D,Matt Cartwright,House,Pennsylvania
386,347,2016-11-08,R,Tim Murphy,House,Pennsylvania
387,348,2018-03-13,D,Conor Lamb,House,Pennsylvania
388,349,2016-11-08,D,David Cicilline,House,Rhode_Island
389,350,2016-11-08,D,James Langevin,House,Rhode_Island
390,351,2016-11-08,R,Mark Sanford,House,South_Carolina
391,352,2016-11-08,R,Joe Wilson,House,South_Carolina
392,353,2016-11-08,R,Jeff Duncan,House,South_Carolina
393,354,2016-11-08,R,Trey Gowdy,House,South_Carolina
394,355,2016-11-08,R,Mick Mulvaney,House,South_Carolina
395,356,2017-06-20,R,Ralph Norman,House,South_Carolina
396,357,2016-11-08,D,Jim Clyburn,House,South_Carolina
397,358,2016-11-08,R,Tom Rice,House,South_Carolina
398,359,2016-11-08,R,Kristi Noem,House,South_Dakota
399,360,2016-11-08,R,Phil Roe,House,Tennessee
400,361,2016-11-08,R,Jimmy Duncan,House,Tennessee
401,362,2016-11-08,R,Chuck Fleischmann,House,Tennessee
402,363,2016-11-08,R,Scott DesJarlais,House,Tennessee
403,364,2016-11-08,D,Jim Cooper,House,Tennessee
404,365,2016-11-08,R,Diane Black,House,Tennessee
405,366,2016-11-08,R,Marsha Blackburn,House,Tennessee
406,367,2016-11-08,R,David Kustoff,House,Tennessee
407,368,2016-11-08,D,Steve Cohen,House,Tennessee
408,369,2016-11-08,R,Louie Gohmert,House,Texas
409,370,2016-11-08,R,Ted Poe,House,Texas
410,371,2016-11-08,R,Sam Johnson,House,Texas
411,372,2016-11-08,R,John Ratcliffe,House,Texas
412,373,2016-11-08,R,Jeb Hensarling,House,Texas
413,374,2016-11-08,R,Joe Barton,House,Texas
414,375,2016-11-08,R,John Culberson,House,Texas
415,376,2016-11-08,R,Kevin Brady,House,Texas
416,377,2016-11-08,D,Al Green,House,Texas
417,378,2016-11-08,R,Michael McCaul,House,Texas
418,379,2016-11-08,R,Mike Conaway,House,Texas
419,380,2016-11-08,R,Kay Granger,House,Texas
420,381,2016-11-08,R,Mac Thornberry,House,Texas
421,382,2016-11-08,R,Randy Weber,House,Texas
422,383,2016-11-08,D,Vicente Gonzalez,House,Texas
423,384,2016-11-08,D,Beto O'Rourke,House,Texas
424,385,2016-11-08,R,Bill Flores,House,Texas
425,386,2016-11-08,D,Sheila Jackson Lee,House,Texas
426,387,2016-11-08,R,Jodey Arrington,House,Texas
427,388,2016-11-08,D,Joaquin Castro,House,Texas
428,389,2016-11-08,R,Lamar S. Smith,House,Texas
429,390,2016-11-08,R,Pete Olson,House,Texas
430,391,2016-11-08,R,Will Hurd,House,Texas
431,392,2016-11-08,R,Kenny Marchant,House,Texas
432,393,2016-11-08,R,Roger Williams,House,Texas
433,394,2016-11-08,R,Blake Farenthold,House,Texas
434,395,2018-06-30,R,Michael Cloud,House,Texas
435,396,2016-11-08,D,Henry Cuellar,House,Texas
436,397,2016-11-08,D,Gene Green,House,Texas
437,398,2016-11-08,D,Eddie Bernice Johnson,House,Texas
438,399,2016-11-08,R,John Carter,House,Texas
439,400,2016-11-08,R,Pete Sessions,House,Texas
440,401,2016-11-08,D,Marc Veasey,House,Texas
441,402,2016-11-08,D,Filemon Vela Jr.,House,Texas
442,403,2016-11-08,D,Lloyd Doggett,House,Texas
443,404,2016-11-08,R,Brian Babin,House,Texas
444,405,2016-11-08,R,Rob Bishop,House,Utah
445,406,2016-11-08,R,Chris Stewart,House,Utah
446,407,2016-11-08,R,Jason Chaffetz,House,Utah
447,408,2017-11-07,R,John Curtis,House,Utah
448,409,2016-11-08,R,Mia Love,House,Utah
449,410,2016-11-08,D,Peter Welch,House,Vermont
450,411,2016-11-08,R,Rob Wittman,House,Virginia
451,412,2016-11-08,R,Scott Taylor,House,Virginia
452,413,2016-11-08,D,Bobby Scott,House,Virginia
453,414,2016-11-08,D,Donald McEachin,House,Virginia
454,415,2016-11-08,R,Tom Garrett Jr.,House,Virginia
455,416,2016-11-08,R,Bob Goodlatte,House,Virginia
456,417,2016-11-08,R,Dave Brat,House,Virginia
457,418,2016-11-08,D,Don Beyer,House,Virginia
458,419,2016-11-08,R,Morgan Griffith,House,Virginia
459,420,2016-11-08,R,Barbara Comstock,House,Virginia
460,421,2016-11-08,D,Gerry Connolly,House,Virginia
461,422,2016-11-08,D,Suzan DelBene,House,Washington
462,423,2016-11-08,D,Rick Larsen,House,Washington
463,424,2016-11-08,R,Jaime Herrera Beutler,House,Washington
464,425,2016-11-08,R,Dan Newhouse,House,Washington
465,426,2016-11-08,R,Cathy McMorris Rodgers,House,Washington
466,427,2016-11-08,D,Derek Kilmer,House,Washington
467,428,2016-11-08,D,Pramila Jayapal,House,Washington
468,429,2016-11-08,R,Dave Reichert,House,Washington
469,430,2016-11-08,D,Adam Smith,House,Washington
470,431,2016-11-08,D,Dennis Heck,House,Washington
471,432,2016-11-08,R,David McKinley,House,West_Virginia
472,433,2016-11-08,R,Alex Mooney,House,West_Virginia
473,434,2016-11-08,R,Evan Jenkins,House,West_Virginia
474,435,2016-11-08,R,Paul Ryan,House,Wisconsin
475,436,2016-11-08,D,Mark Pocan,House,Wisconsin
476,437,2016-11-08,D,Ron Kind,House,Wisconsin
477,438,2016-11-08,D,Gwen Moore,House,Wisconsin
478,439,2016-11-08,R,Jim Sensenbrenner,House,Wisconsin
479,440,2016-11-08,R,Glenn Grothman,House,Wisconsin
480,441,2016-11-08,R,Sean Duffy,House,Wisconsin
481,442,2016-11-08,R,Mike Gallagher,House,Wisconsin
482,443,2016-11-08,R,Liz Cheney,House,Wyoming
483,0,2014-11-04,R,Jeff Sessions,Senate,Alabama
484,1,2014-11-04,R,Dan Sullivan,Senate,Alaska
485,2,2014-11-04,R,Tom Cotton,Senate,Arkansas
486,3,2014-11-04,R,Cory Gardner,Senate,Colorado
487,4,2014-11-04,D,Chris Coons,Senate,Delaware
488,5,2014-11-04,R,David Perdue,Senate,Georgia
489,6,2014-11-04,R,Jim Risch,Senate,Idaho
490,7,2014-11-04,D,Dick Durbin,Senate,Illinois
491,8,2014-11-04,R,Joni Ernst,Senate,Iowa
492,9,2014-11-04,R,Pat Roberts,Senate,Kansas
493,10,2014-11-04,R,Mitch McConnell,Senate,Kentucky
494,11,2014-11-04,R,Bill Cassidy,Senate,Louisiana
495,12,2014-11-04,R,Susan Collins,Senate,Maine
496,13,2014-11-04,D,Ed Markey,Senate,Massachusetts
497,14,2014-11-04,D,Gary Peters,Senate,Michigan
498,15,2014-11-04,D,Al Franken,Senate,Minnesota
499,16,2014-11-04,R,Thad Cochran,Senate,Mississippi
500,17,2014-11-04,R,Steve Daines,Senate,Montana
501,18,2014-11-04,R,Ben Sasse,Senate,Nebraska
502,19,2014-11-04,D,Jeanne Shaheen,Senate,New_Hampshire
503,20,2014-11-04,D,Cory Booker,Senate,New_Jersey
504,21,2014-11-04,D,Tom Udall,Senate,New_Mexico
505,22,2014-11-04,R,Thom Tillis,Senate,North_Carolina
506,23,2014-11-04,R,Jim Inhofe,Senate,Oklahoma
507,24,2014-11-04,D,Jeff Merkley,Senate,Oregon
508,25,2014-11-04,D,Jack Reed,Senate,Rhode_Island
509,26,2014-11-04,R,Lindsey Graham,Senate,South_Carolina
510,27,2014-11-04,R,Mike Rounds,Senate,South_Dakota
511,28,2014-11-04,R,Lamar Alexander,Senate,Tennessee
512,29,2014-11-04,R,John Cornyn,Senate,Texas
513,30,2014-11-04,D,Mark Warner,Senate,Virginia
514,31,2014-11-04,R,Shelley Moore Capito,Senate,West_Virginia
515,32,2014-11-04,R,Mike Enzi,Senate,Wyoming
516,0,2014-11-04,R,Bradley Byrne,House,Alabama
517,1,2014-11-04,R,Martha Roby,House,Alabama
518,2,2014-11-04,R,Mike Rogers,House,Alabama
519,3,2014-11-04,R,Robert Aderholt,House,Alabama
520,4,2014-11-04,R,Mo Brooks,House,Alabama
521,5,2014-11-04,R,Gary Palmer,House,Alabama
522,6,2014-11-04,D,Terri Sewell,House,Alabama
523,7,2014-11-04,R,Don Young,House,Alaska
524,8,2014-11-04,D,Ann Kirkpatrick,House,Arizona
525,9,2014-11-04,R,Martha McSally,House,Arizona
526,10,2014-11-04,D,Raul Grijalva,House,Arizona
527,11,2014-11-04,R,Paul Gosar,House,Arizona
528,12,2014-11-04,R,Matt Salmon,House,Arizona
529,13,2014-11-04,R,David Schweikert,House,Arizona
530,14,2014-11-04,D,Ruben Gallego,House,Arizona
531,15,2014-11-04,R,Trent Franks,House,Arizona
532,16,2014-11-04,D,Kyrsten Sinema,House,Arizona
533,17,2014-11-04,R,Rick Crawford,House,Arkansas
534,18,2014-11-04,R,French Hill,House,Arkansas
535,19,2014-11-04,R,Steve Womack,House,Arkansas
536,20,2014-11-04,R,Bruce Westerman,House,Arkansas
537,21,2014-11-04,R,Doug LaMalfa,House,California
538,22,2014-11-04,D,Jared Huffman,House,California
539,23,2014-11-04,D,John Garamendi,House,California
540,24,2014-11-04,R,Tom McClintock,House,California
541,25,2014-11-04,D,Mike Thompson,House,California
542,26,2014-11-04,D,Doris Matsui,House,California
543,27,2014-11-04,D,Ami Bera,House,California
544,28,2014-11-04,R,Paul Cook,House,California
545,29,2014-11-04,D,Jerry McNerney,House,California
546,30,2014-11-04,R,Jeff Denham,House,California
547,31,2014-11-04,D,Mark DeSaulnier,House,California
548,32,2014-11-04,D,Nancy Pelosi,House,California
549,33,2014-11-04,D,Barbara Lee,House,California
550,34,2014-11-04,D,Jackie Speier,House,California
551,35,2014-11-04,D,Eric Swalwell,House,California
552,36,2014-11-04,D,Jim Costa,House,California
553,37,2014-11-04,D,Mike Honda,House,California
554,38,2014-11-04,D,Anna Eshoo,House,California
555,39,2014-11-04,D,Zoe Lofgren,House,California
556,40,2014-11-04,D,Sam Farr,House,California
557,41,2014-11-04,R,David Valadao,House,California
558,42,2014-11-04,R,Devin Nunes,House,California
559,43,2014-11-04,R,Kevin McCarthy,House,California
560,44,2014-11-04,D,Lois Capps,House,California
561,45,2014-11-04,R,Steve Knight,House,California
562,46,2014-11-04,D,Julia Brownley,House,California
563,47,2014-11-04,D,Judy Chu,House,California
564,48,2014-11-04,D,Adam Schiff,House,California
565,49,2014-11-04,D,Tony Cardenas,House,California
566,50,2014-11-04,D,Brad Sherman,House,California
567,51,2014-11-04,D,Pete Aguilar,House,California
568,52,2014-11-04,D,Grace Napolitano,House,California
569,53,2014-11-04,D,Ted Lieu,House,California
570,54,2014-11-04,D,Xavier Becerra,House,California
571,55,2014-11-04,D,Norma Torres,House,California
572,56,2014-11-04,D,Raul Ruiz,House,California
573,57,2014-11-04,D,Karen Bass,House,California
574,58,2014-11-04,D,Linda Sanchez,House,California
575,59,2014-11-04,R,Ed Royce,House,California
576,60,2014-11-04,D,Lucille Roybal-Allard,House,California
577,61,2014-11-04,D,Mark Takano,House,California
578,62,2014-11-04,R,Ken Calvert,House,California
579,63,2014-11-04,D,Maxine Waters,House,California
580,64,2014-11-04,D,Janice Hahn,House,California
581,65,2014-11-04,R,Mimi Walters,House,California
582,66,2014-11-04,D,Loretta Sanchez,House,California
583,67,2014-11-04,D,Alan Lowenthal,House,California
584,68,2014-11-04,R,Dana Rohrabacher,House,California
585,69,2014-11-04,R,Darrell Issa,House,California
586,70,2014-11-04,R,Duncan D. Hunter,House,California
587,71,2014-11-04,D,Juan Vargas,House,California
588,72,2014-11-04,D,Scott Peters,House,California
589,73,2014-11-04,D,Susan Davis,House,California
590,74,2014-11-04,D,Diana DeGette,House,Colorado
591,75,2014-11-04,D,Jared Polis,House,Colorado
592,76,2014-11-04,R,Scott Tipton,House,Colorado
593,77,2014-11-04,R,Ken Buck,House,Colorado
594,78,2014-11-04,R,Doug Lamborn,House,Colorado
595,79,2014-11-04,R,Mike Coffman,House,Colorado
596,80,2014-11-04,D,Ed Perlmutter,House,Colorado
597,81,2014-11-04,D,John Larson,House,Connecticut
598,82,2014-11-04,D,Joe Courtney,House,Connecticut
599,83,2014-11-04,D,Rosa DeLauro,House,Connecticut
600,84,2014-11-04,D,Jim Himes,House,Connecticut
601,85,2014-11-04,D,Elizabeth Esty,House,Connecticut
602,86,2014-11-04,D,John Carney,House,Delaware
603,87,2014-11-04,R,Jeff Miller,House,Florida
604,88,2014-11-04,D,Gwen Graham,House,Florida
605,89,2014-11-04,R,Ted Yoho,House,Florida
606,90,2014-11-04,R,Ander Crenshaw,House,Florida
607,91,2014-11-04,D,Corrine Brown,House,Florida
608,92,2014-11-04,R,Ron DeSantis,House,Florida
609,93,2014-11-04,R,John Mica,House,Florida
610,94,2014-11-04,R,Bill Posey,House,Florida
611,95,2014-11-04,D,Alan Grayson,House,Florida
612,96,2014-11-04,R,Daniel Webster,House,Florida
613,97,2014-11-04,R,Rich Nugent,House,Florida
614,98,2014-11-04,R,Gus Bilirakis,House,Florida
615,99,2014-11-04,R,David Jolly,House,Florida
616,100,2014-11-04,D,Kathy Castor,House,Florida
617,101,2014-11-04,R,Vern Buchanan,House,Florida
618,102,2014-11-04,R,Tom Rooney,House,Florida
619,103,2014-11-04,D,Patrick Murphy,House,Florida
620,104,2014-11-04,R,Curt Clawson,House,Florida
621,105,2014-11-04,D,Alcee Hastings,House,Florida
622,106,2014-11-04,D,Ted Deutch,House,Florida
623,107,2014-11-04,D,Lois Frankel,House,Florida
624,108,2014-11-04,D,Debbie Wasserman Schultz,House,Florida
625,109,2014-11-04,D,Frederica Wilson,House,Florida
626,110,2014-11-04,R,Mario Diaz-Balart,House,Florida
627,111,2014-11-04,R,Carlos Curbelo,House,Florida
628,112,2014-11-04,R,Ileana Ros-Lehtinen,House,Florida
629,113,2014-11-04,R,Buddy Carter,House,Georgia
630,114,2014-11-04,D,Sanford Bishop,House,Georgia
631,115,2014-11-04,R,Drew Ferguson,House,Georgia
632,116,2014-11-04,D,Hank Johnson,House,Georgia
633,117,2014-11-04,D,John Lewis,House,Georgia
634,118,2014-11-04,R,Tom Price,House,Georgia
635,119,2014-11-04,R,Rob Woodall,House,Georgia
636,120,2014-11-04,R,Austin Scott,House,Georgia
637,121,2014-11-04,R,Doug Collins,House,Georgia
638,122,2014-11-04,R,Jody Hice,House,Georgia
639,123,2014-11-04,R,Barry Loudermilk,House,Georgia
640,124,2014-11-04,D,David Scott,House,Georgia
641,125,2014-11-04,R,Tom Graves,House,Georgia
642,126,2014-11-04,D,Mark Takai,House,Hawaii
643,127,2016-11-08,D,Colleen Hanabusa,House,Hawaii
644,128,2014-11-04,D,Tulsi Gabbard,House,Hawaii
645,129,2014-11-04,R,Raul Labrador,House,Idaho
646,130,2014-11-04,R,Mike Simpson,House,Idaho
647,131,2014-11-04,D,Bobby Rush,House,Illinois
648,132,2014-11-04,D,Robin Kelly,House,Illinois
649,133,2014-11-04,D,Dan Lipinski,House,Illinois
650,134,2014-11-04,D,Luis Gutierrez,House,Illinois
651,135,2014-11-04,D,Mike Quigley,House,Illinois
652,136,2014-11-04,R,Peter Roskam,House,Illinois
653,137,2014-11-04,D,Tammy Duckworth,House,Illinois
654,138,2014-11-04,D,Jan Schakowsky,House,Illinois
655,139,2014-11-04,R,Bob Dold,House,Illinois
656,140,2014-11-04,D,Bill Foster,House,Illinois
657,141,2014-11-04,R,Mike Bost,House,Illinois
658,142,2014-11-04,R,Randy Hultgren,House,Illinois
659,143,2014-11-04,R,John Shimkus,House,Illinois
660,144,2014-11-04,R,Adam Kinzinger,House,Illinois
661,145,2014-11-04,D,Cheri Bustos,House,Illinois
662,146,2014-11-04,R,Aaron Schock,House,Illinois
663,147,2015-09-10,R,Darin LaHood,House,Illinois
664,148,2014-11-04,D,Pete Visclosky,House,Indiana
665,149,2014-11-04,R,Jackie Walorski,House,Indiana
666,150,2014-11-04,R,Marlin Stutzman,House,Indiana
667,151,2014-11-04,R,Todd Rokita,House,Indiana
668,152,2014-11-04,R,Susan Brooks,House,Indiana
669,153,2014-11-04,R,Luke Messer,House,Indiana
670,154,2014-11-04,D,Andre Carson,House,Indiana
671,155,2014-11-04,R,Larry Bucshon,House,Indiana
672,156,2014-11-04,R,Todd Young,House,Indiana
673,157,2014-11-04,R,Rod Blum,House,Iowa
674,158,2014-11-04,D,David Loebsack,House,Iowa
675,159,2014-11-04,R,David Young,House,Iowa
676,160,2014-11-04,R,Steve King,House,Iowa
677,161,2014-11-04,R,Tim Huelskamp,House,Kansas
678,162,2014-11-04,R,Lynn Jenkins,House,Kansas
679,163,2014-11-04,R,Kevin Yoder,House,Kansas
680,164,2014-11-04,R,Mike Pompeo,House,Kansas
681,165,2014-11-04,R,Ed Whitfield,House,Kentucky
682,166,2016-11-08,R,James Comer,House,Kentucky
683,167,2014-11-04,R,Brett Guthrie,House,Kentucky
684,168,2014-11-04,D,John Yarmuth,House,Kentucky
685,169,2014-11-04,R,Thomas Massie,House,Kentucky
686,170,2014-11-04,R,Hal Rogers,House,Kentucky
687,171,2014-11-04,R,Andy Barr,House,Kentucky
688,172,2014-11-04,R,Steve Scalise,House,Louisiana
689,173,2014-11-04,D,Cedric Richmond,House,Louisiana
690,174,2014-11-04,R,Charles Boustany,House,Louisiana
691,175,2014-11-04,R,John Fleming,House,Louisiana
692,176,2014-11-04,R,Ralph Abraham,House,Louisiana
693,177,2014-11-04,R,Garret Graves,House,Louisiana
694,178,2014-11-04,D,Chellie Pingree,House,Maine
695,179,2014-11-04,R,Bruce Poliquin,House,Maine
696,180,2014-11-04,R,Andy Harris,House,Maryland
697,181,2014-11-04,D,Dutch Ruppersberger,House,Maryland
698,182,2014-11-04,D,John Sarbanes,House,Maryland
699,183,2014-11-04,D,Donna Edwards,House,Maryland
700,184,2014-11-04,D,Steny Hoyer,House,Maryland
701,185,2014-11-04,D,John Delaney,House,Maryland
702,186,2014-11-04,D,Elijah Cummings,House,Maryland
703,187,2014-11-04,D,Chris Van Hollen,House,Maryland
704,188,2014-11-04,D,Richard Neal,House,Massachusetts
705,189,2014-11-04,D,Jim McGovern,House,Massachusetts
706,190,2014-11-04,D,Niki Tsongas,House,Massachusetts
707,191,2014-11-04,D,Katherine Clark,House,Massachusetts
708,192,2014-11-04,D,Seth Moulton,House,Massachusetts
709,193,2014-11-04,D,Mike Capuano,House,Massachusetts
710,194,2014-11-04,D,Stephen Lynch,House,Massachusetts
711,195,2014-11-04,R,Dan Benishek,House,Michigan
712,196,2014-11-04,R,Bill Huizenga,House,Michigan
713,197,2014-11-04,R,Justin Amash,House,Michigan
714,198,2014-11-04,R,John Moolenaar,House,Michigan
715,199,2014-11-04,D,Dan Kildee,House,Michigan
716,200,2014-11-04,R,Fred Upton,House,Michigan
717,201,2014-11-04,R,Tim Walberg,House,Michigan
718,202,2014-11-04,R,Mike Bishop,House,Michigan
719,203,2014-11-04,D,Sander Levin,House,Michigan
720,204,2014-11-04,R,Candice Miller,House,Michigan
721,205,2014-11-04,R,Dave Trott,House,Michigan
722,206,2014-11-04,D,Debbie Dingell,House,Michigan
723,207,2014-11-04,D,John Conyers,House,Michigan
724,208,2014-11-04,D,Brenda Lawrence,House,Michigan
725,209,2014-11-04,D,Tim Walz,House,Minnesota
726,210,2014-11-04,R,John Kline,House,Minnesota
727,211,2014-11-04,R,Erik Paulsen,House,Minnesota
728,212,2014-11-04,D,Betty McCollum,House,Minnesota
729,213,2014-11-04,D,Keith Ellison,House,Minnesota
730,214,2014-11-04,R,Tom Emmer,House,Minnesota
731,215,2014-11-04,D,Collin Peterson,House,Minnesota
732,216,2014-11-04,D,Rick Nolan,House,Minnesota
733,217,2014-11-04,R,Alan Nunnelee,House,Mississippi
734,218,2015-06-02,R,Trent Kelly,House,Mississippi
735,219,2014-11-04,D,Bennie Thompson,House,Mississippi
736,220,2014-11-04,R,Gregg Harper,House,Mississippi
737,221,2014-11-04,R,Steven Palazzo,House,Mississippi
738,222,2014-11-04,D,Lacy Clay,House,Missouri
739,223,2014-11-04,R,Ann Wagner,House,Missouri
740,224,2014-11-04,R,Blaine Luetkemeyer,House,Missouri
741,225,2014-11-04,R,Vicky Hartzler,House,Missouri
742,226,2014-11-04,D,Emanuel Cleaver,House,Missouri
743,227,2014-11-04,R,Sam Graves,House,Missouri
744,228,2014-11-04,R,Billy Long,House,Missouri
745,229,2014-11-04,R,Ryan Zinke,House,Montana
746,230,2014-11-04,R,Jeff Fortenberry,House,Nebraska
747,231,2014-11-04,D,Brad Ashford,House,Nebraska
748,232,2014-11-04,R,Adrian Smith,House,Nebraska
749,233,2014-11-04,D,Dina Titus,House,Nevada
750,234,2014-11-04,R,Mark Amodei,House,Nevada
751,235,2014-11-04,R,Joe Heck,House,Nevada
752,236,2014-11-04,R,Cresent Hardy,House,Nevada
753,237,2014-11-04,R,Frank Guinta,House,New_Hampshire
754,238,2014-11-04,D,Ann McLane Kuster,House,New_Hampshire
755,239,2014-11-04,D,Donald Norcross,House,New_Jersey
756,240,2014-11-04,R,Frank LoBiondo,House,New_Jersey
757,241,2014-11-04,R,Tom MacArthur,House,New_Jersey
758,242,2014-11-04,R,Chris Smith,House,New_Jersey
759,243,2014-11-04,D,Josh Gottheimer,House,New_Jersey
760,244,2014-11-04,D,Frank Pallone,House,New_Jersey
761,245,2014-11-04,R,Leonard Lance,House,New_Jersey
762,246,2014-11-04,D,Albio Sires,House,New_Jersey
763,247,2014-11-04,D,Bill Pascrell,House,New_Jersey
764,248,2014-11-04,D,Donald Payne Jr.,House,New_Jersey
765,249,2014-11-04,R,Rodney Frelinghuysen,House,New_Jersey
766,250,2014-11-04,D,Bonnie Watson Coleman,House,New_Jersey
767,251,2014-11-04,D,Michelle Lujan Grisham,House,New_Mexico
768,252,2014-11-04,R,Steve Pearce,House,New_Mexico
769,253,2014-11-04,D,Ben Ray Lujan,House,New_Mexico
770,254,2014-11-04,R,Lee Zeldin,House,New_York
771,255,2014-11-04,D,Steve Israel,House,New_York
772,256,2014-11-04,D,Kathleen Rice,House,New_York
773,257,2014-11-04,D,Gregory Meeks,House,New_York
774,258,2014-11-04,D,Grace Meng,House,New_York
775,259,2014-11-04,D,Nydia Velazquez,House,New_York
776,260,2014-11-04,D,Hakeem Jeffries,House,New_York
777,261,2014-11-04,D,Yvette Clarke,House,New_York
778,262,2014-11-04,D,Jerrold Nadler,House,New_York
779,263,2014-11-04,R,Michael Grimm,House,New_York
780,264,2015-05-05,R,Dan Donovan,House,New_York
781,265,2014-11-04,D,Carolyn Maloney,House,New_York
782,266,2014-11-04,D,Charles Rangel,House,New_York
783,267,2014-11-04,D,Joseph Crowley,House,New_York
784,268,2014-11-04,D,Jose E. Serrano,House,New_York
785,269,2014-11-04,D,Eliot Engel,House,New_York
786,270,2014-11-04,D,Nita Lowey,House,New_York
787,271,2014-11-04,D,Sean Patrick Maloney,House,New_York
788,272,2014-11-04,R,Chris Gibson,House,New_York
789,273,2014-11-04,D,Paul Tonko,House,New_York
790,274,2014-11-04,R,Elise Stefanik,House,New_York
791,275,2014-11-04,R,John Katko,House,New_York
792,276,2014-11-04,D,Louise Slaughter,House,New_York
793,277,2014-11-04,D,Brian Higgins,House,New_York
794,278,2014-11-04,R,Chris Collins,House,New_York
795,279,2014-11-04,D,G. K. Butterfield,House,North_Carolina
796,280,2014-11-04,R,Renee Ellmers,House,North_Carolina
797,281,2014-11-04,R,Walter B. Jones Jr.,House,North_Carolina
798,282,2014-11-04,D,David Price,House,North_Carolina
799,283,2014-11-04,R,Virginia Foxx,House,North_Carolina
800,284,2014-11-04,R,Mark Walker,House,North_Carolina
801,285,2014-11-04,R,David Rouzer,House,North_Carolina
802,286,2014-11-04,R,Richard Hudson,House,North_Carolina
803,287,2014-11-04,R,Robert Pittenger,House,North_Carolina
804,288,2014-11-04,R,Patrick McHenry,House,North_Carolina
805,289,2014-11-04,R,Mark Meadows,House,North_Carolina
806,290,2014-11-04,D,Alma Adams,House,North_Carolina
807,291,2014-11-04,R,George Holding,House,North_Carolina
808,292,2014-11-04,R,Kevin Cramer,House,North_Dakota
809,293,2014-11-04,R,Steve Chabot,House,Ohio
810,294,2014-11-04,R,Brad Wenstrup,House,Ohio
811,295,2014-11-04,D,Joyce Beatty,House,Ohio
812,296,2014-11-04,R,Jim Jordan,House,Ohio
813,297,2014-11-04,R,Bob Latta,House,Ohio
814,298,2014-11-04,R,Bill Johnson,House,Ohio
815,299,2014-11-04,R,Bob Gibbs,House,Ohio
816,300,2014-11-04,R,John Boehner,House,Ohio
817,301,2016-06-07,R,Warren Davidson,House,Ohio
818,302,2014-11-04,D,Marcy Kaptur,House,Ohio
819,303,2014-11-04,R,Mike Turner,House,Ohio
820,304,2014-11-04,D,Marcia Fudge,House,Ohio
821,305,2014-11-04,R,Pat Tiberi,House,Ohio
822,306,2014-11-04,D,Tim Ryan,House,Ohio
823,307,2014-11-04,R,David Joyce,House,Ohio
824,308,2014-11-04,R,Steve Stivers,House,Ohio
825,309,2014-11-04,R,Jim Renacci,House,Ohio
826,310,2014-11-04,R,Jim Bridenstine,House,Oklahoma
827,311,2014-11-04,R,Markwayne Mullin,House,Oklahoma
828,312,2014-11-04,R,Frank Lucas,House,Oklahoma
829,313,2014-11-04,R,Tom Cole,House,Oklahoma
830,314,2014-11-04,R,Steve Russell,House,Oklahoma
831,315,2014-11-04,D,Suzanne Bonamici,House,Oregon
832,316,2014-11-04,R,Greg Walden,House,Oregon
833,317,2014-11-04,D,Earl Blumenauer,House,Oregon
834,318,2014-11-04,D,Peter DeFazio,House,Oregon
835,319,2014-11-04,D,Kurt Schrader,House,Oregon
836,320,2014-11-04,D,Bob Brady,House,Pennsylvania
837,321,2014-11-04,D,Chaka Fattah,House,Pennsylvania
838,322,2016-11-08,D,Dwight Evans,House,Pennsylvania
839,323,2014-11-04,R,Mike Kelly,House,Pennsylvania
840,324,2014-11-04,R,Scott Perry,House,Pennsylvania
841,325,2014-11-04,R,Glenn Thompson,House,Pennsylvania
842,326,2014-11-04,R,Ryan Costello,House,Pennsylvania
843,327,2014-11-04,R,Pat Meehan,House,Pennsylvania
844,328,2014-11-04,R,Mike Fitzpatrick,House,Pennsylvania
845,329,2014-11-04,R,Bill Shuster,House,Pennsylvania
846,330,2014-11-04,R,Tom Marino,House,Pennsylvania
847,331,2014-11-04,R,Lou Barletta,House,Pennsylvania
848,332,2014-11-04,R,Keith Rothfus,House,Pennsylvania
849,333,2014-11-04,D,Brendan Boyle,House,Pennsylvania
850,334,2014-11-04,R,Joe Pitts,House,Pennsylvania
851,335,2014-11-04,D,Matt Cartwright,House,Pennsylvania
852,336,2014-11-04,D,David Cicilline,House,Rhode_Island
853,337,2014-11-04,D,James Langevin,House,Rhode_Island
854,338,2014-11-04,R,Mark Sanford,House,South_Carolina
855,339,2014-11-04,R,Joe Wilson,House,South_Carolina
856,340,2014-11-04,R,Jeff Duncan,House,South_Carolina
857,341,2014-11-04,R,Trey Gowdy,House,South_Carolina
858,342,2014-11-04,R,Mick Mulvaney,House,South_Carolina
859,343,2014-11-04,D,Jim Clyburn,House,South_Carolina
860,344,2014-11-04,R,Tom Rice,House,South_Carolina
861,345,2014-11-04,R,Kristi Noem,House,South_Dakota
862,346,2014-11-04,R,Phil Roe,House,Tennessee
863,347,2014-11-04,R,Jimmy Duncan,House,Tennessee
864,348,2014-11-04,R,Chuck Fleischmann,House,Tennessee
865,349,2014-11-04,R,Scott DesJarlais,House,Tennessee
866,350,2014-11-04,D,Jim Cooper,House,Tennessee
867,351,2014-11-04,R,Diane Black,House,Tennessee
868,352,2014-11-04,R,Marsha Blackburn,House,Tennessee
869,353,2014-11-04,R,Stephen Fincher,House,Tennessee
870,354,2014-11-04,D,Steve Cohen,House,Tennessee
871,355,2014-11-04,R,Louie Gohmert,House,Texas
872,356,2014-11-04,R,Ted Poe,House,Texas
873,357,2014-11-04,R,Sam Johnson,House,Texas
874,358,2014-11-04,R,John Ratcliffe,House,Texas
875,359,2014-11-04,R,Jeb Hensarling,House,Texas
876,360,2014-11-04,R,Joe Barton,House,Texas
877,361,2014-11-04,R,John Culberson,House,Texas
878,362,2014-11-04,R,Kevin Brady,House,Texas
879,363,2014-11-04,D,Al Green,House,Texas
880,364,2014-11-04,R,Michael McCaul,House,Texas
881,365,2014-11-04,R,Mike Conaway,House,Texas
882,366,2014-11-04,R,Kay Granger,House,Texas
883,367,2014-11-04,R,Mac Thornberry,House,Texas
884,368,2014-11-04,R,Randy Weber,House,Texas
885,369,2014-11-04,D,Ruben Hinojosa,House,Texas
886,370,2014-11-04,D,Beto O'Rourke,House,Texas
887,371,2014-11-04,R,Bill Flores,House,Texas
888,372,2014-11-04,D,Sheila Jackson Lee,House,Texas
889,373,2014-11-04,R,Randy Neugebauer,House,Texas
890,374,2014-11-04,D,Joaquin Castro,House,Texas
891,375,2014-11-04,R,Pete Olson,House,Texas
892,376,2014-11-04,R,Will Hurd,House,Texas
893,377,2014-11-04,R,Kenny Marchant,House,Texas
894,378,2014-11-04,R,Roger Williams,House,Texas
895,379,2014-11-04,R,Blake Farenthold,House,Texas
896,380,2014-11-04,D,Henry Cuellar,House,Texas
897,381,2014-11-04,D,Gene Green,House,Texas
898,382,2014-11-04,D,Eddie Bernice Johnson,House,Texas
899,383,2014-11-04,R,John Carter,House,Texas
900,384,2014-11-04,R,Pete Sessions,House,Texas
901,385,2014-11-04,D,Marc Veasey,House,Texas
902,386,2014-11-04,D,Filemon Vela Jr.,House,Texas
903,387,2014-11-04,D,Lloyd Doggett,House,Texas
904,388,2014-11-04,R,Brian Babin,House,Texas
905,389,2014-11-04,R,Rob Bishop,House,Utah
906,390,2014-11-04,R,Chris Stewart,House,Utah
907,391,2014-11-04,R,Jason Chaffetz,House,Utah
908,392,2014-11-04,R,Mia Love,House,Utah
909,393,2014-11-04,D,Peter Welch,House,Vermont
910,394,2014-11-04,R,Rob Wittman,House,Virginia
911,395,2014-11-04,R,Scott Rigell,House,Virginia
912,396,2014-11-04,D,Bobby Scott,House,Virginia
913,397,2014-11-04,R,Randy Forbes,House,Virginia
914,398,2014-11-04,R,Robert Hurt,House,Virginia
915,399,2014-11-04,R,Bob Goodlatte,House,Virginia
916,400,2014-11-04,R,Dave Brat,House,Virginia
917,401,2014-11-04,D,Don Beyer,House,Virginia
918,402,2014-11-04,R,Morgan Griffith,House,Virginia
919,403,2014-11-04,R,Barbara Comstock,House,Virginia
920,404,2014-11-04,D,Gerry Connolly,House,Virginia
921,405,2014-11-04,D,Suzan DelBene,House,Washington
922,406,2014-11-04,D,Rick Larsen,House,Washington
923,407,2014-11-04,R,Jaime Herrera Beutler,House,Washington
924,408,2014-11-04,R,Dan Newhouse,House,Washington
925,409,2014-11-04,R,Cathy McMorris Rodgers,House,Washington
926,410,2014-11-04,D,Derek Kilmer,House,Washington
927,411,2014-11-04,D,Jim McDermott,House,Washington
928,412,2014-11-04,R,Dave Reichert,House,Washington
929,413,2014-11-04,D,Adam Smith,House,Washington
930,414,2014-11-04,D,Dennis Heck,House,Washington
931,415,2014-11-04,R,David McKinley,House,West_Virginia
932,416,2014-11-04,R,Alex Mooney,House,West_Virginia
933,417,2014-11-04,R,Evan Jenkins,House,West_Virginia
934,418,2014-11-04,R,Paul Ryan,House,Wisconsin
935,419,2014-11-04,D,Mark Pocan,House,Wisconsin
936,420,2014-11-04,D,Ron Kind,House,Wisconsin
937,421,2014-11-04,D,Gwen Moore,House,Wisconsin
938,422,2014-11-04,R,Jim Sensenbrenner,House,Wisconsin
939,423,2014-11-04,R,Glenn Grothman,House,Wisconsin
940,424,2014-11-04,R,Sean Duffy,House,Wisconsin
941,425,2014-11-04,R,Reid Ribble,House,Wisconsin
942,426,2014-11-04,R,Cynthia Lummis,House,Wyoming
943,0,2012-11-06,R,Jeff Flake,Senate,Arizona
944,1,2012-11-06,D,Dianne Feinstein,Senate,California
945,2,2012-11-06,D,Chris Murphy,Senate,Connecticut
946,3,2012-11-06,D,Tom Carper,Senate,Delaware
947,4,2012-11-06,D,Bill Nelson,Senate,Florida
948,5,2012-11-06,D,Mazie Hirono,Senate,Hawaii
949,6,2012-11-06,D,Joe Donnelly,Senate,Indiana
950,7,2012-11-06,I,Angus King,Senate,Maine
951,8,2012-11-06,D,Ben Cardin,Senate,Maryland
952,9,2012-11-06,D,Elizabeth Warren,Senate,Massachusetts
953,10,2013-02-01,D,Mo Cowan,Senate,Massachusetts
954,11,2013-07-16,D,Ed Markey,Senate,Massachusetts
955,12,2012-11-06,D,Debbie Stabenow,Senate,Michigan
956,13,2012-11-06,D,Amy Klobuchar,Senate,Minnesota
957,14,2012-11-06,R,Roger Wicker,Senate,Mississippi
958,15,2012-11-06,D,Claire McCaskill,Senate,Missouri
959,16,2012-11-06,D,Jon Tester,Senate,Montana
960,17,2014-02-09,D,John Walsh,Senate,Montana
961,18,2012-11-06,R,Deb Fischer,Senate,Nebraska
962,19,2012-11-06,R,Dean Heller,Senate,Nevada
963,20,2012-11-06,D,Bob Menendez,Senate,New_Jersey
964,21,2013-06-06,R,Jeffrey Chiesa,Senate,New_Jersey
965,22,2013-10-31,D,Cory Booker,Senate,New_Jersey
966,23,2012-11-06,D,Martin Heinrich,Senate,New_Mexico
967,24,2012-11-06,D,Kirsten Gillibrand,Senate,New_York
968,25,2012-11-06,D,Heidi Heitkamp,Senate,North_Dakota
969,26,2012-11-06,D,Sherrod Brown,Senate,Ohio
970,27,2012-11-06,D,Bob Casey Jr.,Senate,Pennsylvania
971,28,2012-11-06,D,Sheldon Whitehouse,Senate,Rhode_Island
972,29,2012-11-06,R,Bob Corker,Senate,Tennessee
973,30,2012-11-06,R,Ted Cruz,Senate,Texas
974,31,2012-11-06,R,Orrin Hatch,Senate,Utah
975,32,2012-11-06,I,Bernie Sanders,Senate,Vermont
976,33,2012-11-06,D,Tim Kaine,Senate,Virginia
977,34,2012-11-06,D,Maria Cantwell,Senate,Washington
978,35,2012-11-06,D,Joe Manchin,Senate,West_Virginia
979,36,2012-11-06,D,Tammy Baldwin,Senate,Wisconsin
980,37,2012-11-06,R,John Barrasso,Senate,Wyoming
981,0,2012-11-06,R,Jo Bonner,House,Alabama
982,1,2014-01-07,R,Bradley Byrne,House,Alabama
983,2,2012-11-06,R,Martha Roby,House,Alabama
984,3,2012-11-06,R,Mike Rogers,House,Michigan
985,4,2012-11-06,R,Mike Rogers,House,Michigan
986,5,2012-11-06,R,Robert Aderholt,House,Alabama
987,6,2012-11-06,R,Mo Brooks,House,Alabama
988,7,2012-11-06,R,Spencer Bachus,House,Alabama
989,8,2012-11-06,D,Terri Sewell,House,Alabama
990,9,2012-11-06,R,Don Young,House,Alaska
991,10,2012-11-06,D,Ann Kirkpatrick,House,Arizona
992,11,2012-11-06,D,Ron Barber,House,Arizona
993,12,2012-11-06,D,Raul Grijalva,House,Arizona
994,13,2012-11-06,R,Paul Gosar,House,Arizona
995,14,2012-11-06,R,Matt Salmon,House,Arizona
996,15,2012-11-06,R,David Schweikert,House,Arizona
997,16,2012-11-06,D,Ed Pastor,House,Arizona
998,17,2012-11-06,R,Trent Franks,House,Arizona
999,18,2012-11-06,D,Kyrsten Sinema,House,Arizona
1000,19,2012-11-06,R,Rick Crawford,House,Arkansas
1001,20,2012-11-06,R,Timothy Griffin,House,Arkansas
1002,21,2012-11-06,R,Steve Womack,House,Arkansas
1003,22,2012-11-06,R,Tom Cotton,House,Arkansas
1004,23,2012-11-06,R,Doug LaMalfa,House,California
1005,24,2012-11-06,D,Jared Huffman,House,California
1006,25,2012-11-06,D,John Garamendi,House,California
1007,26,2012-11-06,R,Tom McClintock,House,California
1008,27,2012-11-06,D,Mike Thompson,House,California
1009,28,2012-11-06,D,Doris Matsui,House,California
1010,29,2012-11-06,D,Ami Bera,House,California
1011,30,2012-11-06,R,Paul Cook,House,California
1012,31,2012-11-06,D,Jerry McNerney,House,California
1013,32,2012-11-06,R,Jeff Denham,House,California
1014,33,2012-11-06,D,George Miller,House,California
1015,34,2012-11-06,D,Nancy Pelosi,House,California
1016,35,2012-11-06,D,Barbara Lee,House,California
1017,36,2012-11-06,D,Jackie Speier,House,California
1018,37,2012-11-06,D,Eric Swalwell,House,California
1019,38,2012-11-06,D,Jim Costa,House,California
1020,39,2012-11-06,D,Mike Honda,House,California
1021,40,2012-11-06,D,Anna Eshoo,House,California
1022,41,2012-11-06,D,Zoe Lofgren,House,California
1023,42,2012-11-06,D,Sam Farr,House,California
1024,43,2012-11-06,R,David Valadao,House,California
1025,44,2012-11-06,R,Devin Nunes,House,California
1026,45,2012-11-06,R,Kevin McCarthy,House,California
1027,46,2012-11-06,D,Lois Capps,House,California
1028,47,2012-11-06,R,Buck McKeon,House,California
1029,48,2012-11-06,D,Julia Brownley,House,California
1030,49,2012-11-06,D,Judy Chu,House,California
1031,50,2012-11-06,D,Adam Schiff,House,California
1032,51,2012-11-06,D,Tony Cardenas,House,California
1033,52,2012-11-06,D,Brad Sherman,House,California
1034,53,2012-11-06,R,Gary Miller,House,California
1035,54,2012-11-06,D,Grace Napolitano,House,California
1036,55,2012-11-06,D,Henry Waxman,House,California
1037,56,2012-11-06,D,Xavier Becerra,House,California
1038,57,2012-11-06,D,Gloria Negrete McLeod,House,California
1039,58,2012-11-06,D,Raul Ruiz,House,California
1040,59,2012-11-06,D,Karen Bass,House,California
1041,60,2012-11-06,D,Linda Sanchez,House,California
1042,61,2012-11-06,R,Ed Royce,House,California
1043,62,2012-11-06,D,Lucille Roybal-Allard,House,California
1044,63,2012-11-06,D,Mark Takano,House,California
1045,64,2012-11-06,R,Ken Calvert,House,California
1046,65,2012-11-06,D,Maxine Waters,House,California
1047,66,2012-11-06,D,Janice Hahn,House,California
1048,67,2012-11-06,D,Loretta Sanchez,House,California
1049,68,2012-11-06,D,Alan Lowenthal,House,California
1050,69,2012-11-06,R,Dana Rohrabacher,House,California
1051,70,2012-11-06,R,Darrell Issa,House,California
1052,71,2012-11-06,R,Duncan D. Hunter,House,California
1053,72,2012-11-06,D,Juan Vargas,House,California
1054,73,2012-11-06,D,Scott Peters,House,California
1055,74,2012-11-06,D,Susan Davis,House,California
1056,75,2012-11-06,D,Diana DeGette,House,Colorado
1057,76,2012-11-06,D,Jared Polis,House,Colorado
1058,77,2012-11-06,R,Scott Tipton,House,Colorado
1059,78,2012-11-06,R,Cory Gardner,House,Colorado
1060,79,2012-11-06,R,Doug Lamborn,House,Colorado
1061,80,2012-11-06,R,Mike Coffman,House,Colorado
1062,81,2012-11-06,D,Ed Perlmutter,House,Colorado
1063,82,2012-11-06,D,John Larson,House,Connecticut
1064,83,2012-11-06,D,Joe Courtney,House,Connecticut
1065,84,2012-11-06,D,Rosa DeLauro,House,Connecticut
1066,85,2012-11-06,D,Jim Himes,House,Connecticut
1067,86,2012-11-06,D,Elizabeth Esty,House,Connecticut
1068,87,2012-11-06,D,John Carney,House,Delaware
1069,88,2012-11-06,R,Jeff Miller,House,Florida
1070,89,2012-11-06,R,Steve Southerland,House,Florida
1071,90,2012-11-06,R,Ted Yoho,House,Florida
1072,91,2012-11-06,R,Ander Crenshaw,House,Florida
1073,92,2012-11-06,D,Corrine Brown,House,Florida
1074,93,2012-11-06,R,Ron DeSantis,House,Florida
1075,94,2012-11-06,R,John Mica,House,Florida
1076,95,2012-11-06,R,Bill Posey,House,Florida
1077,96,2012-11-06,D,Alan Grayson,House,Florida
1078,97,2012-11-06,R,Daniel Webster,House,Florida
1079,98,2012-11-06,R,Rich Nugent,House,Florida
1080,99,2012-11-06,R,Gus Bilirakis,House,Florida
1081,100,2012-11-06,R,Bill Young,House,Florida
1082,101,2014-03-13,R,David Jolly,House,Florida
1083,102,2012-11-06,D,Kathy Castor,House,Florida
1084,103,2012-11-06,R,Vern Buchanan,House,Florida
1085,104,2012-11-06,R,Tom Rooney,House,Florida
1086,105,2012-11-06,D,Patrick Murphy,House,Florida
1087,106,2012-11-06,R,Trey Radel,House,Florida
1088,107,2014-06-25,R,Curt Clawson,House,Florida
1089,108,2012-11-06,D,Alcee Hastings,House,Florida
1090,109,2012-11-06,D,Ted Deutch,House,Florida
1091,110,2012-11-06,D,Lois Frankel,House,Florida
1092,111,2012-11-06,D,Debbie Wasserman Schultz,House,Florida
1093,112,2012-11-06,D,Frederica Wilson,House,Florida
1094,113,2012-11-06,R,Mario Diaz-Balart,House,Florida
1095,114,2012-11-06,D,Joe Garcia,House,Florida
1096,115,2012-11-06,R,Ileana Ros-Lehtinen,House,Florida
1097,116,2012-11-06,R,Jack Kingston,House,Georgia
1098,117,2012-11-06,D,Sanford Bishop,House,Georgia
1099,118,2012-11-06,R,Lynn Westmoreland,House,Georgia
1100,119,2012-11-06,D,Hank Johnson,House,Georgia
1101,120,2012-11-06,D,John Lewis,House,Georgia
1102,121,2012-11-06,R,Tom Price,House,Georgia
1103,122,2012-11-06,R,Rob Woodall,House,Georgia
1104,123,2012-11-06,R,Austin Scott,House,Georgia
1105,124,2012-11-06,R,Doug Collins,House,Georgia
1106,125,2012-11-06,R,Paul Broun,House,Georgia
1107,126,2012-11-06,R,Phil Gingrey,House,Georgia
1108,127,2012-11-06,D,John Barrow,House,Georgia
1109,128,2012-11-06,D,David Scott,House,Georgia
1110,129,2012-11-06,R,Tom Graves,House,Georgia
1111,130,2012-11-06,D,Colleen Hanabusa,House,Hawaii
1112,131,2012-11-06,D,Tulsi Gabbard,House,Hawaii
1113,132,2012-11-06,R,Raul Labrador,House,Idaho
1114,133,2012-11-06,R,Mike Simpson,House,Idaho
1115,134,2012-11-06,D,Bobby Rush,House,Illinois
1116,135,2012-11-06,D,Robin Kelly,House,Illinois
1117,136,2012-11-06,D,Dan Lipinski,House,Illinois
1118,137,2012-11-06,D,Luis Gutierrez,House,Illinois
1119,138,2012-11-06,D,Mike Quigley,House,Illinois
1120,139,2012-11-06,R,Peter Roskam,House,Illinois
1121,140,2012-11-06,D,Danny K. Davis,House,Illinois
1122,141,2012-11-06,D,Tammy Duckworth,House,Illinois
1123,142,2012-11-06,D,Jan Schakowsky,House,Illinois
1124,143,2012-11-06,D,Brad Schneider,House,Illinois
1125,144,2012-11-06,D,Bill Foster,House,Illinois
1126,145,2012-11-06,D,William Enyart,House,Illinois
1127,146,2012-11-06,R,Rodney L. Davis,House,Illinois
1128,147,2012-11-06,R,Randy Hultgren,House,Illinois
1129,148,2012-11-06,R,John Shimkus,House,Illinois
1130,149,2012-11-06,R,Adam Kinzinger,House,Illinois
1131,150,2012-11-06,D,Cheri Bustos,House,Illinois
1132,151,2012-11-06,R,Aaron Schock,House,Illinois
1133,152,2012-11-06,D,Pete Visclosky,House,Indiana
1134,153,2012-11-06,R,Jackie Walorski,House,Indiana
1135,154,2012-11-06,R,Marlin Stutzman,House,Indiana
1136,155,2012-11-06,R,Todd Rokita,House,Indiana
1137,156,2012-11-06,R,Susan Brooks,House,Indiana
1138,157,2012-11-06,R,Luke Messer,House,Indiana
1139,158,2012-11-06,D,Andre Carson,House,Indiana
1140,159,2012-11-06,R,Larry Bucshon,House,Indiana
1141,160,2012-11-06,R,Todd Young,House,Indiana
1142,161,2012-11-06,D,Bruce Braley,House,Iowa
1143,162,2012-11-06,D,David Loebsack,House,Iowa
1144,163,2012-11-06,R,Tom Latham,House,Iowa
1145,164,2012-11-06,R,Steve King,House,Iowa
1146,165,2012-11-06,R,Tim Huelskamp,House,Kansas
1147,166,2012-11-06,R,Lynn Jenkins,House,Kansas
1148,167,2012-11-06,R,Kevin Yoder,House,Kansas
1149,168,2012-11-06,R,Mike Pompeo,House,Kansas
1150,169,2012-11-06,R,Ed Whitfield,House,Kentucky
1151,170,2012-11-06,R,Brett Guthrie,House,Kentucky
1152,171,2012-11-06,D,John Yarmuth,House,Kentucky
1153,172,2012-11-06,R,Thomas Massie,House,Kentucky
1154,173,2012-11-06,R,Hal Rogers,House,Kentucky
1155,174,2012-11-06,R,Andy Barr,House,Kentucky
1156,175,2012-11-06,R,Steve Scalise,House,Louisiana
1157,176,2012-11-06,D,Cedric Richmond,House,Louisiana
1158,177,2012-11-06,R,Charles Boustany,House,Louisiana
1159,178,2012-11-06,R,John Fleming,House,Louisiana
1160,179,2012-11-06,R,Rodney Alexander,House,Louisiana
1161,180,2013-11-21,R,Vance McAllister,House,Louisiana
1162,181,2012-11-06,R,Bill Cassidy,House,Louisiana
1163,182,2012-11-06,D,Chellie Pingree,House,Maine
1164,183,2012-11-06,D,Mike Michaud,House,Maine
1165,184,2012-11-06,D,Dutch Ruppersberger,House,Maryland
1166,185,2012-11-06,D,John Sarbanes,House,Maryland
1167,186,2012-11-06,D,Donna Edwards,House,Maryland
1168,187,2012-11-06,D,Steny Hoyer,House,Maryland
1169,188,2012-11-06,D,Elijah Cummings,House,Maryland
1170,189,2012-11-06,D,Chris Van Hollen,House,Maryland
1171,190,2012-11-06,D,Richard Neal,House,Massachusetts
1172,191,2012-11-06,D,Jim McGovern,House,Massachusetts
1173,192,2012-11-06,D,Niki Tsongas,House,Massachusetts
1174,193,2012-11-06,D,Joseph P. Kennedy III,House,Massachusetts
1175,194,2012-11-06,D,Ed Markey,House,Massachusetts
1176,195,2013-12-12,D,Katherine Clark,House,Massachusetts
1177,196,2012-11-06,D,Mike Capuano,House,Massachusetts
1178,197,2012-11-06,D,Stephen Lynch,House,Massachusetts
1179,198,2012-11-06,R,Dan Benishek,House,Michigan
1180,199,2012-11-06,R,Bill Huizenga,House,Michigan
1181,200,2012-11-06,R,Justin Amash,House,Michigan
1182,201,2012-11-06,R,Dave Camp,House,Michigan
1183,202,2012-11-06,D,Dan Kildee,House,Michigan
1184,203,2012-11-06,R,Fred Upton,House,Michigan
1185,204,2012-11-06,R,Tim Walberg,House,Michigan
1186,205,2012-11-06,D,Sander Levin,House,Michigan
1187,206,2012-11-06,R,Candice Miller,House,Michigan
1188,207,2012-11-06,R,Kerry Bentivolio,House,Michigan
1189,208,2012-11-06,D,John Dingell,House,Michigan
1190,209,2012-11-06,D,John Conyers,House,Michigan
1191,210,2012-11-06,D,Gary Peters,House,Michigan
1192,211,2012-11-06,D,Tim Walz,House,Minnesota
1193,212,2012-11-06,R,John Kline,House,Minnesota
1194,213,2012-11-06,R,Erik Paulsen,House,Minnesota
1195,214,2012-11-06,D,Betty McCollum,House,Minnesota
1196,215,2012-11-06,D,Keith Ellison,House,Minnesota
1197,216,2012-11-06,R,Michele Bachmann,House,Minnesota
1198,217,2012-11-06,D,Collin Peterson,House,Minnesota
1199,218,2012-11-06,D,Rick Nolan,House,Minnesota
1200,219,2012-11-06,R,Alan Nunnelee,House,Mississippi
1201,220,2012-11-06,D,Bennie Thompson,House,Mississippi
1202,221,2012-11-06,R,Gregg Harper,House,Mississippi
1203,222,2012-11-06,R,Steven Palazzo,House,Mississippi
1204,223,2012-11-06,D,Lacy Clay,House,Missouri
1205,224,2012-11-06,R,Ann Wagner,House,Missouri
1206,225,2012-11-06,R,Blaine Luetkemeyer,House,Missouri
1207,226,2012-11-06,R,Vicky Hartzler,House,Missouri
1208,227,2012-11-06,D,Emanuel Cleaver,House,Missouri
1209,228,2012-11-06,R,Sam Graves,House,Missouri
1210,229,2012-11-06,R,Billy Long,House,Missouri
1211,230,2012-11-06,R,Jo Ann Emerson,House,Missouri
1212,231,2013-06-04,R,Jason T. Smith,House,Missouri
1213,232,2012-11-06,R,Steve Daines,House,Montana
1214,233,2012-11-06,R,Jeff Fortenberry,House,Nebraska
1215,234,2012-11-06,R,Lee Terry,House,Nebraska
1216,235,2012-11-06,R,Adrian M. Smith,House,Nebraska
1217,236,2012-11-06,D,Dina Titus,House,Nevada
1218,237,2012-11-06,R,Mark Amodei,House,Nevada
1219,238,2012-11-06,R,Joe Heck,House,Nevada
1220,239,2012-11-06,D,Steven Horsford,House,Nevada
1221,240,2012-11-06,D,Carol Shea-Porter,House,New_Hampshire
1222,241,2012-11-06,D,Ann McLane Kuster,House,New_Hampshire
1223,242,2012-11-06,D,Rob Andrews,House,New_Jersey
1224,243,2014-11-12,D,Donald Norcross,House,New_Jersey
1225,244,2012-11-06,R,Frank LoBiondo,House,New_Jersey
1226,245,2012-11-06,R,Jon Runyan,House,New_Jersey
1227,246,2012-11-06,R,Chris Smith,House,New_Jersey
1228,247,2012-11-06,R,Scott Garrett,House,New_Jersey
1229,248,2012-11-06,D,Frank Pallone,House,New_Jersey
1230,249,2012-11-06,R,Leonard Lance,House,New_Jersey
1231,250,2012-11-06,D,Albio Sires,House,New_Jersey
1232,251,2012-11-06,D,Bill Pascrell,House,New_Jersey
1233,252,2012-11-06,D,Donald Payne Jr.,House,New_Jersey
1234,253,2012-11-06,R,Rodney Frelinghuysen,House,New_Jersey
1235,254,2012-11-06,D,Rush Holt Jr.,House,New_Jersey
1236,255,2012-11-06,D,Michelle Lujan Grisham,House,New_Mexico
1237,256,2012-11-06,R,Steve Pearce,House,New_Mexico
1238,257,2012-11-06,D,Ben Ray Lujan,House,New_Mexico
1239,258,2012-11-06,D,Timothy Bishop,House,New_York
1240,259,2012-11-06,D,Steve Israel,House,New_York
1241,260,2012-11-06,D,Carolyn McCarthy,House,New_York
1242,261,2012-11-06,D,Gregory Meeks,House,New_York
1243,262,2012-11-06,D,Grace Meng,House,New_York
1244,263,2012-11-06,D,Nydia Velazquez,House,New_York
1245,264,2012-11-06,D,Hakeem Jeffries,House,New_York
1246,265,2012-11-06,D,Yvette Clarke,House,New_York
1247,266,2012-11-06,D,Jerrold Nadler,House,New_York
1248,267,2012-11-06,R,Michael Grimm,House,New_York
1249,268,2012-11-06,D,Carolyn Maloney,House,New_York
1250,269,2012-11-06,D,Charles Rangel,House,New_York
1251,270,2012-11-06,D,Jose E. Serrano,House,New_York
1252,271,2012-11-06,D,Eliot Engel,House,New_York
1253,272,2012-11-06,D,Nita Lowey,House,New_York
1254,273,2012-11-06,D,Sean Patrick Maloney,House,New_York
1255,274,2012-11-06,R,Chris Gibson,House,New_York
1256,275,2012-11-06,D,Paul Tonko,House,New_York
1257,276,2012-11-06,D,Bill Owens,House,New_York
1258,277,2012-11-06,D,Daniel Maffei,House,New_York
1259,278,2012-11-06,D,Louise Slaughter,House,New_York
1260,279,2012-11-06,D,Brian Higgins,House,New_York
1261,280,2012-11-06,R,Chris Collins,House,New_York
1262,281,2012-11-06,D,G. K. Butterfield,House,North_Carolina
1263,282,2012-11-06,R,Renee Ellmers,House,North_Carolina
1264,283,2012-11-06,R,Walter Jones Jr.,House,North_Carolina
1265,284,2012-11-06,D,David Price,House,North_Carolina
1266,285,2012-11-06,R,Virginia Foxx,House,North_Carolina
1267,286,2012-11-06,R,Howard Coble,House,North_Carolina
1268,287,2012-11-06,D,Mike McIntyre,House,North_Carolina
1269,288,2012-11-06,R,Richard Hudson,House,North_Carolina
1270,289,2012-11-06,R,Robert Pittenger,House,North_Carolina
1271,290,2012-11-06,R,Patrick McHenry,House,North_Carolina
1272,291,2012-11-06,R,Mark Meadows,House,North_Carolina
1273,292,2012-11-06,D,Mel Watt,House,North_Carolina
1274,293,2014-11-12,D,Alma Adams,House,North_Carolina
1275,294,2012-11-06,R,George Holding,House,North_Carolina
1276,295,2012-11-06,R,Kevin Cramer,House,North_Dakota
1277,296,2012-11-06,R,Steve Chabot,House,Ohio
1278,297,2012-11-06,R,Brad Wenstrup,House,Ohio
1279,298,2012-11-06,D,Joyce Beatty,House,Ohio
1280,299,2012-11-06,R,Jim Jordan,House,Ohio
1281,300,2012-11-06,R,Bob Latta,House,Ohio
1282,301,2012-11-06,R,Bill Johnson,House,Ohio
1283,302,2012-11-06,R,Bob Gibbs,House,Ohio
1284,303,2012-11-06,R,John Boehner,House,Ohio
1285,304,2012-11-06,D,Marcy Kaptur,House,Ohio
1286,305,2012-11-06,R,Mike Turner,House,Ohio
1287,306,2012-11-06,D,Marcia Fudge,House,Ohio
1288,307,2012-11-06,R,Pat Tiberi,House,Ohio
1289,308,2012-11-06,D,Tim Ryan,House,Ohio
1290,309,2012-11-06,R,David Joyce,House,Ohio
1291,310,2012-11-06,R,Steve Stivers,House,Ohio
1292,311,2012-11-06,R,Jim Renacci,House,Ohio
1293,312,2012-11-06,R,Jim Bridenstine,House,Oklahoma
1294,313,2012-11-06,R,Markwayne Mullin,House,Oklahoma
1295,314,2012-11-06,R,Frank Lucas,House,Oklahoma
1296,315,2012-11-06,R,Tom Cole,House,Oklahoma
1297,316,2012-11-06,R,James Lankford,House,Oklahoma
1298,317,2012-11-06,D,Suzanne Bonamici,House,Oregon
1299,318,2012-11-06,R,Greg Walden,House,Oregon
1300,319,2012-11-06,D,Earl Blumenauer,House,Oregon
1301,320,2012-11-06,D,Peter DeFazio,House,Oregon
1302,321,2012-11-06,D,Kurt Schrader,House,Oregon
1303,322,2012-11-06,D,Bob Brady,House,Pennsylvania
1304,323,2012-11-06,D,Chaka Fattah,House,Pennsylvania
1305,324,2012-11-06,R,Mike Kelly,House,Pennsylvania
1306,325,2012-11-06,R,Scott Perry,House,Pennsylvania
1307,326,2012-11-06,R,Glenn Thompson,House,Pennsylvania
1308,327,2012-11-06,R,Jim Gerlach,House,Pennsylvania
1309,328,2012-11-06,R,Pat Meehan,House,Pennsylvania
1310,329,2012-11-06,R,Mike Fitzpatrick,House,Pennsylvania
1311,330,2012-11-06,R,Bill Shuster,House,Pennsylvania
1312,331,2012-11-06,R,Tom Marino,House,Pennsylvania
1313,332,2012-11-06,R,Lou Barletta,House,Pennsylvania
1314,333,2012-11-06,R,Keith Rothfus,House,Pennsylvania
1315,334,2012-11-06,D,Allyson Schwartz,House,Pennsylvania
1316,335,2012-11-06,D,Michael F. Doyle,House,Pennsylvania
1317,336,2012-11-06,R,Joseph R. Pitts,House,Pennsylvania
1318,337,2012-11-06,D,Matt Cartwright,House,Pennsylvania
1319,338,2012-11-06,R,Timothy F. Murphy,House,Pennsylvania
1320,339,2012-11-06,D,David Cicilline,House,Rhode_Island
1321,340,2012-11-06,D,James Langevin,House,Rhode_Island
1322,341,2012-11-06,R,Mark Sanford,House,South_Carolina
1323,342,2012-11-06,R,Joe Wilson,House,South_Carolina
1324,343,2012-11-06,R,Jeff Duncan,House,South_Carolina
1325,344,2012-11-06,R,Trey Gowdy,House,South_Carolina
1326,345,2012-11-06,R,Mick Mulvaney,House,South_Carolina
1327,346,2012-11-06,D,Jim Clyburn,House,South_Carolina
1328,347,2012-11-06,R,Tom Rice,House,South_Carolina
1329,348,2012-11-06,R,Kristi Noem,House,South_Dakota
1330,349,2012-11-06,R,Phil Roe,House,Tennessee
1331,350,2012-11-06,R,Jimmy Duncan,House,Tennessee
1332,351,2012-11-06,R,Chuck Fleischmann,House,Tennessee
1333,352,2012-11-06,R,Scott DesJarlais,House,Tennessee
1334,353,2012-11-06,D,Jim Cooper,House,Tennessee
1335,354,2012-11-06,R,Diane Black,House,Tennessee
1336,355,2012-11-06,R,Marsha Blackburn,House,Tennessee
1337,356,2012-11-06,R,Stephen Fincher,House,Tennessee
1338,357,2012-11-06,D,Steve Cohen,House,Tennessee
1339,358,2012-11-06,R,Louie Gohmert,House,Texas
1340,359,2012-11-06,R,Ted Poe,House,Texas
1341,360,2012-11-06,R,Sam Johnson,House,Texas
1342,361,2012-11-06,R,Ralph Hall,House,Texas
1343,362,2012-11-06,R,Jeb Hensarling,House,Texas
1344,363,2012-11-06,R,Joe Barton,House,Texas
1345,364,2012-11-06,R,John Culberson,House,Texas
1346,365,2012-11-06,R,Kevin Brady,House,Texas
1347,366,2012-11-06,D,Al Green,House,Texas
1348,367,2012-11-06,R,Michael McCaul,House,Texas
1349,368,2012-11-06,R,Mike Conaway,House,Texas
1350,369,2012-11-06,R,Kay Granger,House,Texas
1351,370,2012-11-06,R,Mac Thornberry,House,Texas
1352,371,2012-11-06,R,Randy Weber,House,Texas
1353,372,2012-11-06,D,Ruben Hinojosa,House,Texas
1354,373,2012-11-06,D,Beto O'Rourke,House,Texas
1355,374,2012-11-06,R,Bill Flores,House,Texas
1356,375,2012-11-06,D,Sheila Jackson Lee,House,Texas
1357,376,2012-11-06,R,Randy Neugebauer,House,Texas
1358,377,2012-11-06,D,Joaquin Castro,House,Texas
1359,378,2012-11-06,R,Lamar S. Smith,House,Texas
1360,379,2012-11-06,R,Pete Olson,House,Texas
1361,380,2012-11-06,D,Pete Gallego,House,Texas
1362,381,2012-11-06,R,Kenny Marchant,House,Texas
1363,382,2012-11-06,R,Roger Williams,House,Texas
1364,383,2012-11-06,R,Michael C. Burgess,House,Texas
1365,384,2012-11-06,R,Blake Farenthold,House,Texas
1366,385,2012-11-06,D,Henry Cuellar,House,Texas
1367,386,2012-11-06,D,Gene Green,House,Texas
1368,387,2012-11-06,D,Eddie Bernice Johnson,House,Texas
1369,388,2012-11-06,R,John Carter,House,Texas
1370,389,2012-11-06,R,Pete Sessions,House,Texas
1371,390,2012-11-06,D,Marc Veasey,House,Texas
1372,391,2012-11-06,D,Filemon Vela Jr.,House,Texas
1373,392,2012-11-06,D,Lloyd Doggett,House,Texas
1374,393,2012-11-06,R,Steve Stockman,House,Texas
1375,394,2012-11-06,R,Rob Bishop,House,Utah
1376,395,2012-11-06,R,Chris Stewart,House,Utah
1377,396,2012-11-06,R,Jason Chaffetz,House,Utah
1378,397,2012-11-06,D,Jim Matheson,House,Utah
1379,398,2012-11-06,D,Peter Welch,House,Vermont
1380,399,2012-11-06,R,Rob Wittman,House,Virginia
1381,400,2012-11-06,R,Scott Rigell,House,Virginia
1382,401,2012-11-06,D,Bobby Scott,House,Virginia
1383,402,2012-11-06,R,Randy Forbes,House,Virginia
1384,403,2012-11-06,R,Robert Hurt,House,Virginia
1385,404,2012-11-06,R,Bob Goodlatte,House,Virginia
1386,405,2012-11-06,R,Eric Cantor,House,Virginia
1387,406,2014-11-12,R,Dave Brat,House,Virginia
1388,407,2012-11-06,D,Jim Moran,House,Virginia
1389,408,2012-11-06,R,Morgan Griffith,House,Virginia
1390,409,2012-11-06,R,Frank Wolf,House,Virginia
1391,410,2012-11-06,D,Gerry Connolly,House,Virginia
1392,411,2012-11-06,D,Suzan DelBene,House,Washington
1393,412,2012-11-06,D,Rick Larsen,House,Washington
1394,413,2012-11-06,R,Jaime Herrera Beutler,House,Washington
1395,414,2012-11-06,R,Doc Hastings,House,Washington
1396,415,2012-11-06,R,Cathy McMorris Rodgers,House,Washington
1397,416,2012-11-06,D,Derek Kilmer,House,Washington
1398,417,2012-11-06,D,Jim McDermott,House,Washington
1399,418,2012-11-06,R,Dave Reichert,House,Washington
1400,419,2012-11-06,D,Adam Smith,House,Washington
1401,420,2012-11-06,D,Dennis Heck,House,Washington
1402,421,2012-11-06,R,David McKinley,House,West_Virginia
1403,422,2012-11-06,R,Shelley Moore Capito,House,West_Virginia
1404,423,2012-11-06,D,Nick Rahall,House,West_Virginia
1405,424,2012-11-06,R,Paul Ryan,House,Wisconsin
1406,425,2012-11-06,D,Mark Pocan,House,Wisconsin
1407,426,2012-11-06,D,Ron Kind,House,Wisconsin
1408,427,2012-11-06,D,Gwen Moore,House,Wisconsin
1409,428,2012-11-06,R,Jim Sensenbrenner,House,Wisconsin
1410,429,2012-11-06,R,Tom Petri,House,Wisconsin
1411,430,2012-11-06,R,Sean Duffy,House,Wisconsin
1412,431,2012-11-06,R,Reid Ribble,House,Wisconsin
1413,432,2012-11-06,R,Cynthia Lummis,House,Wyoming
1414,0,2010-11-02,R,Richard Shelby,Senate,Alabama
1415,1,2010-11-02,R,Lisa Murkowski,Senate,Alaska
1416,2,2010-11-02,R,John McCain,Senate,Arizona
1417,3,2010-11-02,R,John Boozman,Senate,Arkansas
1418,4,2010-11-02,D,Barbara Boxer,Senate,California
1419,5,2010-11-02,D,Michael Bennet,Senate,Colorado
1420,6,2010-11-02,D,Richard Blumenthal,Senate,Connecticut
1421,7,2010-11-02,R,Marco Rubio,Senate,Florida
1422,8,2010-11-02,R,Johnny Isakson,Senate,Georgia
1423,9,2010-11-02,D,Daniel Inouye,Senate,Hawaii
1424,10,2012-12-26,D,Brian Schatz,Senate,Hawaii
1425,11,2010-11-02,R,Mike Crapo,Senate,Idaho
1426,12,2010-11-02,R,Mark Kirk,Senate,Illinois
1427,13,2010-11-02,R,Dan Coats,Senate,Indiana
1428,14,2010-11-02,R,Chuck Grassley,Senate,Iowa
1429,15,2010-11-02,R,Jerry Moran,Senate,Kansas
1430,16,2010-11-02,R,Rand Paul,Senate,Kentucky
1431,17,2010-11-02,R,David Vitter,Senate,Louisiana
1432,18,2010-11-02,D,Barbara Mikulski,Senate,Maryland
1433,19,2010-11-02,R,Roy Blunt,Senate,Missouri
1434,20,2011-05-09,R,Dean Heller,Senate,Nevada
1435,21,2010-11-02,D,Harry Reid,Senate,Nevada
1436,22,2010-11-02,R,Kelly Ayotte,Senate,New_Hampshire
1437,23,2010-11-02,D,Charles Schumer,Senate,New_York
1438,24,2010-11-02,R,Richard Burr,Senate,North_Carolina
1439,25,2010-11-02,R,John Hoeven,Senate,North_Dakota
1440,26,2010-11-02,R,Rob Portman,Senate,Ohio
1441,27,2010-11-02,R,Tom Coburn,Senate,Oklahoma
1442,28,2010-11-02,D,Ron Wyden,Senate,Oregon
1443,29,2010-11-02,R,Pat Toomey,Senate,Pennsylvania
1444,30,2010-11-02,R,Jim DeMint,Senate,South_Carolina
1445,31,2013-01-02,R,Tim Scott,Senate,South_Carolina
1446,32,2010-11-02,R,John Thune,Senate,South_Dakota
1447,33,2010-11-02,R,Mike Lee,Senate,Utah
1448,34,2010-11-02,D,Patrick Leahy,Senate,Vermont
1449,35,2010-11-02,D,Patty Murray,Senate,Washington
1450,36,2010-11-02,R,Ron Johnson,Senate,Wisconsin
1451,0,2010-11-02,R,Jo Bonner,House,Alabama
1452,1,2010-11-02,R,Martha Roby,House,Alabama
1453,2,2010-11-02,R,Mike Rogers,House,Michigan
1454,3,2010-11-02,R,Mike Rogers,House,Michigan
1455,4,2010-11-02,R,Robert Aderholt,House,Alabama
1456,5,2010-11-02,R,Mo Brooks,House,Alabama
1457,6,2010-11-02,R,Spencer Bachus,House,Alabama
1458,7,2010-11-02,D,Terri Sewell,House,Alabama
1459,8,2010-11-02,R,Don Young,House,Alaska
1460,9,2010-11-02,R,Paul Gosar,House,Arizona
1461,10,2010-11-02,R,Trent Franks,House,Arizona
1462,11,2010-11-02,R,Ben Quayle,House,Arizona
1463,12,2010-11-02,D,Ed Pastor,House,Arizona
1464,13,2010-11-02,R,David Schweikert,House,Arizona
1465,14,2010-11-02,R,Jeff Flake,House,Arizona
1466,15,2010-11-02,D,Raul Grijalva,House,Arizona
1467,16,2010-11-02,D,Gabrielle Giffords,House,Arizona
1468,17,2012-06-12,D,Ron Barber,House,Arizona
1469,18,2010-11-02,R,Rick Crawford,House,Arkansas
1470,19,2010-11-02,R,Timothy Griffin,House,Arkansas
1471,20,2010-11-02,R,Steve Womack,House,Arkansas
1472,21,2010-11-02,D,Mike Ross,House,Arkansas
1473,22,2010-11-02,D,Mike Thompson,House,California
1474,23,2010-11-02,R,Wally Herger,House,California
1475,24,2010-11-02,R,Dan Lungren,House,California
1476,25,2010-11-02,R,Tom McClintock,House,California
1477,26,2010-11-02,D,Doris Matsui,House,California
1478,27,2010-11-02,D,Lynn Woolsey,House,California
1479,28,2010-11-02,D,George Miller,House,California
1480,29,2010-11-02,D,Nancy Pelosi,House,California
1481,30,2010-11-02,D,Barbara Lee,House,California
1482,31,2010-11-02,D,John Garamendi,House,California
1483,32,2010-11-02,D,Jerry McNerney,House,California
1484,33,2010-11-02,D,Jackie Speier,House,California
1485,34,2010-11-02,D,Pete Stark,House,California
1486,35,2010-11-02,D,Anna Eshoo,House,California
1487,36,2010-11-02,D,Mike Honda,House,California
1488,37,2010-11-02,D,Zoe Lofgren,House,California
1489,38,2010-11-02,D,Sam Farr,House,California
1490,39,2010-11-02,D,Dennis Cardoza,House,California
1491,40,2010-11-02,R,Jeff Denham,House,California
1492,41,2010-11-02,D,Jim Costa,House,California
1493,42,2010-11-02,R,Devin Nunes,House,California
1494,43,2010-11-02,R,Kevin McCarthy,House,California
1495,44,2010-11-02,D,Lois Capps,House,California
1496,45,2010-11-02,R,Elton Gallegly,House,California
1497,46,2010-11-02,R,Howard McKeon,House,California
1498,47,2010-11-02,R,David Dreier,House,California
1499,48,2010-11-02,D,Brad Sherman,House,California
1500,49,2010-11-02,D,Howard Berman,House,California
1501,50,2010-11-02,D,Adam Schiff,House,California
1502,51,2010-11-02,D,Henry Waxman,House,California
1503,52,2010-11-02,D,Xavier Becerra,House,California
1504,53,2010-11-02,D,Judy Chu,House,California
1505,54,2010-11-02,D,Karen Bass,House,California
1506,55,2010-11-02,D,Lucille Roybal-Allard,House,California
1507,56,2010-11-02,D,Maxine Waters,House,California
1508,57,2010-11-02,D,Jane Harman,House,California
1509,58,2011-07-12,D,Janice Hahn,House,California
1510,59,2010-11-02,D,Laura Richardson,House,California
1511,60,2010-11-02,D,Grace Napolitano,House,California
1512,61,2010-11-02,D,Linda Sanchez,House,California
1513,62,2010-11-02,R,Ed Royce,House,California
1514,63,2010-11-02,R,Jerry Lewis,House,California
1515,64,2010-11-02,R,Gary Miller,House,California
1516,65,2010-11-02,D,Joe Baca,House,California
1517,66,2010-11-02,R,Ken Calvert,House,California
1518,67,2010-11-02,R,Mary Bono Mack,House,California
1519,68,2010-11-02,R,Dana Rohrabacher,House,California
1520,69,2010-11-02,D,Loretta Sanchez,House,California
1521,70,2010-11-02,R,Darrell Issa,House,California
1522,71,2010-11-02,R,Brian Bilbray,House,California
1523,72,2010-11-02,D,Bob Filner,House,California
1524,73,2010-11-02,R,Duncan D. Hunter,House,California
1525,74,2010-11-02,D,Susan Davis,House,California
1526,75,2010-11-02,D,Diana DeGette,House,Colorado
1527,76,2010-11-02,D,Jared Polis,House,Colorado
1528,77,2010-11-02,R,Scott Tipton,House,Colorado
1529,78,2010-11-02,R,Cory Gardner,House,Colorado
1530,79,2010-11-02,R,Doug Lamborn,House,Colorado
1531,80,2010-11-02,R,Mike Coffman,House,Colorado
1532,81,2010-11-02,D,Ed Perlmutter,House,Colorado
1533,82,2010-11-02,D,Joe Courtney,House,Connecticut
1534,83,2010-11-02,D,Rosa DeLauro,House,Connecticut
1535,84,2010-11-02,D,Jim Himes,House,Connecticut
1536,85,2010-11-02,D,Chris Murphy,House,Connecticut
1537,86,2010-11-02,D,John Carney,House,Delaware
1538,87,2010-11-02,R,Jeff Miller,House,Florida
1539,88,2010-11-02,R,Steve Southerland,House,Florida
1540,89,2010-11-02,D,Corrine Brown,House,Florida
1541,90,2010-11-02,R,Ander Crenshaw,House,Florida
1542,91,2010-11-02,R,Rich Nugent,House,Florida
1543,92,2010-11-02,R,Cliff Stearns,House,Florida
1544,93,2010-11-02,R,John Mica,House,Florida
1545,94,2010-11-02,R,Daniel Webster,House,Florida
1546,95,2010-11-02,R,Gus Bilirakis,House,Florida
1547,96,2010-11-02,R,Bill Young,House,Florida
1548,97,2010-11-02,D,Kathy Castor,House,Florida
1549,98,2010-11-02,R,Vern Buchanan,House,Florida
1550,99,2010-11-02,R,Bill Posey,House,Florida
1551,100,2010-11-02,R,Tom Rooney,House,Florida
1552,101,2010-11-02,D,Frederica Wilson,House,Florida
1553,102,2010-11-02,R,Ileana Ros-Lehtinen,House,Florida
1554,103,2010-11-02,D,Ted Deutch,House,Florida
1555,104,2010-11-02,D,Debbie Wasserman Schultz,House,Florida
1556,105,2010-11-02,R,Mario Diaz-Balart,House,Florida
1557,106,2010-11-02,R,Allen West,House,Florida
1558,107,2010-11-02,D,Alcee Hastings,House,Florida
1559,108,2010-11-02,R,Sandy Adams,House,Florida
1560,109,2010-11-02,R,David Rivera,House,Florida
1561,110,2010-11-02,R,Jack Kingston,House,Georgia
1562,111,2010-11-02,D,Sanford Bishop,House,Georgia
1563,112,2010-11-02,R,Lynn Westmoreland,House,Georgia
1564,113,2010-11-02,D,Hank Johnson,House,Georgia
1565,114,2010-11-02,D,John Lewis,House,Georgia
1566,115,2010-11-02,R,Tom Price,House,Georgia
1567,116,2010-11-02,R,Rob Woodall,House,Georgia
1568,117,2010-11-02,R,Austin Scott,House,Georgia
1569,118,2010-11-02,R,Tom Graves,House,Georgia
1570,119,2010-11-02,R,Paul Broun,House,Georgia
1571,120,2010-11-02,R,Phil Gingrey,House,Georgia
1572,121,2010-11-02,D,John Barrow,House,Georgia
1573,122,2010-11-02,D,David Scott,House,Georgia
1574,123,2010-11-02,D,Colleen Hanabusa,House,Hawaii
1575,124,2010-11-02,D,Mazie Hirono,House,Hawaii
1576,125,2010-11-02,R,Raul Labrador,House,Idaho
1577,126,2010-11-02,R,Mike Simpson,House,Idaho
1578,127,2010-11-02,D,Bobby Rush,House,Illinois
1579,128,2010-11-02,D,Jesse Jackson Jr.,House,Illinois
1580,129,2010-11-02,D,Dan Lipinski,House,Illinois
1581,130,2010-11-02,D,Luis Gutierrez,House,Illinois
1582,131,2010-11-02,R,Peter Roskam,House,Illinois
1583,132,2010-11-02,R,Joe Walsh,House,Illinois
1584,133,2010-11-02,D,Jan Schakowsky,House,Illinois
1585,134,2010-11-02,R,Bob Dold,House,Illinois
1586,135,2010-11-02,R,Adam Kinzinger,House,Illinois
1587,136,2010-11-02,D,Jerry Costello,House,Illinois
1588,137,2010-11-02,R,Judy Biggert,House,Illinois
1589,138,2010-11-02,R,Randy Hultgren,House,Illinois
1590,139,2010-11-02,R,Tim Johnson,House,Illinois
1591,140,2010-11-02,R,Don Manzullo,House,Illinois
1592,141,2010-11-02,R,Bobby Schilling,House,Illinois
1593,142,2010-11-02,R,Aaron Schock,House,Illinois
1594,143,2010-11-02,R,John Shimkus,House,Illinois
1595,144,2010-11-02,D,Pete Visclosky,House,Indiana
1596,145,2010-11-02,D,Joe Donnelly,House,Indiana
1597,146,2010-11-02,R,Marlin Stutzman,House,Indiana
1598,147,2010-11-02,R,Todd Rokita,House,Indiana
1599,148,2010-11-02,R,Dan Burton,House,Indiana
1600,149,2010-11-02,R,Mike Pence,House,Indiana
1601,150,2010-11-02,D,Andre Carson,House,Indiana
1602,151,2010-11-02,R,Larry Bucshon,House,Indiana
1603,152,2010-11-02,R,Todd Young,House,Indiana
1604,153,2010-11-02,D,Bruce Braley,House,Iowa
1605,154,2010-11-02,D,David Loebsack,House,Iowa
1606,155,2010-11-02,D,Leonard Boswell,House,Iowa
1607,156,2010-11-02,R,Tom Latham,House,Iowa
1608,157,2010-11-02,R,Steve King,House,Iowa
1609,158,2010-11-02,R,Tim Huelskamp,House,Kansas
1610,159,2010-11-02,R,Lynn Jenkins,House,Kansas
1611,160,2010-11-02,R,Kevin Yoder,House,Kansas
1612,161,2010-11-02,R,Mike Pompeo,House,Kansas
1613,162,2010-11-02,R,Ed Whitfield,House,Kentucky
1614,163,2010-11-02,R,Brett Guthrie,House,Kentucky
1615,164,2010-11-02,D,John Yarmuth,House,Kentucky
1616,165,2010-11-02,R,Geoff Davis,House,Kentucky
1617,166,2012-11-13,R,Thomas Massie,House,Kentucky
1618,167,2010-11-02,R,Hal Rogers,House,Kentucky
1619,168,2010-11-02,D,Ben Chandler,House,Kentucky
1620,169,2010-11-02,R,Steve Scalise,House,Louisiana
1621,170,2010-11-02,D,Cedric Richmond,House,Louisiana
1622,171,2010-11-02,R,Jeff Landry,House,Louisiana
1623,172,2010-11-02,R,John Fleming,House,Louisiana
1624,173,2010-11-02,R,Rodney Alexander,House,Louisiana
1625,174,2010-11-02,R,Bill Cassidy,House,Louisiana
1626,175,2010-11-02,R,Charles Boustany,House,Louisiana
1627,176,2010-11-02,D,Chellie Pingree,House,Maine
1628,177,2010-11-02,D,Mike Michaud,House,Maine
1629,178,2010-11-02,D,Dutch Ruppersberger,House,Maryland
1630,179,2010-11-02,D,John Sarbanes,House,Maryland
1631,180,2010-11-02,D,Donna Edwards,House,Maryland
1632,181,2010-11-02,D,Steny Hoyer,House,Maryland
1633,182,2010-11-02,R,Roscoe Bartlett,House,Maryland
1634,183,2010-11-02,D,Elijah Cummings,House,Maryland
1635,184,2010-11-02,D,Chris Van Hollen,House,Maryland
1636,185,2010-11-02,D,John Olver,House,Massachusetts
1637,186,2010-11-02,D,Richard Neal,House,Massachusetts
1638,187,2010-11-02,D,Jim McGovern,House,Massachusetts
1639,188,2010-11-02,D,Barney Frank,House,Massachusetts
1640,189,2010-11-02,D,Niki Tsongas,House,Massachusetts
1641,190,2010-11-02,D,Ed Markey,House,Massachusetts
1642,191,2010-11-02,D,Mike Capuano,House,Massachusetts
1643,192,2010-11-02,D,Stephen Lynch,House,Massachusetts
1644,193,2010-11-02,R,Dan Benishek,House,Michigan
1645,194,2010-11-02,R,Bill Huizenga,House,Michigan
1646,195,2010-11-02,R,Justin Amash,House,Michigan
1647,196,2010-11-02,R,Dave Camp,House,Michigan
1648,197,2010-11-02,D,Dale Kildee,House,Michigan
1649,198,2010-11-02,R,Fred Upton,House,Michigan
1650,199,2010-11-02,R,Tim Walberg,House,Michigan
1651,200,2010-11-02,D,Gary Peters,House,Michigan
1652,201,2010-11-02,R,Candice Miller,House,Michigan
1653,202,2010-11-02,R,Thaddeus McCotter,House,Michigan
1654,203,2012-11-06,D,David Curson,House,Michigan
1655,204,2010-11-02,D,Hansen Clarke,House,Michigan
1656,205,2010-11-02,D,John Conyers,House,Michigan
1657,206,2010-11-02,D,John Dingell,House,Michigan
1658,207,2010-11-02,D,Tim Walz,House,Minnesota
1659,208,2010-11-02,R,John Kline,House,Minnesota
1660,209,2010-11-02,R,Erik Paulsen,House,Minnesota
1661,210,2010-11-02,D,Betty McCollum,House,Minnesota
1662,211,2010-11-02,D,Keith Ellison,House,Minnesota
1663,212,2010-11-02,R,Michele Bachmann,House,Minnesota
1664,213,2010-11-02,D,Collin Peterson,House,Minnesota
1665,214,2010-11-02,R,Chip Cravaack,House,Minnesota
1666,215,2010-11-02,R,Alan Nunnelee,House,Mississippi
1667,216,2010-11-02,D,Bennie Thompson,House,Mississippi
1668,217,2010-11-02,R,Gregg Harper,House,Mississippi
1669,218,2010-11-02,R,Steven Palazzo,House,Mississippi
1670,219,2010-11-02,D,Lacy Clay,House,Missouri
1671,220,2010-11-02,R,Todd Akin,House,Missouri
1672,221,2010-11-02,D,Russ Carnahan,House,Missouri
1673,222,2010-11-02,R,Vicky Hartzler,House,Missouri
1674,223,2010-11-02,D,Emanuel Cleaver,House,Missouri
1675,224,2010-11-02,R,Sam Graves,House,Missouri
1676,225,2010-11-02,R,Jo Ann Emerson,House,Missouri
1677,226,2010-11-02,R,Blaine Luetkemeyer,House,Missouri
1678,227,2010-11-02,R,Denny Rehberg,House,Montana
1679,228,2010-11-02,R,Jeff Fortenberry,House,Nebraska
1680,229,2010-11-02,R,Lee Terry,House,Nebraska
1681,230,2010-11-02,R,Adrian Smith,House,Nebraska
1682,231,2010-11-02,D,Shelley Berkley,House,Nevada
1683,232,2010-11-02,R,Dean Heller,House,Nevada
1684,233,2011-09-13,R,Mark Amodei,House,Nevada
1685,234,2010-11-02,R,Joe Heck,House,Nevada
1686,235,2010-11-02,R,Frank Guinta,House,New_Hampshire
1687,236,2010-11-02,R,Charles Bass,House,New_Hampshire
1688,237,2010-11-02,D,Rob Andrews,House,New_Jersey
1689,238,2010-11-02,R,Frank LoBiondo,House,New_Jersey
1690,239,2010-11-02,R,Jon Runyan,House,New_Jersey
1691,240,2010-11-02,R,Chris Smith,House,New_Jersey
1692,241,2010-11-02,R,Scott Garrett,House,New_Jersey
1693,242,2010-11-02,D,Frank Pallone,House,New_Jersey
1694,243,2010-11-02,R,Leonard Lance,House,New_Jersey
1695,244,2010-11-02,D,Bill Pascrell,House,New_Jersey
1696,245,2010-11-02,D,Steve Rothman,House,New_Jersey
1697,246,2012-11-06,D,Donald Payne Jr.,House,New_Jersey
1698,247,2010-11-02,R,Rodney Frelinghuysen,House,New_Jersey
1699,248,2010-11-02,D,Rush Holt Jr.,House,New_Jersey
1700,249,2010-11-02,D,Albio Sires,House,New_Jersey
1701,250,2010-11-02,D,Martin Heinrich,House,New_Mexico
1702,251,2010-11-02,R,Steve Pearce,House,New_Mexico
1703,252,2010-11-02,D,Tim Bishop,House,New_York
1704,253,2010-11-02,D,Steve Israel,House,New_York
1705,254,2010-11-02,D,Carolyn McCarthy,House,New_York
1706,255,2010-11-02,D,Gary Ackerman,House,New_York
1707,256,2010-11-02,D,Gregory Meeks,House,New_York
1708,257,2010-11-02,D,Joseph Crowley,House,New_York
1709,258,2010-11-02,D,Jerrold Nadler,House,New_York
1710,259,2010-11-02,D,Anthony Weiner,House,New_York
1711,260,2011-09-13,R,Bob Turner,House,New_York
1712,261,2010-11-02,D,Edolphus Towns,House,New_York
1713,262,2010-11-02,D,Yvette Clarke,House,New_York
1714,263,2010-11-02,D,Nydia Velazquez,House,New_York
1715,264,2010-11-02,R,Michael Grimm,House,New_York
1716,265,2010-11-02,D,Carolyn Maloney,House,New_York
1717,266,2010-11-02,D,Jose E. Serrano,House,New_York
1718,267,2010-11-02,D,Eliot Engel,House,New_York
1719,268,2010-11-02,D,Nita Lowey,House,New_York
1720,269,2010-11-02,R,Nan Hayworth,House,New_York
1721,270,2010-11-02,R,Chris Gibson,House,New_York
1722,271,2010-11-02,D,Paul Tonko,House,New_York
1723,272,2010-11-02,D,Maurice Hinchey,House,New_York
1724,273,2010-11-02,D,Bill Owens,House,New_York
1725,274,2010-11-02,R,Ann Marie Buerkle,House,New_York
1726,275,2010-11-02,R,Chris Lee,House,New_York
1727,276,2011-05-24,D,Kathy Hochul,House,New_York
1728,277,2010-11-02,D,Brian Higgins,House,New_York
1729,278,2010-11-02,D,Louise Slaughter,House,New_York
1730,279,2010-11-02,R,Tom Reed,House,New_York
1731,280,2010-11-02,D,G. K. Butterfield,House,North_Carolina
1732,281,2010-11-02,R,Renee Ellmers,House,North_Carolina
1733,282,2010-11-02,R,Walter B. Jones Jr.,House,North_Carolina
1734,283,2010-11-02,D,David Price,House,North_Carolina
1735,284,2010-11-02,R,Virginia Foxx,House,North_Carolina
1736,285,2010-11-02,R,Howard Coble,House,North_Carolina
1737,286,2010-11-02,D,Mike McIntyre,House,North_Carolina
1738,287,2010-11-02,D,Larry Kissell,House,North_Carolina
1739,288,2010-11-02,R,Sue Myrick,House,North_Carolina
1740,289,2010-11-02,R,Patrick McHenry,House,North_Carolina
1741,290,2010-11-02,D,Heath Shuler,House,North_Carolina
1742,291,2010-11-02,D,Mel Watt,House,North_Carolina
1743,292,2010-11-02,D,Brad Miller,House,North_Carolina
1744,293,2010-11-02,R,Rick Berg,House,North_Dakota
1745,294,2010-11-02,R,Steve Chabot,House,Ohio
1746,295,2010-11-02,R,Jean Schmidt,House,Ohio
1747,296,2010-11-02,R,Mike Turner,House,Ohio
1748,297,2010-11-02,R,Jim Jordan,House,Ohio
1749,298,2010-11-02,R,Bob Latta,House,Ohio
1750,299,2010-11-02,R,Bill Johnson,House,Ohio
1751,300,2010-11-02,R,Steve Austria,House,Ohio
1752,301,2010-11-02,R,John Boehner,House,Ohio
1753,302,2010-11-02,D,Marcy Kaptur,House,Ohio
1754,303,2010-11-02,D,Dennis Kucinich,House,Ohio
1755,304,2010-11-02,D,Marcia Fudge,House,Ohio
1756,305,2010-11-02,R,Pat Tiberi,House,Ohio
1757,306,2010-11-02,D,Betty Sutton,House,Ohio
1758,307,2010-11-02,R,Steve LaTourette,House,Ohio
1759,308,2010-11-02,R,Steve Stivers,House,Ohio
1760,309,2010-11-02,R,Jim Renacci,House,Ohio
1761,310,2010-11-02,D,Tim Ryan,House,Ohio
1762,311,2010-11-02,R,Bob Gibbs,House,Ohio
1763,312,2010-11-02,R,John Sullivan,House,Oklahoma
1764,313,2010-11-02,D,Dan Boren,House,Oklahoma
1765,314,2010-11-02,R,Frank Lucas,House,Oklahoma
1766,315,2010-11-02,R,Tom Cole,House,Oklahoma
1767,316,2010-11-02,R,James Lankford,House,Oklahoma
1768,317,2010-11-02,D,David Wu,House,Oregon
1769,318,2012-01-31,D,Suzanne Bonamici,House,Oregon
1770,319,2010-11-02,R,Greg Walden,House,Oregon
1771,320,2010-11-02,D,Earl Blumenauer,House,Oregon
1772,321,2010-11-02,D,Peter DeFazio,House,Oregon
1773,322,2010-11-02,D,Kurt Schrader,House,Oregon
1774,323,2010-11-02,D,Bob Brady,House,Pennsylvania
1775,324,2010-11-02,D,Chaka Fattah,House,Pennsylvania
1776,325,2010-11-02,R,Mike Kelly,House,Pennsylvania
1777,326,2010-11-02,D,Jason Altmire,House,Pennsylvania
1778,327,2010-11-02,R,Glenn Thompson,House,Pennsylvania
1779,328,2010-11-02,R,Jim Gerlach,House,Pennsylvania
1780,329,2010-11-02,R,Pat Meehan,House,Pennsylvania
1781,330,2010-11-02,R,Mike Fitzpatrick,House,Pennsylvania
1782,331,2010-11-02,R,Bill Shuster,House,Pennsylvania
1783,332,2010-11-02,R,Tom Marino,House,Pennsylvania
1784,333,2010-11-02,R,Lou Barletta,House,Pennsylvania
1785,334,2010-11-02,D,Mark Critz,House,Pennsylvania
1786,335,2010-11-02,D,Allyson Schwartz,House,Pennsylvania
1787,336,2010-11-02,R,Charlie Dent,House,Pennsylvania
1788,337,2010-11-02,D,Tim Holden,House,Pennsylvania
1789,338,2010-11-02,D,David Cicilline,House,Rhode_Island
1790,339,2010-11-02,D,James Langevin,House,Rhode_Island
1791,340,2010-11-02,R,Tim Scott,House,South_Carolina
1792,341,2010-11-02,R,Joe Wilson,House,South_Carolina
1793,342,2010-11-02,R,Jeff Duncan,House,South_Carolina
1794,343,2010-11-02,R,Trey Gowdy,House,South_Carolina
1795,344,2010-11-02,R,Mick Mulvaney,House,South_Carolina
1796,345,2010-11-02,D,Jim Clyburn,House,South_Carolina
1797,346,2010-11-02,R,Kristi Noem,House,South_Dakota
1798,347,2010-11-02,R,Phil Roe,House,Tennessee
1799,348,2010-11-02,R,Jimmy Duncan,House,Tennessee
1800,349,2010-11-02,R,Chuck Fleischmann,House,Tennessee
1801,350,2010-11-02,R,Scott DesJarlais,House,Tennessee
1802,351,2010-11-02,D,Jim Cooper,House,Tennessee
1803,352,2010-11-02,R,Diane Black,House,Tennessee
1804,353,2010-11-02,R,Marsha Blackburn,House,Tennessee
1805,354,2010-11-02,R,Stephen Fincher,House,Tennessee
1806,355,2010-11-02,D,Steve Cohen,House,Tennessee
1807,356,2010-11-02,R,Louie Gohmert,House,Texas
1808,357,2010-11-02,R,Ted Poe,House,Texas
1809,358,2010-11-02,R,Sam Johnson,House,Texas
1810,359,2010-11-02,R,Ralph Hall,House,Texas
1811,360,2010-11-02,R,Jeb Hensarling,House,Texas
1812,361,2010-11-02,R,Joe Barton,House,Texas
1813,362,2010-11-02,R,John Culberson,House,Texas
1814,363,2010-11-02,R,Kevin Brady,House,Texas
1815,364,2010-11-02,D,Al Green,House,Texas
1816,365,2010-11-02,R,Michael McCaul,House,Texas
1817,366,2010-11-02,R,Mike Conaway,House,Texas
1818,367,2010-11-02,R,Kay Granger,House,Texas
1819,368,2010-11-02,R,Mac Thornberry,House,Texas
1820,369,2010-11-02,R,Ron Paul,House,Texas
1821,370,2010-11-02,D,Ruben Hinojosa,House,Texas
1822,371,2010-11-02,D,Silvestre Reyes,House,Texas
1823,372,2010-11-02,R,Bill Flores,House,Texas
1824,373,2010-11-02,D,Sheila Jackson Lee,House,Texas
1825,374,2010-11-02,R,Randy Neugebauer,House,Texas
1826,375,2010-11-02,D,Charlie Gonzalez,House,Texas
1827,376,2010-11-02,R,Pete Olson,House,Texas
1828,377,2010-11-02,R,Quico Canseco,House,Texas
1829,378,2010-11-02,R,Kenny Marchant,House,Texas
1830,379,2010-11-02,D,Lloyd Doggett,House,Texas
1831,380,2010-11-02,R,Blake Farenthold,House,Texas
1832,381,2010-11-02,D,Henry Cuellar,House,Texas
1833,382,2010-11-02,D,Gene Green,House,Texas
1834,383,2010-11-02,D,Eddie Bernice Johnson,House,Texas
1835,384,2010-11-02,R,John Carter,House,Texas
1836,385,2010-11-02,R,Pete Sessions,House,Texas
1837,386,2010-11-02,R,Rob Bishop,House,Utah
1838,387,2010-11-02,D,Jim Matheson,House,Utah
1839,388,2010-11-02,R,Jason Chaffetz,House,Utah
1840,389,2010-11-02,D,Peter Welch,House,Vermont
1841,390,2010-11-02,R,Rob Wittman,House,Virginia
1842,391,2010-11-02,R,Scott Rigell,House,Virginia
1843,392,2010-11-02,D,Bobby Scott,House,Virginia
1844,393,2010-11-02,R,Randy Forbes,House,Virginia
1845,394,2010-11-02,R,Robert Hurt,House,Virginia
1846,395,2010-11-02,R,Bob Goodlatte,House,Virginia
1847,396,2010-11-02,R,Eric Cantor,House,Virginia
1848,397,2010-11-02,D,Jim Moran,House,Virginia
1849,398,2010-11-02,R,Morgan Griffith,House,Virginia
1850,399,2010-11-02,R,Frank Wolf,House,Virginia
1851,400,2010-11-02,D,Gerry Connolly,House,Virginia
1852,401,2010-11-02,D,Jay Inslee,House,Washington
1853,402,2012-11-06,D,Suzan DelBene,House,Washington
1854,403,2010-11-02,D,Rick Larsen,House,Washington
1855,404,2010-11-02,R,Jaime Herrera Beutler,House,Washington
1856,405,2010-11-02,R,Doc Hastings,House,Washington
1857,406,2010-11-02,R,Cathy McMorris Rodgers,House,Washington
1858,407,2010-11-02,D,Jim McDermott,House,Washington
1859,408,2010-11-02,R,Dave Reichert,House,Washington
1860,409,2010-11-02,D,Adam Smith,House,Washington
1861,410,2010-11-02,R,David McKinley,House,West_Virginia
1862,411,2010-11-02,R,Shelley Moore Capito,House,West_Virginia
1863,412,2010-11-02,D,Nick Rahall,House,West_Virginia
1864,413,2010-11-02,R,Paul Ryan,House,Wisconsin
1865,414,2010-11-02,D,Tammy Baldwin,House,Wisconsin
1866,415,2010-11-02,D,Ron Kind,House,Wisconsin
1867,416,2010-11-02,D,Gwen Moore,House,Wisconsin
1868,417,2010-11-02,R,Jim Sensenbrenner,House,Wisconsin
1869,418,2010-11-02,R,Tom Petri,House,Wisconsin
1870,419,2010-11-02,R,Sean Duffy,House,Wisconsin
1871,420,2010-11-02,R,Reid Ribble,House,Wisconsin
1872,421,2010-11-02,R,Cynthia Lummis,House,Wyoming
