,Unnamed: 0,Race/Topic (Click to Sort),Poll,Results,Spread,Date,Year,score
0,0,Congressional Job Approval,Quinnipiac,"Approve 20, Disapprove 71",-51,2010-04-21,2010.0,11.0
1,1,Congressional Job Approval,FOX News,"Approve 22, Disapprove 68",-46,2010-04-22,2010.0,12.0
2,2,Congressional Job Approval,NBC News/Wall St. Jrnl,"Approve 21, Disapprove 72",-51,2010-05-12,2010.0,11.0
3,3,Congressional Job Approval,Gallup,"Approve 21, Disapprove 75",-54,2010-05-14,2010.0,9.0
4,4,Congressional Job Approval,Associated Press/GfK,"Approve 28, Disapprove 71",-43,2010-05-15,2010.0,9.0
5,5,Congressional Job Approval,FOX News,"Approve 22, Disapprove 65",-43,2010-05-21,2010.0,12.0
6,6,Congressional Job Approval,CBS News,"Approve 15, Disapprove 77",-62,2010-05-25,2010.0,11.0
7,7,Congressional Job Approval,ABC News/Wash Post,"Approve 26, Disapprove 71",-45,2010-06-08,2010.0,13.0
8,8,Congressional Job Approval,FOX News,"Approve 22, Disapprove 69",-47,2010-06-11,2010.0,12.0
9,9,Congressional Job Approval,Associated Press/GfK,"Approve 24, Disapprove 73",-49,2010-06-15,2010.0,9.0
10,10,Congressional Job Approval,CBS News/NY Times,"Approve 19, Disapprove 70",-51,2010-06-21,2010.0,11.0
11,11,Congressional Job Approval,NBC News/Wall St. Jrnl,"Approve 22, Disapprove 73",-51,2010-06-23,2010.0,11.0
12,12,Congressional Job Approval,Gallup,"Approve 20, Disapprove 74",-54,2010-06-24,2010.0,9.0
13,13,Congressional Job Approval,FOX News,"Approve 24, Disapprove 66",-42,2010-07-01,2010.0,12.0
14,14,Congressional Job Approval,Gallup,"Approve 20, Disapprove 73",-53,2010-07-22,2010.0,9.0
15,15,Congressional Job Approval,FOX News,"Approve 21, Disapprove 71",-50,2010-07-29,2010.0,12.0
16,16,Congressional Job Approval,NBC News/Wall St. Jrnl,"Approve 21, Disapprove 72",-51,2010-08-11,2010.0,11.0
17,17,Congressional Job Approval,Gallup,"Approve 19, Disapprove 75",-56,2010-08-11,2010.0,9.0
18,18,Congressional Job Approval,Associated Press/GfK,"Approve 24, Disapprove 74",-50,2010-08-18,2010.0,9.0
19,19,Congressional Job Approval,CBS News,"Approve 22, Disapprove 71",-49,2010-08-26,2010.0,11.0
20,20,Congressional Job Approval,ABC News/Wash Post,"Approve 25, Disapprove 72",-47,2010-09-07,2010.0,13.0
21,21,Congressional Job Approval,NBC News/Wall St. Jrnl,"Approve 21, Disapprove 71",-50,2010-09-07,2010.0,11.0
22,22,Congressional Job Approval,CBS News/NY Times,"Approve 21, Disapprove 70",-49,2010-09-15,2010.0,11.0
23,23,Congressional Job Approval,Politico/GWU/Battleground,"Approve 25, Disapprove 64",-39,2010-09-16,2010.0,9.0
24,24,Congressional Job Approval,Associated Press/GfK,"Approve 26, Disapprove 73",-47,2010-09-16,2010.0,9.0
25,25,Congressional Job Approval,Gallup,"Approve 18, Disapprove 77",-59,2010-09-20,2010.0,9.0
26,26,Congressional Job Approval,Politico/GWU/Battleground,"Approve 27, Disapprove 63",-36,2010-09-27,2010.0,9.0
27,27,Congressional Job Approval,NBC News/Wall St. Jrnl,"Approve 20, Disapprove 73",-53,2010-09-28,2010.0,11.0
28,28,Congressional Job Approval,FOX News,"Approve 17, Disapprove 72",-55,2010-09-30,2010.0,12.0
29,29,Congressional Job Approval,ABC News/Wash Post,"Approve 24, Disapprove 73",-49,2010-10-05,2010.0,13.0
30,30,Congressional Job Approval,Associated Press/GfK,"Approve 23, Disapprove 75",-52,2010-10-20,2010.0,9.0
31,31,Congressional Job Approval,CBS News/NY Times,"Approve 14, Disapprove 76",-62,2010-10-27,2010.0,11.0
32,32,Congressional Job Approval,FOX News,"Approve 19, Disapprove 70",-51,2010-10-29,2010.0,12.0
33,33,Congressional Job Approval,ABC News/Wash Post,"Approve 23, Disapprove 74",-51,2010-10-31,2010.0,13.0
34,34,Congressional Job Approval,Associated Press/GfK,"Approve 26, Disapprove 71",-45,2010-11-10,2010.0,9.0
35,35,Congressional Job Approval,Gallup,"Approve 17, Disapprove 77",-60,2010-11-11,2010.0,9.0
36,36,Congressional Job Approval,CBS News,"Approve 17, Disapprove 72",-55,2010-12-03,2010.0,11.0
37,37,Congressional Job Approval,Gallup,"Approve 13, Disapprove 83",-70,2010-12-15,2010.0,9.0
38,38,Congressional Job Approval,Associated Press/GfK,"Approve 26, Disapprove 69",-43,2011-01-12,2011.0,9.0
39,39,Congressional Job Approval,Gallup,"Approve 20, Disapprove 73",-53,2011-01-12,2011.0,9.0
40,40,Congressional Job Approval,ABC News/Wash Post,"Approve 28, Disapprove 66",-38,2011-01-18,2011.0,13.0
41,41,Congressional Job Approval,FOX News,"Approve 22, Disapprove 65",-43,2011-01-20,2011.0,12.0
42,42,Congressional Job Approval,FOX News,"Approve 15, Disapprove 70",-55,2011-01-24,2011.0,12.0
43,43,Congressional Job Approval,Reuters/Ipsos,"Approve 18, Disapprove 72",-54,2011-01-24,2011.0,10.0
44,44,Congressional Job Approval,Economist/YouGov,"Approve 9, Disapprove 76",-67,2011-01-24,2011.0,9.0
45,45,Congressional Job Approval,CNN/Opinion Research,"Approve 26, Disapprove 72",-46,2011-01-24,2011.0,10.0
46,46,Congressional Job Approval,Economist/YouGov,"Approve 9, Disapprove 74",-65,2011-01-31,2011.0,9.0
47,47,Congressional Job Approval,Reuters/Ipsos,"Approve 25, Disapprove 66",-41,2011-01-31,2011.0,10.0
48,48,Congressional Job Approval,Monmouth,"Approve 20, Disapprove 69",-49,2011-01-31,2011.0,13.0
49,49,Congressional Job Approval,Economist/YouGov,"Approve 11, Disapprove 70",-59,2011-02-07,2011.0,9.0
50,50,Congressional Job Approval,Quinnipiac,"Approve 15, Disapprove 77",-62,2011-02-07,2011.0,11.0
51,51,Congressional Job Approval,Reuters/Ipsos,"Approve 21, Disapprove 68",-47,2011-02-07,2011.0,10.0
52,52,Congressional Job Approval,PPP (D),"Approve 10, Disapprove 73",-63,2011-02-14,2011.0,9.0
53,53,Congressional Job Approval,Gallup,"Approve 15, Disapprove 81",-66,2011-02-14,2011.0,9.0
54,54,Congressional Job Approval,Reuters/Ipsos,"Approve 23, Disapprove 66",-43,2011-02-14,2011.0,10.0
55,55,Congressional Job Approval,Economist/YouGov,"Approve 12, Disapprove 68",-56,2011-02-14,2011.0,9.0
56,56,Congressional Job Approval,Reuters/Ipsos,"Approve 19, Disapprove 66",-47,2011-02-21,2011.0,10.0
57,57,Congressional Job Approval,Economist/YouGov,"Approve 10, Disapprove 70",-60,2011-02-21,2011.0,9.0
58,58,Congressional Job Approval,Economist/YouGov,"Approve 13, Disapprove 70",-57,2011-02-28,2011.0,9.0
59,59,Congressional Job Approval,Reuters/Ipsos,"Approve 23, Disapprove 66",-43,2011-02-28,2011.0,10.0
60,60,Congressional Job Approval,USA Today/Suffolk,"Approve 15, Disapprove 75",-60,2011-03-01,2011.0,10.0
61,61,Congressional Job Approval,Economist/YouGov,"Approve 11, Disapprove 67",-56,2011-03-07,2011.0,9.0
62,62,Congressional Job Approval,Monmouth,"Approve 17, Disapprove 75",-58,2011-03-07,2011.0,13.0
63,63,Congressional Job Approval,Quinnipiac,"Approve 13, Disapprove 80",-67,2011-03-07,2011.0,11.0
64,64,Congressional Job Approval,Reuters/Ipsos,"Approve 24, Disapprove 65",-41,2011-03-07,2011.0,10.0
65,65,Congressional Job Approval,Gallup,"Approve 18, Disapprove 74",-56,2011-03-11,2011.0,9.0
66,66,Congressional Job Approval,ABC News/Wash Post,"Approve 27, Disapprove 69",-42,2011-03-15,2011.0,13.0
67,67,Congressional Job Approval,FOX News,"Approve 24, Disapprove 65",-41,2011-03-18,2011.0,12.0
68,68,Congressional Job Approval,Associated Press/GfK,"Approve 27, Disapprove 71",-44,2011-03-31,2011.0,9.0
69,69,Congressional Job Approval,NBC News/Wall St. Jrnl,"Approve 20, Disapprove 73",-53,2011-04-06,2011.0,11.0
70,70,Congressional Job Approval,CBS News/NY Times,"Approve 16, Disapprove 75",-59,2011-04-21,2011.0,11.0
71,71,Congressional Job Approval,FOX News,"Approve 18, Disapprove 75",-57,2011-04-28,2011.0,12.0
72,72,Congressional Job Approval,NBC News,"Approve 22, Disapprove 70",-48,2011-05-09,2011.0,11.0
73,73,Congressional Job Approval,Associated Press/GfK,"Approve 30, Disapprove 68",-38,2011-05-11,2011.0,9.0
74,74,Congressional Job Approval,FOX News,"Approve 24, Disapprove 69",-45,2011-05-18,2011.0,12.0
75,75,Congressional Job Approval,CBS News,"Approve 18, Disapprove 72",-54,2011-06-09,2011.0,11.0
76,76,Congressional Job Approval,NBC News/Wall St. Jrnl,"Approve 18, Disapprove 74",-56,2011-06-15,2011.0,11.0
77,77,Congressional Job Approval,Gallup,"Approve 17, Disapprove 76",-59,2011-06-17,2011.0,9.0
78,78,Congressional Job Approval,Associated Press/GfK,"Approve 21, Disapprove 76",-55,2011-06-22,2011.0,9.0
79,79,Congressional Job Approval,CBS News/NY Times,"Approve 20, Disapprove 70",-50,2011-06-29,2011.0,11.0
80,80,Congressional Job Approval,FOX News,"Approve 20, Disapprove 71",-51,2011-06-30,2011.0,12.0
81,81,Congressional Job Approval,Gallup,"Approve 18, Disapprove 77",-59,2011-07-11,2011.0,9.0
82,82,Congressional Job Approval,CNN/Opinion Research,"Approve 14, Disapprove 84",-70,2011-08-02,2011.0,10.0
83,83,Congressional Job Approval,FOX News,"Approve 10, Disapprove 81",-71,2011-08-11,2011.0,12.0
84,84,Congressional Job Approval,Gallup,"Approve 13, Disapprove 84",-71,2011-08-16,2011.0,9.0
85,85,Congressional Job Approval,Associated Press/GfK,"Approve 12, Disapprove 87",-75,2011-08-26,2011.0,9.0
86,86,Congressional Job Approval,Gallup,"Approve 15, Disapprove 82",-67,2011-09-12,2011.0,9.0
87,87,Congressional Job Approval,CNN/Opinion Research,"Approve 15, Disapprove 84",-69,2011-09-14,2011.0,10.0
88,88,Congressional Job Approval,CBS News/NY Times,"Approve 12, Disapprove 80",-68,2011-09-16,2011.0,11.0
89,89,Congressional Job Approval,FOX News,"Approve 11, Disapprove 83",-72,2011-09-29,2011.0,12.0
90,90,Congressional Job Approval,CBS News,"Approve 11, Disapprove 80",-69,2011-10-03,2011.0,11.0
91,91,Congressional Job Approval,Gallup,"Approve 13, Disapprove 81",-68,2011-10-12,2011.0,9.0
92,92,Congressional Job Approval,Associated Press/GfK,"Approve 16, Disapprove 82",-66,2011-10-20,2011.0,9.0
93,93,Congressional Job Approval,CBS News/NY Times,"Approve 9, Disapprove 84",-75,2011-10-25,2011.0,11.0
94,94,Congressional Job Approval,Politico/GWU/Battleground,"Approve 12, Disapprove 83",-71,2011-11-14,2011.0,9.0
95,95,Congressional Job Approval,Gallup,"Approve 13, Disapprove 82",-69,2011-11-14,2011.0,9.0
96,96,Congressional Job Approval,FOX News,"Approve 12, Disapprove 80",-68,2011-11-17,2011.0,12.0
97,97,Congressional Job Approval,FOX News,"Approve 12, Disapprove 83",-71,2011-12-09,2011.0,12.0
98,98,Congressional Job Approval,CBS News,"Approve 11, Disapprove 82",-71,2011-12-09,2011.0,11.0
99,99,Congressional Job Approval,Gallup,"Approve 11, Disapprove 86",-75,2011-12-20,2011.0,9.0
100,100,Congressional Job Approval,CNN/Opinion Research,"Approve 16, Disapprove 83",-67,2011-12-20,2011.0,10.0
101,101,Congressional Job Approval,CBS News,"Approve 11, Disapprove 83",-72,2011-12-21,2011.0,11.0
102,102,Congressional Job Approval,CBS News,"Approve 12, Disapprove 80",-68,2012-01-10,2012.0,11.0
103,103,Congressional Job Approval,Gallup,"Approve 14, Disapprove 81",-67,2012-01-12,2012.0,9.0
104,104,Congressional Job Approval,ABC News/Wash Post,"Approve 13, Disapprove 84",-71,2012-01-16,2012.0,13.0
105,105,Congressional Job Approval,CBS News/NY Times,"Approve 13, Disapprove 79",-66,2012-01-18,2012.0,11.0
106,106,Congressional Job Approval,NBC News/Wall St. Jrnl,"Approve 13, Disapprove 80",-67,2012-01-25,2012.0,11.0
107,107,Congressional Job Approval,Gallup,"Approve 10, Disapprove 86",-76,2012-02-08,2012.0,9.0
108,108,Congressional Job Approval,FOX News,"Approve 13, Disapprove 79",-66,2012-02-10,2012.0,12.0
109,109,Congressional Job Approval,CBS News/NY Times,"Approve 10, Disapprove 82",-72,2012-02-14,2012.0,11.0
110,110,Congressional Job Approval,Politico/GWU/Battleground,"Approve 12, Disapprove 83",-71,2012-02-27,2012.0,9.0
111,111,Congressional Job Approval,Gallup,"Approve 12, Disapprove 82",-70,2012-03-21,2012.0,9.0
112,112,Congressional Job Approval,Reason-Rupe,"Approve 15, Disapprove 78",-63,2012-03-26,2012.0,0.0
113,113,Congressional Job Approval,FOX News,"Approve 12, Disapprove 78",-66,2012-04-13,2012.0,12.0
114,114,Congressional Job Approval,Gallup,"Approve 17, Disapprove 79",-62,2012-04-19,2012.0,9.0
115,115,Congressional Job Approval,CBS News/NY Times,"Approve 13, Disapprove 77",-64,2012-04-19,2012.0,11.0
116,116,Congressional Job Approval,Politico/GWU/Battleground,"Approve 13, Disapprove 80",-67,2012-05-07,2012.0,9.0
117,117,Congressional Job Approval,Associated Press/GfK,"Approve 18, Disapprove 78",-60,2012-05-11,2012.0,9.0
118,118,Congressional Job Approval,CBS News/NY Times,"Approve 15, Disapprove 77",-62,2012-06-07,2012.0,11.0
119,119,Congressional Job Approval,FOX News,"Approve 17, Disapprove 75",-58,2012-06-08,2012.0,12.0
120,120,Congressional Job Approval,Gallup,"Approve 17, Disapprove 79",-62,2012-06-11,2012.0,9.0
121,121,Congressional Job Approval,Associated Press/GfK,"Approve 22, Disapprove 75",-53,2012-06-21,2012.0,9.0
122,122,Congressional Job Approval,Gallup,"Approve 16, Disapprove 78",-62,2012-07-13,2012.0,9.0
123,123,Congressional Job Approval,CBS News/NY Times,"Approve 12, Disapprove 79",-67,2012-07-19,2012.0,11.0
124,124,Congressional Job Approval,NPR,"Approve 19, Disapprove 74",-55,2012-07-19,2012.0,8.0
125,125,Congressional Job Approval,Politico/GWU/Battleground,"Approve 16, Disapprove 78",-62,2012-08-13,2012.0,9.0
126,126,Congressional Job Approval,Gallup,"Approve 10, Disapprove 83",-73,2012-08-14,2012.0,9.0
127,127,Congressional Job Approval,NBC News/Wall St. Jrnl,"Approve 12, Disapprove 82",-70,2012-08-21,2012.0,11.0
128,128,Congressional Job Approval,CBS News/NY Times,"Approve 12, Disapprove 78",-66,2012-09-14,2012.0,11.0
129,129,Congressional Job Approval,Gallup,"Approve 13, Disapprove 83",-70,2012-09-14,2012.0,9.0
130,130,Congressional Job Approval,Reason-Rupe,"Approve 16, Disapprove 77",-61,2012-09-21,2012.0,0.0
131,131,Congressional Job Approval,Gallup,"Approve 21, Disapprove 69",-48,2012-10-24,2012.0,9.0
132,132,Congressional Job Approval,CBS News/NY Times,"Approve 15, Disapprove 75",-60,2012-10-30,2012.0,11.0
133,133,Congressional Job Approval,NPR,"Approve 16, Disapprove 79",-63,2012-10-30,2012.0,8.0
134,134,Congressional Job Approval,CNN/Opinion Research,"Approve 17, Disapprove 76",-59,2012-11-04,2012.0,10.0
135,135,Congressional Job Approval,Gallup,"Approve 18, Disapprove 75",-57,2012-11-27,2012.0,9.0
136,136,Congressional Job Approval,Associated Press/GfK,"Approve 23, Disapprove 74",-51,2012-12-07,2012.0,9.0
137,137,Congressional Job Approval,National Journal,"Approve 21, Disapprove 72",-51,2012-12-07,2012.0,12.0
138,138,Congressional Job Approval,FOX News,"Approve 17, Disapprove 74",-57,2012-12-13,2012.0,12.0
139,139,Congressional Job Approval,USA Today/Gallup,"Approve 18, Disapprove 76",-58,2012-12-19,2012.0,9.0
140,140,Congressional Job Approval,CBS News,"Approve 11, Disapprove 81",-70,2012-12-19,2012.0,11.0
141,141,Congressional Job Approval,Gallup,"Approve 14, Disapprove 81",-67,2013-01-12,2013.0,9.0
142,142,Congressional Job Approval,ABC News/Wash Post,"Approve 18, Disapprove 79",-61,2013-01-16,2013.0,13.0
143,143,Congressional Job Approval,Associated Press/GfK,"Approve 17, Disapprove 77",-60,2013-01-17,2013.0,9.0
144,144,Congressional Job Approval,NBC News/Wall St. Jrnl,"Approve 14, Disapprove 81",-67,2013-01-17,2013.0,11.0
145,145,Congressional Job Approval,CBS News/NY Times,"Approve 12, Disapprove 82",-70,2013-01-18,2013.0,11.0
146,146,Congressional Job Approval,FOX News,"Approve 16, Disapprove 76",-60,2013-01-18,2013.0,12.0
147,147,Congressional Job Approval,Reason-Rupe/PSRAI,"Approve 17, Disapprove 74",-57,2013-01-30,2013.0,0.0
148,148,Congressional Job Approval,FOX News,"Approve 17, Disapprove 77",-60,2013-02-08,2013.0,12.0
149,149,Congressional Job Approval,CBS News,"Approve 14, Disapprove 77",-63,2013-02-12,2013.0,11.0
150,150,Congressional Job Approval,Gallup,"Approve 15, Disapprove 81",-66,2013-02-19,2013.0,9.0
151,151,Congressional Job Approval,FOX News,"Approve 16, Disapprove 77",-61,2013-02-28,2013.0,12.0
152,152,Congressional Job Approval,Reason-Rupe/PSRAI,"Approve 14, Disapprove 77",-63,2013-03-01,2013.0,0.0
153,153,Congressional Job Approval,Gallup,"Approve 13, Disapprove 83",-70,2013-03-12,2013.0,9.0
154,154,Congressional Job Approval,ABC News/Wash Post,"Approve 14, Disapprove 82",-68,2013-03-13,2013.0,13.0
155,155,Congressional Job Approval,FOX News,"Approve 14, Disapprove 79",-65,2013-03-20,2013.0,12.0
156,156,Congressional Job Approval,CBS News,"Approve 11, Disapprove 81",-70,2013-03-27,2013.0,11.0
157,157,Congressional Job Approval,Gallup,"Approve 15, Disapprove 79",-64,2013-04-12,2013.0,9.0
158,158,Congressional Job Approval,FOX News,"Approve 17, Disapprove 74",-57,2013-04-23,2013.0,12.0
159,159,Congressional Job Approval,National Journal,"Approve 17, Disapprove 76",-59,2013-04-25,2013.0,12.0
160,160,Congressional Job Approval,CBS News/NY Times,"Approve 17, Disapprove 75",-58,2013-05-02,2013.0,11.0
161,161,Congressional Job Approval,Gallup,"Approve 16, Disapprove 79",-63,2013-05-10,2013.0,9.0
162,162,Congressional Job Approval,Reason-Rupe/PSRAI,"Approve 16, Disapprove 75",-59,2013-05-17,2013.0,0.0
163,163,Congressional Job Approval,FOX News,"Approve 16, Disapprove 76",-60,2013-05-21,2013.0,12.0
164,164,Congressional Job Approval,The Economist/YouGov,"Approve 9, Disapprove 71",-62,2013-05-22,2013.0,9.0
165,165,Congressional Job Approval,The Economist/YouGov,"Approve 10, Disapprove 68",-58,2013-05-29,2013.0,9.0
166,166,Congressional Job Approval,The Economist/YouGov,"Approve 11, Disapprove 69",-58,2013-06-05,2013.0,9.0
167,167,Congressional Job Approval,CBS News/NY Times,"Approve 13, Disapprove 80",-67,2013-06-06,2013.0,11.0
168,168,Congressional Job Approval,The Economist/YouGov,"Approve 10, Disapprove 71",-61,2013-06-12,2013.0,9.0
169,169,Congressional Job Approval,Gallup,"Approve 17, Disapprove 78",-61,2013-06-12,2013.0,9.0
170,170,Congressional Job Approval,CNN/Opinion Research,"Approve 16, Disapprove 83",-67,2013-06-19,2013.0,10.0
171,171,Congressional Job Approval,The Economist/YouGov,"Approve 10, Disapprove 71",-61,2013-06-19,2013.0,9.0
172,172,Congressional Job Approval,FOX News,"Approve 15, Disapprove 77",-62,2013-06-25,2013.0,12.0
173,173,Congressional Job Approval,The Economist/YouGov,"Approve 11, Disapprove 73",-62,2013-06-26,2013.0,9.0
174,174,Congressional Job Approval,The Economist/YouGov,"Approve 9, Disapprove 72",-63,2013-07-03,2013.0,9.0
175,175,Congressional Job Approval,The Economist/YouGov,"Approve 7, Disapprove 71",-64,2013-07-10,2013.0,9.0
176,176,Congressional Job Approval,Gallup,"Approve 15, Disapprove 78",-63,2013-07-17,2013.0,9.0
177,177,Congressional Job Approval,The Economist/YouGov,"Approve 9, Disapprove 72",-63,2013-07-17,2013.0,9.0
178,178,Congressional Job Approval,ABC News/Wash Post,"Approve 21, Disapprove 73",-52,2013-07-23,2013.0,13.0
179,179,Congressional Job Approval,FOX News,"Approve 18, Disapprove 74",-56,2013-07-24,2013.0,12.0
180,180,Congressional Job Approval,NBC News/Wall St. Jrnl,"Approve 12, Disapprove 83",-71,2013-07-24,2013.0,11.0
181,181,Congressional Job Approval,CBS News,"Approve 17, Disapprove 76",-59,2013-07-24,2013.0,11.0
182,182,Congressional Job Approval,The Economist/YouGov,"Approve 12, Disapprove 73",-61,2013-07-24,2013.0,9.0
183,183,Congressional Job Approval,The Economist/YouGov,"Approve 6, Disapprove 71",-65,2013-07-31,2013.0,9.0
184,184,Congressional Job Approval,The Economist/YouGov,"Approve 11, Disapprove 71",-60,2013-08-08,2013.0,9.0
185,185,Congressional Job Approval,Gallup,"Approve 14, Disapprove 81",-67,2013-08-13,2013.0,9.0
186,186,Congressional Job Approval,The Economist/YouGov,"Approve 7, Disapprove 74",-67,2013-08-15,2013.0,9.0
187,187,Congressional Job Approval,The Economist/YouGov,"Approve 9, Disapprove 75",-66,2013-08-22,2013.0,9.0
188,188,Congressional Job Approval,The Economist/YouGov,"Approve 8, Disapprove 73",-65,2013-08-29,2013.0,9.0
189,189,Congressional Job Approval,The Economist/YouGov,"Approve 11, Disapprove 69",-58,2013-09-04,2013.0,9.0
190,190,Congressional Job Approval,FOX News,"Approve 17, Disapprove 75",-58,2013-09-09,2013.0,12.0
191,191,Congressional Job Approval,CBS News/NY Times,"Approve 24, Disapprove 68",-44,2013-09-09,2013.0,11.0
192,192,Congressional Job Approval,CNN/Opinion Research,"Approve 20, Disapprove 78",-58,2013-09-09,2013.0,10.0
193,193,Congressional Job Approval,Reason-Rupe/PSRAI,"Approve 22, Disapprove 72",-50,2013-09-10,2013.0,0.0
194,194,Congressional Job Approval,Gallup,"Approve 19, Disapprove 76",-57,2013-09-11,2013.0,9.0
195,195,Congressional Job Approval,The Economist/YouGov,"Approve 11, Disapprove 70",-59,2013-09-11,2013.0,9.0
196,196,Congressional Job Approval,The Economist/YouGov,"Approve 9, Disapprove 76",-67,2013-09-18,2013.0,9.0
197,197,Congressional Job Approval,The Economist/YouGov,"Approve 9, Disapprove 72",-63,2013-09-25,2013.0,9.0
198,198,Congressional Job Approval,CBS News/NY Times,"Approve 14, Disapprove 80",-66,2013-09-26,2013.0,11.0
199,199,Congressional Job Approval,CNN/Opinion Research,"Approve 10, Disapprove 87",-77,2013-09-30,2013.0,10.0
200,200,Congressional Job Approval,The Economist/YouGov,"Approve 7, Disapprove 74",-67,2013-10-02,2013.0,9.0
201,201,Congressional Job Approval,FOX News,"Approve 13, Disapprove 81",-68,2013-10-03,2013.0,12.0
202,202,Congressional Job Approval,Gallup,"Approve 11, Disapprove 85",-74,2013-10-07,2013.0,9.0
203,203,Congressional Job Approval,The Economist/YouGov,"Approve 10, Disapprove 76",-66,2013-10-09,2013.0,9.0
204,204,Congressional Job Approval,Associated Press/GfK,"Approve 5, Disapprove 83",-78,2013-10-09,2013.0,9.0
205,205,Congressional Job Approval,The Economist/YouGov,"Approve 7, Disapprove 79",-72,2013-10-16,2013.0,9.0
206,206,Congressional Job Approval,CNN/Opinion Research,"Approve 10, Disapprove 88",-78,2013-10-21,2013.0,10.0
207,207,Congressional Job Approval,CBS News,"Approve 9, Disapprove 85",-76,2013-10-22,2013.0,11.0
208,208,Congressional Job Approval,ABC News/Wash Post,"Approve 9, Disapprove 89",-80,2013-10-22,2013.0,13.0
209,209,Congressional Job Approval,The Economist/YouGov,"Approve 6, Disapprove 78",-72,2013-10-23,2013.0,9.0
210,210,Congressional Job Approval,FOX News,"Approve 9, Disapprove 85",-76,2013-10-23,2013.0,12.0
211,211,Congressional Job Approval,The Economist/YouGov,"Approve 9, Disapprove 76",-67,2013-10-30,2013.0,9.0
212,212,Congressional Job Approval,GWU/Battleground,"Approve 9, Disapprove 87",-78,2013-11-04,2013.0,9.0
213,213,Congressional Job Approval,The Economist/YouGov,"Approve 8, Disapprove 73",-65,2013-11-06,2013.0,9.0
214,214,Congressional Job Approval,Gallup,"Approve 9, Disapprove 86",-77,2013-11-12,2013.0,9.0
215,215,Congressional Job Approval,FOX News,"Approve 10, Disapprove 85",-75,2013-11-13,2013.0,12.0
216,216,Congressional Job Approval,The Economist/YouGov,"Approve 7, Disapprove 77",-70,2013-11-13,2013.0,9.0
217,217,Congressional Job Approval,National Journal,"Approve 9, Disapprove 84",-75,2013-11-18,2013.0,12.0
218,218,Congressional Job Approval,The Economist/YouGov,"Approve 6, Disapprove 77",-71,2013-11-19,2013.0,9.0
219,219,Congressional Job Approval,CBS News,"Approve 11, Disapprove 85",-74,2013-11-21,2013.0,11.0
220,220,Congressional Job Approval,The Economist/YouGov,"Approve 6, Disapprove 72",-66,2013-11-27,2013.0,9.0
221,221,Congressional Job Approval,The Economist/YouGov,"Approve 6, Disapprove 73",-67,2013-12-04,2013.0,9.0
222,222,Congressional Job Approval,Gallup,"Approve 12, Disapprove 85",-73,2013-12-10,2013.0,9.0
223,223,Congressional Job Approval,CBS News/NY Times,"Approve 10, Disapprove 83",-73,2013-12-10,2013.0,11.0
224,224,Congressional Job Approval,Reason-Rupe/PSRAI,"Approve 20, Disapprove 74",-54,2013-12-11,2013.0,0.0
225,225,Congressional Job Approval,The Economist/YouGov,"Approve 7, Disapprove 73",-66,2013-12-11,2013.0,9.0
226,226,Congressional Job Approval,Associated Press/GfK,"Approve 13, Disapprove 86",-73,2013-12-11,2013.0,9.0
227,227,Congressional Job Approval,FOX News,"Approve 16, Disapprove 79",-63,2013-12-19,2013.0,12.0
228,228,Congressional Job Approval,The Economist/YouGov,"Approve 12, Disapprove 70",-58,2013-12-24,2013.0,9.0
229,229,Congressional Job Approval,The Economist/YouGov,"Approve 7, Disapprove 77",-70,2013-12-31,2013.0,9.0
230,230,Congressional Job Approval,The Economist/YouGov,"Approve 7, Disapprove 77",-70,2014-01-07,2014.0,9.0
231,231,Congressional Job Approval,Gallup,"Approve 13, Disapprove 82",-69,2014-01-14,2014.0,9.0
232,232,Congressional Job Approval,The Economist/YouGov,"Approve 8, Disapprove 77",-69,2014-01-14,2014.0,9.0
233,233,Congressional Job Approval,FOX News,"Approve 13, Disapprove 81",-68,2014-01-22,2014.0,12.0
234,234,Congressional Job Approval,GWU/Battleground,"Approve 14, Disapprove 81",-67,2014-01-22,2014.0,9.0
235,235,Congressional Job Approval,The Economist/YouGov,"Approve 10, Disapprove 71",-61,2014-01-22,2014.0,9.0
236,236,Congressional Job Approval,Associated Press/GfK,"Approve 14, Disapprove 84",-70,2014-01-23,2014.0,9.0
237,237,Congressional Job Approval,ABC News/Wash Post,"Approve 13, Disapprove 84",-71,2014-01-26,2014.0,13.0
238,238,Congressional Job Approval,NBC News/Wall St. Jrnl,"Approve 13, Disapprove 81",-68,2014-01-28,2014.0,11.0
239,239,Congressional Job Approval,The Economist/YouGov,"Approve 7, Disapprove 78",-71,2014-01-29,2014.0,9.0
240,240,Congressional Job Approval,The Economist/YouGov,"Approve 9, Disapprove 75",-66,2014-02-05,2014.0,9.0
241,241,Congressional Job Approval,Gallup,"Approve 12, Disapprove 83",-71,2014-02-10,2014.0,9.0
242,242,Congressional Job Approval,The Economist/YouGov,"Approve 6, Disapprove 78",-72,2014-02-12,2014.0,9.0
243,243,Congressional Job Approval,FOX News,"Approve 14, Disapprove 81",-67,2014-02-13,2014.0,12.0
244,244,Congressional Job Approval,The Economist/YouGov,"Approve 6, Disapprove 76",-70,2014-02-19,2014.0,9.0
245,245,Congressional Job Approval,CBS News/NY Times,"Approve 13, Disapprove 80",-67,2014-02-26,2014.0,11.0
246,246,Congressional Job Approval,The Economist/YouGov,"Approve 10, Disapprove 74",-64,2014-02-26,2014.0,9.0
247,247,Congressional Job Approval,The Economist/YouGov,"Approve 10, Disapprove 73",-63,2014-03-05,2014.0,9.0
248,248,Congressional Job Approval,FOX News,"Approve 12, Disapprove 78",-66,2014-03-06,2014.0,12.0
249,249,Congressional Job Approval,Gallup,"Approve 15, Disapprove 83",-68,2014-03-10,2014.0,9.0
250,250,Congressional Job Approval,PPP (D),"Approve 8, Disapprove 84",-76,2014-03-11,2014.0,9.0
251,251,Congressional Job Approval,The Economist/YouGov,"Approve 7, Disapprove 74",-67,2014-03-12,2014.0,9.0
252,252,Congressional Job Approval,The Economist/YouGov,"Approve 8, Disapprove 74",-66,2014-03-19,2014.0,9.0
253,253,Congressional Job Approval,CBS News,"Approve 18, Disapprove 76",-58,2014-03-25,2014.0,11.0
254,254,Congressional Job Approval,GWU/Battleground,"Approve 13, Disapprove 82",-69,2014-03-25,2014.0,9.0
255,255,Congressional Job Approval,The Economist/YouGov,"Approve 9, Disapprove 69",-60,2014-03-26,2014.0,9.0
256,256,Congressional Job Approval,The Economist/YouGov,"Approve 8, Disapprove 76",-68,2014-04-02,2014.0,9.0
257,257,Congressional Job Approval,Reason-Rupe/PSRAI,"Approve 17, Disapprove 74",-57,2014-04-03,2014.0,0.0
258,258,Congressional Job Approval,Associated Press/GfK,"Approve 16, Disapprove 82",-66,2014-04-05,2014.0,9.0
259,259,Congressional Job Approval,Gallup,"Approve 13, Disapprove 83",-70,2014-04-10,2014.0,9.0
260,260,Congressional Job Approval,The Economist/YouGov,"Approve 14, Disapprove 71",-57,2014-04-11,2014.0,9.0
261,261,Congressional Job Approval,The Economist/YouGov,"Approve 11, Disapprove 71",-60,2014-04-16,2014.0,9.0
262,262,Congressional Job Approval,FOX News,"Approve 15, Disapprove 76",-61,2014-04-22,2014.0,12.0
263,263,Congressional Job Approval,The Economist/YouGov,"Approve 10, Disapprove 73",-63,2014-04-24,2014.0,9.0
264,264,Congressional Job Approval,National Journal,"Approve 11, Disapprove 80",-69,2014-04-28,2014.0,12.0
265,265,Congressional Job Approval,The Economist/YouGov,"Approve 8, Disapprove 71",-63,2014-04-29,2014.0,9.0
266,266,Congressional Job Approval,The Economist/YouGov,"Approve 10, Disapprove 71",-61,2014-05-07,2014.0,9.0
267,267,Congressional Job Approval,Gallup,"Approve 15, Disapprove 80",-65,2014-05-14,2014.0,9.0
268,268,Congressional Job Approval,The Economist/YouGov,"Approve 10, Disapprove 72",-62,2014-05-14,2014.0,9.0
269,269,Congressional Job Approval,FOX News,"Approve 16, Disapprove 73",-57,2014-05-15,2014.0,12.0
270,270,Congressional Job Approval,CBS News,"Approve 12, Disapprove 80",-68,2014-05-22,2014.0,11.0
271,271,Congressional Job Approval,Associated Press/GfK,"Approve 14, Disapprove 85",-71,2014-05-27,2014.0,9.0
272,272,Congressional Job Approval,FOX News,"Approve 13, Disapprove 78",-65,2014-06-05,2014.0,12.0
273,273,Congressional Job Approval,The Economist/YouGov,"Approve 10, Disapprove 72",-62,2014-06-13,2014.0,9.0
274,274,Congressional Job Approval,Gallup,"Approve 16, Disapprove 81",-65,2014-06-16,2014.0,9.0
275,275,Congressional Job Approval,The Economist/YouGov,"Approve 9, Disapprove 73",-64,2014-06-19,2014.0,9.0
276,276,Congressional Job Approval,The Economist/YouGov,"Approve 9, Disapprove 73",-64,2014-06-24,2014.0,9.0
277,277,Congressional Job Approval,CBS News/NY Times,"Approve 14, Disapprove 78",-64,2014-06-24,2014.0,11.0
278,278,Congressional Job Approval,The Economist/YouGov,"Approve 9, Disapprove 72",-63,2014-07-02,2014.0,9.0
279,279,Congressional Job Approval,The Economist/YouGov,"Approve 11, Disapprove 66",-55,2014-07-09,2014.0,9.0
280,280,Congressional Job Approval,Gallup,"Approve 15, Disapprove 80",-65,2014-07-15,2014.0,9.0
281,281,Congressional Job Approval,The Economist/YouGov,"Approve 9, Disapprove 74",-65,2014-07-17,2014.0,9.0
282,282,Congressional Job Approval,The Economist/YouGov,"Approve 10, Disapprove 72",-62,2014-07-22,2014.0,9.0
283,283,Congressional Job Approval,FOX News,"Approve 13, Disapprove 79",-66,2014-07-28,2014.0,12.0
284,284,Congressional Job Approval,The Economist/YouGov,"Approve 7, Disapprove 72",-65,2014-07-29,2014.0,9.0
285,285,Congressional Job Approval,NBC News/Wall St. Jrnl,"Approve 14, Disapprove 79",-65,2014-08-06,2014.0,11.0
286,286,Congressional Job Approval,CBS News,"Approve 15, Disapprove 78",-63,2014-08-06,2014.0,11.0
287,287,Congressional Job Approval,Associated Press/GfK,"Approve 13, Disapprove 86",-73,2014-08-07,2014.0,9.0
288,288,Congressional Job Approval,The Economist/YouGov,"Approve 8, Disapprove 72",-64,2014-08-08,2014.0,9.0
289,289,Congressional Job Approval,Gallup,"Approve 13, Disapprove 83",-70,2014-08-12,2014.0,9.0
290,290,Congressional Job Approval,Reason-Rupe/PSRAI,"Approve 18, Disapprove 75",-57,2014-08-14,2014.0,0.0
291,291,Congressional Job Approval,The Economist/YouGov,"Approve 10, Disapprove 72",-62,2014-08-22,2014.0,9.0
292,292,Congressional Job Approval,The Economist/YouGov,"Approve 7, Disapprove 74",-67,2014-08-28,2014.0,9.0
293,293,Congressional Job Approval,GWU/Battleground,"Approve 16, Disapprove 80",-64,2014-09-03,2014.0,9.0
294,294,Congressional Job Approval,The Economist/YouGov,"Approve 8, Disapprove 72",-64,2014-09-04,2014.0,9.0
295,295,Congressional Job Approval,Gallup,"Approve 14, Disapprove 82",-68,2014-09-08,2014.0,9.0
296,296,Congressional Job Approval,CNN/Opinion Research,"Approve 14, Disapprove 83",-69,2014-09-09,2014.0,10.0
297,297,Congressional Job Approval,ABC News/Wash Post,"Approve 13, Disapprove 82",-69,2014-09-09,2014.0,13.0
298,298,Congressional Job Approval,FOX News,"Approve 13, Disapprove 79",-66,2014-09-11,2014.0,12.0
299,299,Congressional Job Approval,The Economist/YouGov,"Approve 9, Disapprove 71",-62,2014-09-12,2014.0,9.0
300,300,Congressional Job Approval,The Economist/YouGov,"Approve 10, Disapprove 67",-57,2014-09-18,2014.0,9.0
301,301,Congressional Job Approval,The Economist/YouGov,"Approve 9, Disapprove 74",-65,2014-09-26,2014.0,9.0
302,302,Congressional Job Approval,Associated Press/GfK,"Approve 7, Disapprove 93",-86,2014-10-02,2014.0,9.0
303,303,Congressional Job Approval,The Economist/YouGov,"Approve 10, Disapprove 69",-59,2014-10-04,2014.0,9.0
304,304,Congressional Job Approval,CBS News,"Approve 15, Disapprove 78",-63,2014-10-08,2014.0,11.0
305,305,Congressional Job Approval,Reason-Rupe/PSRAI,"Approve 19, Disapprove 73",-54,2014-10-09,2014.0,0.0
306,306,Congressional Job Approval,The Economist/YouGov,"Approve 8, Disapprove 69",-61,2014-10-10,2014.0,9.0
307,307,Congressional Job Approval,The Economist/YouGov,"Approve 11, Disapprove 72",-61,2014-10-15,2014.0,9.0
308,308,Congressional Job Approval,NBC News/Wall St. Jrnl,"Approve 12, Disapprove 83",-71,2014-10-15,2014.0,11.0
309,309,Congressional Job Approval,FOX News,"Approve 13, Disapprove 79",-66,2014-10-15,2014.0,12.0
310,310,Congressional Job Approval,Associated Press/GfK,"Approve 12, Disapprove 88",-76,2014-10-22,2014.0,9.0
311,311,Congressional Job Approval,The Economist/YouGov,"Approve 12, Disapprove 66",-54,2014-10-23,2014.0,9.0
312,312,Congressional Job Approval,ABC News/Wash Post,"Approve 17, Disapprove 80",-63,2014-10-26,2014.0,13.0
313,313,Congressional Job Approval,CNN/Opinion Research,"Approve 13, Disapprove 85",-72,2014-10-27,2014.0,10.0
314,314,Congressional Job Approval,FOX News,"Approve 13, Disapprove 81",-68,2014-10-28,2014.0,12.0
315,315,Congressional Job Approval,CBS News,"Approve 14, Disapprove 76",-62,2014-10-29,2014.0,11.0
316,316,Congressional Job Approval,The Economist/YouGov,"Approve 8, Disapprove 72",-64,2014-10-31,2014.0,9.0
317,317,Congressional Job Approval,The Economist/YouGov,"Approve 8, Disapprove 68",-60,2014-11-07,2014.0,9.0
318,318,Congressional Job Approval,The Economist/YouGov,"Approve 7, Disapprove 69",-62,2014-11-13,2014.0,9.0
319,319,Congressional Job Approval,National Journal,"Approve 9, Disapprove 80",-71,2014-11-14,2014.0,12.0
320,320,Congressional Job Approval,The Economist/YouGov,"Approve 10, Disapprove 64",-54,2014-11-20,2014.0,9.0
321,321,Congressional Job Approval,The Economist/YouGov,"Approve 14, Disapprove 64",-50,2014-11-29,2014.0,9.0
322,322,Congressional Job Approval,The Economist/YouGov,"Approve 12, Disapprove 69",-57,2014-12-04,2014.0,9.0
323,323,Congressional Job Approval,Associated Press/GfK,"Approve 15, Disapprove 84",-69,2014-12-11,2014.0,9.0
324,324,Congressional Job Approval,The Economist/YouGov,"Approve 9, Disapprove 71",-62,2014-12-13,2014.0,9.0
325,325,Congressional Job Approval,Gallup,"Approve 16, Disapprove 80",-64,2014-12-15,2014.0,9.0
326,326,Congressional Job Approval,NBC News/Wall St. Jrnl,"Approve 16, Disapprove 78",-62,2014-12-17,2014.0,11.0
327,327,Congressional Job Approval,FOX News,"Approve 14, Disapprove 80",-66,2014-12-18,2014.0,12.0
328,328,Congressional Job Approval,The Economist/YouGov,"Approve 11, Disapprove 72",-61,2014-12-18,2014.0,9.0
329,329,Congressional Job Approval,The Economist/YouGov,"Approve 8, Disapprove 71",-63,2014-12-29,2014.0,9.0
330,330,Congressional Job Approval,The Economist/YouGov,"Approve 9, Disapprove 71",-62,2015-01-02,2015.0,9.0
331,331,Congressional Job Approval,The Economist/YouGov,"Approve 8, Disapprove 72",-64,2015-01-07,2015.0,9.0
332,332,Congressional Job Approval,Gallup,"Approve 16, Disapprove 76",-60,2015-01-13,2015.0,9.0
333,333,Congressional Job Approval,CBS News,"Approve 16, Disapprove 72",-56,2015-01-14,2015.0,11.0
334,334,Congressional Job Approval,FOX News,"Approve 15, Disapprove 74",-59,2015-01-14,2015.0,12.0
335,335,Congressional Job Approval,NBC News/Wall St. Jrnl,"Approve 16, Disapprove 76",-60,2015-01-20,2015.0,11.0
336,336,Congressional Job Approval,The Economist/YouGov,"Approve 13, Disapprove 61",-48,2015-01-21,2015.0,9.0
337,337,Congressional Job Approval,FOX News,"Approve 18, Disapprove 73",-55,2015-01-28,2015.0,12.0
338,338,Congressional Job Approval,USA Today/Suffolk,"Approve 14, Disapprove 75",-61,2015-01-28,2015.0,10.0
339,339,Congressional Job Approval,The Economist/YouGov,"Approve 19, Disapprove 57",-38,2015-02-01,2015.0,9.0
340,340,Congressional Job Approval,The Economist/YouGov,"Approve 12, Disapprove 62",-50,2015-02-05,2015.0,9.0
341,341,Congressional Job Approval,Reason-Rupe/PSRAI,"Approve 23, Disapprove 69",-46,2015-02-06,2015.0,0.0
342,342,Congressional Job Approval,Associated Press/GfK,"Approve 15, Disapprove 83",-68,2015-02-09,2015.0,9.0
343,343,Congressional Job Approval,FOX News,"Approve 21, Disapprove 72",-51,2015-02-11,2015.0,12.0
344,344,Congressional Job Approval,The Economist/YouGov,"Approve 13, Disapprove 60",-47,2015-02-13,2015.0,9.0
345,345,Congressional Job Approval,Gallup,"Approve 20, Disapprove 75",-55,2015-02-16,2015.0,9.0
346,346,Congressional Job Approval,CNN/Opinion Research,"Approve 21, Disapprove 78",-57,2015-02-17,2015.0,10.0
347,347,Congressional Job Approval,The Economist/YouGov,"Approve 13, Disapprove 63",-50,2015-02-19,2015.0,9.0
348,348,Congressional Job Approval,CBS News,"Approve 18, Disapprove 73",-55,2015-02-20,2015.0,11.0
349,349,Congressional Job Approval,The Economist/YouGov,"Approve 16, Disapprove 60",-44,2015-02-26,2015.0,9.0
350,350,Congressional Job Approval,FOX News,"Approve 17, Disapprove 76",-59,2015-03-04,2015.0,12.0
351,351,Congressional Job Approval,The Economist/YouGov,"Approve 17, Disapprove 64",-47,2015-03-06,2015.0,9.0
352,352,Congressional Job Approval,Gallup,"Approve 18, Disapprove 75",-57,2015-03-11,2015.0,9.0
353,353,Congressional Job Approval,National Journal,"Approve 18, Disapprove 71",-53,2015-03-16,2015.0,12.0
354,354,Congressional Job Approval,The Economist/YouGov,"Approve 15, Disapprove 65",-50,2015-03-22,2015.0,9.0
355,355,Congressional Job Approval,The Economist/YouGov,"Approve 14, Disapprove 67",-53,2015-03-26,2015.0,9.0
356,356,Congressional Job Approval,CBS News,"Approve 22, Disapprove 70",-48,2015-03-29,2015.0,11.0
357,357,Congressional Job Approval,ABC News/Wash Post,"Approve 21, Disapprove 73",-52,2015-04-01,2015.0,13.0
358,358,Congressional Job Approval,FOX News,"Approve 21, Disapprove 70",-49,2015-04-01,2015.0,12.0
359,359,Congressional Job Approval,The Economist/YouGov,"Approve 12, Disapprove 65",-53,2015-04-02,2015.0,9.0
360,360,Congressional Job Approval,The Economist/YouGov,"Approve 12, Disapprove 64",-52,2015-04-10,2015.0,9.0
361,361,Congressional Job Approval,USA Today/Suffolk,"Approve 11, Disapprove 77",-66,2015-04-14,2015.0,10.0
362,362,Congressional Job Approval,The Economist/YouGov,"Approve 13, Disapprove 63",-50,2015-04-15,2015.0,9.0
363,363,Congressional Job Approval,FOX News,"Approve 19, Disapprove 75",-56,2015-04-22,2015.0,12.0
364,364,Congressional Job Approval,The Economist/YouGov,"Approve 14, Disapprove 63",-49,2015-04-24,2015.0,9.0
365,365,Congressional Job Approval,Associated Press/GfK,"Approve 19, Disapprove 80",-61,2015-05-02,2015.0,9.0
366,366,Congressional Job Approval,The Economist/YouGov,"Approve 16, Disapprove 61",-45,2015-05-02,2015.0,9.0
367,367,Congressional Job Approval,CBS News/NY Times,"Approve 12, Disapprove 80",-68,2015-05-06,2015.0,11.0
368,368,Congressional Job Approval,The Economist/YouGov,"Approve 12, Disapprove 68",-56,2015-05-08,2015.0,9.0
369,369,Congressional Job Approval,The Economist/YouGov,"Approve 16, Disapprove 62",-46,2015-05-19,2015.0,9.0
370,370,Congressional Job Approval,The Economist/YouGov,"Approve 14, Disapprove 63",-49,2015-05-22,2015.0,9.0
371,371,Congressional Job Approval,The Economist/YouGov,"Approve 12, Disapprove 64",-52,2015-05-29,2015.0,9.0
372,372,Congressional Job Approval,CBS News/NY Times,"Approve 15, Disapprove 78",-63,2015-06-02,2015.0,11.0
373,373,Congressional Job Approval,The Economist/YouGov,"Approve 13, Disapprove 64",-51,2015-06-05,2015.0,9.0
374,374,Congressional Job Approval,The Economist/YouGov,"Approve 12, Disapprove 65",-53,2015-06-13,2015.0,9.0
375,375,Congressional Job Approval,PPP (D),"Approve 12, Disapprove 77",-65,2015-06-19,2015.0,9.0
376,376,Congressional Job Approval,The Economist/YouGov,"Approve 14, Disapprove 59",-45,2015-06-19,2015.0,9.0
377,377,Congressional Job Approval,The Economist/YouGov,"Approve 14, Disapprove 65",-51,2015-06-26,2015.0,9.0
378,378,Congressional Job Approval,The Economist/YouGov,"Approve 14, Disapprove 61",-47,2015-07-02,2015.0,9.0
379,379,Congressional Job Approval,Gallup,"Approve 17, Disapprove 78",-61,2015-07-13,2015.0,9.0
380,380,Congressional Job Approval,The Economist/YouGov,"Approve 13, Disapprove 63",-50,2015-07-13,2015.0,9.0
381,381,Congressional Job Approval,Associated Press-GfK,"Approve 17, Disapprove 82",-65,2015-07-17,2015.0,0.0
382,382,Congressional Job Approval,The Economist/YouGov,"Approve 18, Disapprove 56",-38,2015-07-24,2015.0,9.0
383,383,Congressional Job Approval,CBS News,"Approve 17, Disapprove 74",-57,2015-08-04,2015.0,11.0
384,384,Congressional Job Approval,Gallup,"Approve 14, Disapprove 82",-68,2015-08-12,2015.0,9.0
385,385,Congressional Job Approval,The Economist/YouGov,"Approve 13, Disapprove 62",-49,2015-08-21,2015.0,9.0
386,386,Congressional Job Approval,The Economist/YouGov,"Approve 11, Disapprove 65",-54,2015-09-04,2015.0,9.0
387,387,Congressional Job Approval,Monmouth,"Approve 17, Disapprove 74",-57,2015-09-10,2015.0,13.0
388,388,Congressional Job Approval,Gallup,"Approve 14, Disapprove 83",-69,2015-09-17,2015.0,9.0
389,389,Congressional Job Approval,The Economist/YouGov,"Approve 11, Disapprove 66",-55,2015-09-17,2015.0,9.0
390,390,Congressional Job Approval,National Journal,"Approve 13, Disapprove 78",-65,2015-09-26,2015.0,12.0
391,391,Congressional Job Approval,The Economist/YouGov,"Approve 11, Disapprove 67",-56,2015-10-02,2015.0,9.0
392,392,Congressional Job Approval,PPP (D),"Approve 11, Disapprove 82",-71,2015-10-07,2015.0,9.0
393,393,Congressional Job Approval,CBS News,"Approve 12, Disapprove 79",-67,2015-10-11,2015.0,11.0
394,394,Congressional Job Approval,Gallup,"Approve 13, Disapprove 82",-69,2015-10-12,2015.0,9.0
395,395,Congressional Job Approval,FOX News,"Approve 13, Disapprove 78",-65,2015-10-15,2015.0,12.0
396,396,Congressional Job Approval,The Economist/YouGov,"Approve 9, Disapprove 69",-60,2015-10-16,2015.0,9.0
397,397,Congressional Job Approval,Associated Press-GfK,"Approve 16, Disapprove 83",-67,2015-10-22,2015.0,0.0
398,398,Congressional Job Approval,The Economist/YouGov,"Approve 11, Disapprove 68",-57,2015-10-28,2015.0,9.0
399,399,Congressional Job Approval,Monmouth,"Approve 13, Disapprove 77",-64,2015-11-05,2015.0,13.0
400,400,Congressional Job Approval,The Economist/YouGov,"Approve 10, Disapprove 69",-59,2015-11-11,2015.0,9.0
401,401,Congressional Job Approval,Gallup,"Approve 11, Disapprove 86",-75,2015-11-11,2015.0,9.0
402,402,Congressional Job Approval,PPP (D),"Approve 12, Disapprove 76",-64,2015-11-20,2015.0,9.0
403,403,Congressional Job Approval,The Economist/YouGov,"Approve 13, Disapprove 65",-52,2015-11-24,2015.0,9.0
404,404,Congressional Job Approval,The Economist/YouGov,"Approve 10, Disapprove 67",-57,2015-12-09,2015.0,9.0
405,405,Congressional Job Approval,CBS/NY Times,"Approve 15, Disapprove 74",-59,2015-12-10,2015.0,11.0
406,406,Congressional Job Approval,Monmouth,"Approve 16, Disapprove 77",-61,2015-12-15,2015.0,13.0
407,407,Congressional Job Approval,Gallup,"Approve 13, Disapprove 82",-69,2015-12-18,2015.0,9.0
408,408,Congressional Job Approval,PPP (D),"Approve 13, Disapprove 78",-65,2015-12-21,2015.0,9.0
409,409,Congressional Job Approval,The Economist/YouGov,"Approve 10, Disapprove 70",-60,2015-12-28,2015.0,9.0
410,410,Congressional Job Approval,The Economist/YouGov,"Approve 10, Disapprove 67",-57,2016-01-08,2016.0,9.0
411,411,Congressional Job Approval,CBS/NY Times,"Approve 15, Disapprove 75",-60,2016-01-12,2016.0,11.0
412,412,Congressional Job Approval,Gallup,"Approve 16, Disapprove 80",-64,2016-01-15,2016.0,9.0
413,413,Congressional Job Approval,The Economist/YouGov,"Approve 12, Disapprove 66",-54,2016-01-21,2016.0,9.0
414,414,Congressional Job Approval,Monmouth,"Approve 15, Disapprove 78",-63,2016-01-25,2016.0,13.0
415,415,Congressional Job Approval,National Journal,"Approve 15, Disapprove 77",-62,2016-01-27,2016.0,12.0
416,416,Congressional Job Approval,The Economist/YouGov,"Approve 10, Disapprove 69",-59,2016-02-02,2016.0,9.0
417,417,Congressional Job Approval,PPP (D),"Approve 9, Disapprove 82",-73,2016-02-08,2016.0,9.0
418,418,Congressional Job Approval,Gallup,"Approve 14, Disapprove 81",-67,2016-02-10,2016.0,9.0
419,419,Congressional Job Approval,The Economist/YouGov,"Approve 9, Disapprove 70",-61,2016-02-18,2016.0,9.0
420,420,Congressional Job Approval,Associated Press-GfK,"Approve 15, Disapprove 84",-69,2016-02-26,2016.0,0.0
421,421,Congressional Job Approval,The Economist/YouGov,"Approve 10, Disapprove 67",-57,2016-03-01,2016.0,9.0
422,422,Congressional Job Approval,Gallup,"Approve 13, Disapprove 84",-71,2016-03-09,2016.0,9.0
423,423,Congressional Job Approval,The Economist/YouGov,"Approve 12, Disapprove 65",-53,2016-03-15,2016.0,9.0
424,424,Congressional Job Approval,Monmouth,"Approve 19, Disapprove 72",-53,2016-03-21,2016.0,13.0
425,425,Congressional Job Approval,CBS News/NY Times,"Approve 17, Disapprove 75",-58,2016-03-22,2016.0,11.0
426,426,Congressional Job Approval,FOX News,"Approve 14, Disapprove 77",-63,2016-03-23,2016.0,12.0
427,427,Congressional Job Approval,CNN/ORC,"Approve 15, Disapprove 81",-66,2016-03-25,2016.0,10.0
428,428,Congressional Job Approval,The Economist/YouGov,"Approve 11, Disapprove 70",-59,2016-04-12,2016.0,9.0
429,429,Congressional Job Approval,Gallup,"Approve 17, Disapprove 79",-62,2016-04-13,2016.0,9.0
430,430,Congressional Job Approval,CBS News,"Approve 14, Disapprove 77",-63,2016-04-14,2016.0,11.0
431,431,Congressional Job Approval,The Economist/YouGov,"Approve 11, Disapprove 66",-55,2016-04-27,2016.0,9.0
432,432,Congressional Job Approval,PPP (D),"Approve 9, Disapprove 84",-75,2016-05-10,2016.0,9.0
433,433,Congressional Job Approval,The Economist/YouGov,"Approve 10, Disapprove 70",-60,2016-05-11,2016.0,9.0
434,434,Congressional Job Approval,CBS News/NY Times,"Approve 14, Disapprove 77",-63,2016-05-19,2016.0,11.0
435,435,Congressional Job Approval,Gallup,"Approve 18, Disapprove 78",-60,2016-05-24,2016.0,9.0
436,436,Congressional Job Approval,The Economist/YouGov,"Approve 12, Disapprove 67",-55,2016-05-25,2016.0,9.0
437,437,Congressional Job Approval,Economist/YouGov,"Approve 9, Disapprove 69",-60,2016-06-10,2016.0,9.0
438,438,Congressional Job Approval,Gallup,"Approve 16, Disapprove 80",-64,2016-06-14,2016.0,9.0
439,439,Congressional Job Approval,Economist/YouGov,"Approve 9, Disapprove 71",-62,2016-06-22,2016.0,9.0
440,440,Congressional Job Approval,Monmouth,"Approve 17, Disapprove 76",-59,2016-06-23,2016.0,13.0
441,441,Congressional Job Approval,Economist/YouGov,"Approve 11, Disapprove 66",-55,2016-06-30,2016.0,9.0
442,442,Congressional Job Approval,PPP (D),"Approve 14, Disapprove 80",-66,2016-06-30,2016.0,9.0
443,443,Congressional Job Approval,Economist/YouGov,"Approve 11, Disapprove 69",-58,2016-07-06,2016.0,9.0
444,444,Congressional Job Approval,Economist/YouGov,"Approve 12, Disapprove 66",-54,2016-07-13,2016.0,9.0
445,445,Congressional Job Approval,CBS News/NY Times,"Approve 15, Disapprove 79",-64,2016-07-14,2016.0,11.0
446,446,Congressional Job Approval,Associated Press-GfK,"Approve 12, Disapprove 86",-74,2016-07-15,2016.0,0.0
447,447,Congressional Job Approval,Economist/YouGov,"Approve 10, Disapprove 68",-58,2016-07-18,2016.0,9.0
448,448,Congressional Job Approval,Economist/YouGov,"Approve 10, Disapprove 65",-55,2016-07-25,2016.0,9.0
449,449,Congressional Job Approval,Gallup,"Approve 13, Disapprove 83",-70,2016-07-28,2016.0,9.0
450,450,Congressional Job Approval,PPP (D),"Approve 11, Disapprove 75",-64,2016-07-30,2016.0,9.0
451,451,Congressional Job Approval,Economist/YouGov,"Approve 10, Disapprove 71",-61,2016-08-02,2016.0,9.0
452,452,Congressional Job Approval,Economist/YouGov,"Approve 11, Disapprove 68",-57,2016-08-09,2016.0,9.0
453,453,Congressional Job Approval,Monmouth,"Approve 12, Disapprove 81",-69,2016-08-10,2016.0,13.0
454,454,Congressional Job Approval,Economist/YouGov,"Approve 10, Disapprove 70",-60,2016-08-17,2016.0,9.0
455,455,Congressional Job Approval,Gallup,"Approve 18, Disapprove 78",-60,2016-08-21,2016.0,9.0
456,456,Congressional Job Approval,Economist/YouGov,"Approve 11, Disapprove 68",-57,2016-08-24,2016.0,9.0
457,457,Congressional Job Approval,PPP (D),"Approve 8, Disapprove 79",-71,2016-08-30,2016.0,9.0
458,458,Congressional Job Approval,Economist/YouGov,"Approve 10, Disapprove 69",-59,2016-08-31,2016.0,9.0
459,459,Congressional Job Approval,Economist/YouGov,"Approve 10, Disapprove 67",-57,2016-09-07,2016.0,9.0
460,460,Congressional Job Approval,Economist/YouGov,"Approve 10, Disapprove 71",-61,2016-09-14,2016.0,9.0
461,461,Congressional Job Approval,Gallup,"Approve 20, Disapprove 76",-56,2016-09-16,2016.0,9.0
462,462,Congressional Job Approval,Economist/YouGov,"Approve 11, Disapprove 70",-59,2016-09-21,2016.0,9.0
463,463,Congressional Job Approval,Associated Press-GfK,"Approve 12, Disapprove 88",-76,2016-09-22,2016.0,0.0
464,464,Congressional Job Approval,Economist/YouGov,"Approve 9, Disapprove 69",-60,2016-09-25,2016.0,9.0
465,465,Congressional Job Approval,Monmouth,"Approve 15, Disapprove 77",-62,2016-09-28,2016.0,13.0
466,466,Congressional Job Approval,PPP (D),"Approve 13, Disapprove 74",-61,2016-09-28,2016.0,9.0
467,467,Congressional Job Approval,FOX News,"Approve 18, Disapprove 75",-57,2016-09-30,2016.0,12.0
468,468,Congressional Job Approval,Economist/YouGov,"Approve 9, Disapprove 70",-61,2016-10-03,2016.0,9.0
469,469,Congressional Job Approval,Economist/YouGov,"Approve 11, Disapprove 64",-53,2016-10-09,2016.0,9.0
470,470,Congressional Job Approval,Gallup,"Approve 18, Disapprove 79",-61,2016-10-13,2016.0,9.0
471,471,Congressional Job Approval,Economist/YouGov,"Approve 12, Disapprove 70",-58,2016-10-19,2016.0,9.0
472,472,Congressional Job Approval,Associated Press-GfK,"Approve 14, Disapprove 86",-72,2016-10-26,2016.0,0.0
473,473,Congressional Job Approval,Economist/YouGov,"Approve 13, Disapprove 66",-53,2016-11-02,2016.0,9.0
474,474,Congressional Job Approval,CBS News/NY Times,"Approve 15, Disapprove 76",-61,2016-11-03,2016.0,11.0
475,475,Congressional Job Approval,Economist/YouGov,"Approve 11, Disapprove 67",-56,2016-11-07,2016.0,9.0
476,476,Congressional Job Approval,Economist/YouGov,"Approve 14, Disapprove 62",-48,2016-11-17,2016.0,9.0
477,477,Congressional Job Approval,Gallup,"Approve 19, Disapprove 74",-55,2016-11-18,2016.0,9.0
478,478,Congressional Job Approval,Economist/YouGov,"Approve 14, Disapprove 61",-47,2016-11-23,2016.0,9.0
479,479,Congressional Job Approval,Economist/YouGov,"Approve 15, Disapprove 57",-42,2016-12-01,2016.0,9.0
480,480,Congressional Job Approval,Economist/YouGov,"Approve 13, Disapprove 65",-52,2016-12-06,2016.0,9.0
481,481,Congressional Job Approval,The Atlantic,"Approve 17, Disapprove 73",-56,2016-12-07,2016.0,0.0
482,482,Congressional Job Approval,PPP (D),"Approve 10, Disapprove 75",-65,2016-12-09,2016.0,9.0
483,483,Congressional Job Approval,Economist/YouGov,"Approve 12, Disapprove 59",-47,2016-12-14,2016.0,9.0
484,484,Congressional Job Approval,Gallup,"Approve 18, Disapprove 78",-60,2016-12-16,2016.0,9.0
485,485,Congressional Job Approval,Economist/YouGov,"Approve 11, Disapprove 59",-48,2016-12-20,2016.0,9.0
486,486,Congressional Job Approval,Economist/YouGov,"Approve 12, Disapprove 56",-44,2016-12-27,2016.0,9.0
487,487,Congressional Job Approval,Economist/YouGov,"Approve 13, Disapprove 55",-42,2017-01-03,2017.0,9.0
488,488,Congressional Job Approval,Quinnipiac,"Approve 12, Disapprove 79",-67,2017-01-10,2017.0,11.0
489,489,Congressional Job Approval,Economist/YouGov,"Approve 12, Disapprove 61",-49,2017-01-11,2017.0,9.0
490,490,Congressional Job Approval,Gallup,"Approve 19, Disapprove 76",-57,2017-01-13,2017.0,9.0
491,491,Congressional Job Approval,Monmouth,"Approve 22, Disapprove 67",-45,2017-01-17,2017.0,13.0
492,492,Congressional Job Approval,Economist/YouGov,"Approve 14, Disapprove 61",-47,2017-01-18,2017.0,9.0
493,493,Congressional Job Approval,CBS News,"Approve 24, Disapprove 71",-47,2017-01-18,2017.0,11.0
494,494,Congressional Job Approval,CNN/ORC,"Approve 20, Disapprove 77",-57,2017-01-19,2017.0,10.0
495,495,Congressional Job Approval,FOX News,"Approve 17, Disapprove 74",-57,2017-01-19,2017.0,12.0
496,496,Congressional Job Approval,Economist/YouGov,"Approve 12, Disapprove 58",-46,2017-01-25,2017.0,9.0
497,497,Congressional Job Approval,Quinnipiac,"Approve 19, Disapprove 67",-48,2017-01-26,2017.0,11.0
498,498,Congressional Job Approval,PPP (D),"Approve 15, Disapprove 65",-50,2017-01-26,2017.0,9.0
499,499,Congressional Job Approval,Economist/YouGov,"Approve 19, Disapprove 55",-36,2017-02-01,2017.0,9.0
500,500,Congressional Job Approval,PPP (D),"Approve 13, Disapprove 68",-55,2017-02-02,2017.0,9.0
501,501,Congressional Job Approval,Gallup,"Approve 28, Disapprove 67",-39,2017-02-07,2017.0,9.0
502,502,Congressional Job Approval,Economist/YouGov,"Approve 16, Disapprove 53",-37,2017-02-08,2017.0,9.0
503,503,Congressional Job Approval,PPP (D),"Approve 16, Disapprove 68",-52,2017-02-10,2017.0,9.0
504,504,Congressional Job Approval,Economist/YouGov,"Approve 19, Disapprove 55",-36,2017-02-15,2017.0,9.0
505,505,Congressional Job Approval,Economist/YouGov,"Approve 19, Disapprove 56",-37,2017-02-22,2017.0,9.0
506,506,Congressional Job Approval,CBS News,"Approve 22, Disapprove 67",-45,2017-02-23,2017.0,11.0
507,507,Congressional Job Approval,PPP (D),"Approve 21, Disapprove 59",-38,2017-02-24,2017.0,9.0
508,508,Congressional Job Approval,NBC News/Wall St. Jrnl,"Approve 29, Disapprove 60",-31,2017-02-26,2017.0,11.0
509,509,Congressional Job Approval,Economist/YouGov,"Approve 17, Disapprove 56",-39,2017-03-01,2017.0,9.0
510,510,Congressional Job Approval,Monmouth,"Approve 23, Disapprove 61",-38,2017-03-06,2017.0,13.0
511,511,Congressional Job Approval,CNN/ORC,"Approve 28, Disapprove 69",-41,2017-03-06,2017.0,10.0
512,512,Congressional Job Approval,Gallup,"Approve 24, Disapprove 67",-43,2017-03-07,2017.0,9.0
513,513,Congressional Job Approval,Quinnipiac,"Approve 18, Disapprove 70",-52,2017-03-07,2017.0,11.0
514,514,Congressional Job Approval,Economist/YouGov,"Approve 17, Disapprove 57",-40,2017-03-08,2017.0,9.0
515,515,Congressional Job Approval,PPP (D),"Approve 18, Disapprove 64",-46,2017-03-15,2017.0,9.0
516,516,Congressional Job Approval,Economist/YouGov,"Approve 18, Disapprove 53",-35,2017-03-15,2017.0,9.0
517,517,Congressional Job Approval,Economist/YouGov,"Approve 14, Disapprove 56",-42,2017-03-22,2017.0,9.0
518,518,Congressional Job Approval,Economist/YouGov,"Approve 13, Disapprove 64",-51,2017-03-29,2017.0,9.0
519,519,Congressional Job Approval,PPP (D),"Approve 11, Disapprove 68",-57,2017-03-30,2017.0,9.0
520,520,Congressional Job Approval,Economist/YouGov,"Approve 12, Disapprove 58",-46,2017-04-05,2017.0,9.0
521,521,Congressional Job Approval,Gallup,"Approve 20, Disapprove 74",-54,2017-04-11,2017.0,9.0
522,522,Congressional Job Approval,Economist/YouGov,"Approve 13, Disapprove 61",-48,2017-04-12,2017.0,9.0
523,523,Congressional Job Approval,Economist/YouGov,"Approve 14, Disapprove 61",-47,2017-04-19,2017.0,9.0
524,524,Congressional Job Approval,PPP (D),"Approve 18, Disapprove 65",-47,2017-04-20,2017.0,9.0
525,525,Congressional Job Approval,NBC News/Wall St. Jrnl,"Approve 20, Disapprove 72",-52,2017-04-24,2017.0,11.0
526,526,Congressional Job Approval,Economist/YouGov,"Approve 13, Disapprove 61",-48,2017-04-26,2017.0,9.0
527,527,Congressional Job Approval,CNN/ORC,"Approve 22, Disapprove 75",-53,2017-04-28,2017.0,10.0
528,528,Congressional Job Approval,Economist/YouGov,"Approve 11, Disapprove 63",-52,2017-05-03,2017.0,9.0
529,529,Congressional Job Approval,Economist/YouGov,"Approve 13, Disapprove 64",-51,2017-05-10,2017.0,9.0
530,530,Congressional Job Approval,Gallup,"Approve 20, Disapprove 74",-54,2017-05-10,2017.0,9.0
531,531,Congressional Job Approval,PPP (D),"Approve 15, Disapprove 68",-53,2017-05-16,2017.0,9.0
532,532,Congressional Job Approval,Economist/YouGov,"Approve 11, Disapprove 64",-53,2017-05-17,2017.0,9.0
533,533,Congressional Job Approval,Monmouth,"Approve 17, Disapprove 73",-56,2017-05-24,2017.0,13.0
534,534,Congressional Job Approval,Economist/YouGov,"Approve 13, Disapprove 65",-52,2017-05-24,2017.0,9.0
535,535,Congressional Job Approval,Reuters/Ipsos,"Approve 23, Disapprove 64",-41,2017-05-24,2017.0,10.0
536,536,Congressional Job Approval,Economist/YouGov,"Approve 11, Disapprove 63",-52,2017-05-31,2017.0,9.0
537,537,Congressional Job Approval,Reuters/Ipsos,"Approve 22, Disapprove 68",-46,2017-05-31,2017.0,10.0
538,538,Congressional Job Approval,Economist/YouGov,"Approve 11, Disapprove 63",-52,2017-06-07,2017.0,9.0
539,539,Congressional Job Approval,Reuters/Ipsos,"Approve 28, Disapprove 61",-33,2017-06-08,2017.0,10.0
540,540,Congressional Job Approval,PPP (D),"Approve 11, Disapprove 71",-60,2017-06-12,2017.0,9.0
541,541,Congressional Job Approval,Economist/YouGov,"Approve 11, Disapprove 61",-50,2017-06-14,2017.0,9.0
542,542,Congressional Job Approval,Reuters/Ipsos,"Approve 28, Disapprove 61",-33,2017-06-14,2017.0,10.0
543,543,Congressional Job Approval,Economist/YouGov,"Approve 12, Disapprove 61",-49,2017-06-21,2017.0,9.0
544,544,Congressional Job Approval,Reuters/Ipsos,"Approve 22, Disapprove 66",-44,2017-06-28,2017.0,10.0
545,545,Congressional Job Approval,Economist/YouGov,"Approve 13, Disapprove 63",-50,2017-06-28,2017.0,9.0
546,546,Congressional Job Approval,Reuters/Ipsos,"Approve 25, Disapprove 63",-38,2017-07-05,2017.0,10.0
547,547,Congressional Job Approval,Economist/YouGov,"Approve 14, Disapprove 61",-47,2017-07-05,2017.0,9.0
548,548,Congressional Job Approval,Economist/YouGov,"Approve 13, Disapprove 65",-52,2017-07-12,2017.0,9.0
549,549,Congressional Job Approval,Reuters/Ipsos,"Approve 26, Disapprove 65",-39,2017-07-12,2017.0,10.0
550,550,Congressional Job Approval,Gallup,"Approve 20, Disapprove 74",-54,2017-07-13,2017.0,9.0
551,551,Congressional Job Approval,Monmouth,"Approve 18, Disapprove 72",-54,2017-07-18,2017.0,13.0
552,552,Congressional Job Approval,PPP (D),"Approve 11, Disapprove 75",-64,2017-07-18,2017.0,9.0
553,553,Congressional Job Approval,Reuters/Ipsos,"Approve 23, Disapprove 66",-43,2017-07-19,2017.0,10.0
554,554,Congressional Job Approval,Economist/YouGov,"Approve 10, Disapprove 64",-54,2017-07-19,2017.0,9.0
555,555,Congressional Job Approval,Economist/YouGov,"Approve 11, Disapprove 67",-56,2017-07-26,2017.0,9.0
556,556,Congressional Job Approval,Reuters/Ipsos,"Approve 21, Disapprove 68",-47,2017-07-26,2017.0,10.0
557,557,Congressional Job Approval,Economist/YouGov,"Approve 9, Disapprove 68",-59,2017-08-02,2017.0,9.0
558,558,Congressional Job Approval,Reuters/Ipsos,"Approve 22, Disapprove 67",-45,2017-08-02,2017.0,10.0
559,559,Congressional Job Approval,Quinnipiac,"Approve 10, Disapprove 84",-74,2017-08-03,2017.0,11.0
560,560,Congressional Job Approval,CBS News,"Approve 19, Disapprove 73",-54,2017-08-08,2017.0,11.0
561,561,Congressional Job Approval,Reuters/Ipsos,"Approve 21, Disapprove 71",-50,2017-08-09,2017.0,10.0
562,562,Congressional Job Approval,Economist/YouGov,"Approve 11, Disapprove 67",-56,2017-08-09,2017.0,9.0
563,563,Congressional Job Approval,Economist/YouGov,"Approve 8, Disapprove 68",-60,2017-08-16,2017.0,9.0
564,564,Congressional Job Approval,Reuters/Ipsos,"Approve 21, Disapprove 66",-45,2017-08-16,2017.0,10.0
565,565,Congressional Job Approval,Quinnipiac,"Approve 10, Disapprove 85",-75,2017-08-17,2017.0,11.0
566,566,Congressional Job Approval,Quinnipiac,"Approve 10, Disapprove 83",-73,2017-08-23,2017.0,11.0
567,567,Congressional Job Approval,PPP (D),"Approve 9, Disapprove 73",-64,2017-08-23,2017.0,9.0
568,568,Congressional Job Approval,Economist/YouGov,"Approve 11, Disapprove 67",-56,2017-08-23,2017.0,9.0
569,569,Congressional Job Approval,Reuters/Ipsos,"Approve 21, Disapprove 67",-46,2017-08-23,2017.0,10.0
570,570,Congressional Job Approval,FOX News,"Approve 15, Disapprove 74",-59,2017-08-30,2017.0,12.0
571,571,Congressional Job Approval,Economist/YouGov,"Approve 11, Disapprove 69",-58,2017-08-30,2017.0,9.0
572,572,Congressional Job Approval,Reuters/Ipsos,"Approve 22, Disapprove 66",-44,2017-08-30,2017.0,10.0
573,573,Congressional Job Approval,Economist/YouGov,"Approve 10, Disapprove 63",-53,2017-09-06,2017.0,9.0
574,574,Congressional Job Approval,Reuters/Ipsos,"Approve 25, Disapprove 64",-39,2017-09-06,2017.0,10.0
575,575,Congressional Job Approval,Reuters/Ipsos,"Approve 24, Disapprove 62",-38,2017-09-13,2017.0,10.0
576,576,Congressional Job Approval,Economist/YouGov,"Approve 10, Disapprove 65",-55,2017-09-13,2017.0,9.0
577,577,Congressional Job Approval,Gallup,"Approve 16, Disapprove 80",-64,2017-09-16,2017.0,9.0
578,578,Congressional Job Approval,Reuters/Ipsos,"Approve 21, Disapprove 68",-47,2017-09-20,2017.0,10.0
579,579,Congressional Job Approval,Economist/YouGov,"Approve 9, Disapprove 66",-57,2017-09-20,2017.0,9.0
580,580,Congressional Job Approval,Monmouth,"Approve 15, Disapprove 73",-58,2017-09-20,2017.0,13.0
581,581,Congressional Job Approval,Economist/YouGov,"Approve 9, Disapprove 67",-58,2017-09-27,2017.0,9.0
582,582,Congressional Job Approval,Reuters/Ipsos,"Approve 20, Disapprove 69",-49,2017-09-27,2017.0,10.0
583,583,Congressional Job Approval,PPP (D),"Approve 9, Disapprove 76",-67,2017-09-28,2017.0,9.0
584,584,Congressional Job Approval,Reuters/Ipsos,"Approve 20, Disapprove 68",-48,2017-10-04,2017.0,10.0
585,585,Congressional Job Approval,Economist/YouGov,"Approve 9, Disapprove 66",-57,2017-10-04,2017.0,9.0
586,586,Congressional Job Approval,Reuters/Ipsos,"Approve 24, Disapprove 66",-42,2017-10-11,2017.0,10.0
587,587,Congressional Job Approval,Economist/YouGov,"Approve 7, Disapprove 69",-62,2017-10-11,2017.0,9.0
588,588,Congressional Job Approval,Reuters/Ipsos,"Approve 19, Disapprove 68",-49,2017-10-18,2017.0,10.0
589,589,Congressional Job Approval,Economist/YouGov,"Approve 8, Disapprove 71",-63,2017-10-18,2017.0,9.0
590,590,Congressional Job Approval,Gallup,"Approve 13, Disapprove 80",-67,2017-10-20,2017.0,9.0
591,591,Congressional Job Approval,Economist/YouGov,"Approve 8, Disapprove 69",-61,2017-10-25,2017.0,9.0
592,592,Congressional Job Approval,Reuters/Ipsos,"Approve 17, Disapprove 71",-54,2017-10-25,2017.0,10.0
593,593,Congressional Job Approval,PPP (D),"Approve 9, Disapprove 77",-68,2017-10-31,2017.0,9.0
594,594,Congressional Job Approval,Economist/YouGov,"Approve 9, Disapprove 69",-60,2017-11-01,2017.0,9.0
595,595,Congressional Job Approval,Reuters/Ipsos,"Approve 22, Disapprove 69",-47,2017-11-01,2017.0,10.0
596,596,Congressional Job Approval,Economist/YouGov,"Approve 9, Disapprove 68",-59,2017-11-08,2017.0,9.0
597,597,Congressional Job Approval,Reuters/Ipsos,"Approve 21, Disapprove 67",-46,2017-11-08,2017.0,10.0
598,598,Congressional Job Approval,Economist/YouGov,"Approve 9, Disapprove 69",-60,2017-11-15,2017.0,9.0
599,599,Congressional Job Approval,Reuters/Ipsos,"Approve 19, Disapprove 68",-49,2017-11-15,2017.0,10.0
600,600,Congressional Job Approval,Reuters/Ipsos,"Approve 19, Disapprove 69",-50,2017-11-22,2017.0,10.0
601,601,Congressional Job Approval,Economist/YouGov,"Approve 9, Disapprove 69",-60,2017-11-22,2017.0,9.0
602,602,Congressional Job Approval,Reuters/Ipsos,"Approve 19, Disapprove 69",-50,2017-11-29,2017.0,10.0
603,603,Congressional Job Approval,Economist/YouGov,"Approve 10, Disapprove 70",-60,2017-11-29,2017.0,9.0
604,604,Congressional Job Approval,Quinnipiac,"Approve 12, Disapprove 80",-68,2017-12-05,2017.0,11.0
605,605,Congressional Job Approval,Reuters/Ipsos,"Approve 20, Disapprove 70",-50,2017-12-06,2017.0,10.0
606,606,Congressional Job Approval,Economist/YouGov,"Approve 11, Disapprove 68",-57,2017-12-06,2017.0,9.0
607,607,Congressional Job Approval,Monmouth,"Approve 15, Disapprove 69",-54,2017-12-13,2017.0,13.0
608,608,Congressional Job Approval,Economist/YouGov,"Approve 12, Disapprove 69",-57,2017-12-13,2017.0,9.0
609,609,Congressional Job Approval,Reuters/Ipsos,"Approve 20, Disapprove 67",-47,2017-12-13,2017.0,10.0
610,610,Congressional Job Approval,Gallup,"Approve 17, Disapprove 78",-61,2017-12-14,2017.0,9.0
611,611,Congressional Job Approval,PPP (D),"Approve 10, Disapprove 78",-68,2017-12-14,2017.0,9.0
612,612,Congressional Job Approval,Quinnipiac,"Approve 13, Disapprove 79",-66,2017-12-19,2017.0,11.0
613,613,Congressional Job Approval,Economist/YouGov,"Approve 12, Disapprove 68",-56,2017-12-20,2017.0,9.0
614,614,Congressional Job Approval,Reuters/Ipsos,"Approve 21, Disapprove 68",-47,2017-12-20,2017.0,10.0
615,615,Congressional Job Approval,Economist/YouGov,"Approve 14, Disapprove 64",-50,2017-12-27,2017.0,9.0
616,616,Congressional Job Approval,Economist/YouGov,"Approve 15, Disapprove 64",-49,2018-01-03,2018.0,9.0
617,617,Congressional Job Approval,Reuters/Ipsos,"Approve 25, Disapprove 63",-38,2018-01-03,2018.0,10.0
618,618,Congressional Job Approval,Reuters/Ipsos,"Approve 23, Disapprove 66",-43,2018-01-10,2018.0,10.0
619,619,Congressional Job Approval,Economist/YouGov,"Approve 14, Disapprove 67",-53,2018-01-10,2018.0,9.0
620,620,Congressional Job Approval,Economist/YouGov,"Approve 11, Disapprove 69",-58,2018-01-17,2018.0,9.0
621,621,Congressional Job Approval,Reuters/Ipsos,"Approve 23, Disapprove 63",-40,2018-01-17,2018.0,10.0
622,622,Congressional Job Approval,CBS News,"Approve 18, Disapprove 75",-57,2018-01-18,2018.0,11.0
623,623,Congressional Job Approval,Quinnipiac,"Approve 16, Disapprove 78",-62,2018-01-18,2018.0,11.0
624,624,Congressional Job Approval,CNN,"Approve 16, Disapprove 78",-62,2018-01-19,2018.0,10.0
625,625,Congressional Job Approval,Economist/YouGov,"Approve 9, Disapprove 76",-67,2018-01-24,2018.0,9.0
626,626,Congressional Job Approval,Reuters/Ipsos,"Approve 18, Disapprove 72",-54,2018-01-24,2018.0,10.0
627,627,Congressional Job Approval,FOX News,"Approve 15, Disapprove 70",-55,2018-01-24,2018.0,12.0
628,628,Congressional Job Approval,Economist/YouGov,"Approve 9, Disapprove 74",-65,2018-01-31,2018.0,9.0
629,629,Congressional Job Approval,Reuters/Ipsos,"Approve 25, Disapprove 66",-41,2018-01-31,2018.0,10.0
630,630,Congressional Job Approval,Monmouth,"Approve 20, Disapprove 69",-49,2018-01-31,2018.0,13.0
631,631,Congressional Job Approval,Economist/YouGov,"Approve 11, Disapprove 70",-59,2018-02-07,2018.0,9.0
632,632,Congressional Job Approval,Reuters/Ipsos,"Approve 21, Disapprove 68",-47,2018-02-07,2018.0,10.0
633,633,Congressional Job Approval,Quinnipiac,"Approve 15, Disapprove 77",-62,2018-02-07,2018.0,11.0
634,634,Congressional Job Approval,Economist/YouGov,"Approve 12, Disapprove 68",-56,2018-02-14,2018.0,9.0
635,635,Congressional Job Approval,Reuters/Ipsos,"Approve 23, Disapprove 66",-43,2018-02-14,2018.0,10.0
636,636,Congressional Job Approval,Gallup,"Approve 15, Disapprove 81",-66,2018-02-14,2018.0,9.0
637,637,Congressional Job Approval,PPP (D),"Approve 10, Disapprove 73",-63,2018-02-14,2018.0,9.0
638,638,Congressional Job Approval,Reuters/Ipsos,"Approve 19, Disapprove 66",-47,2018-02-21,2018.0,10.0
639,639,Congressional Job Approval,Economist/YouGov,"Approve 10, Disapprove 70",-60,2018-02-21,2018.0,9.0
640,640,Congressional Job Approval,Economist/YouGov,"Approve 13, Disapprove 70",-57,2018-02-28,2018.0,9.0
641,641,Congressional Job Approval,Reuters/Ipsos,"Approve 23, Disapprove 66",-43,2018-02-28,2018.0,10.0
642,642,Congressional Job Approval,USA Today/Suffolk,"Approve 15, Disapprove 75",-60,2018-03-01,2018.0,10.0
643,643,Congressional Job Approval,Monmouth,"Approve 17, Disapprove 75",-58,2018-03-07,2018.0,13.0
644,644,Congressional Job Approval,Reuters/Ipsos,"Approve 24, Disapprove 65",-41,2018-03-07,2018.0,10.0
645,645,Congressional Job Approval,Economist/YouGov,"Approve 11, Disapprove 67",-56,2018-03-07,2018.0,9.0
646,646,Congressional Job Approval,Quinnipiac,"Approve 13, Disapprove 80",-67,2018-03-07,2018.0,11.0
647,647,Congressional Job Approval,Reuters/Ipsos,"Approve 24, Disapprove 64",-40,2018-03-14,2018.0,10.0
648,648,Congressional Job Approval,Economist/YouGov,"Approve 10, Disapprove 68",-58,2018-03-14,2018.0,9.0
649,649,Congressional Job Approval,Gallup,"Approve 15, Disapprove 79",-64,2018-03-19,2018.0,9.0
650,650,Congressional Job Approval,Economist/YouGov,"Approve 11, Disapprove 69",-58,2018-03-21,2018.0,9.0
651,651,Congressional Job Approval,Reuters/Ipsos,"Approve 23, Disapprove 69",-46,2018-03-22,2018.0,10.0
652,652,Congressional Job Approval,PPP (D),"Approve 10, Disapprove 73",-63,2018-03-27,2018.0,9.0
653,653,Congressional Job Approval,Economist/YouGov,"Approve 8, Disapprove 74",-66,2018-03-28,2018.0,9.0
654,654,Congressional Job Approval,Reuters/Ipsos,"Approve 20, Disapprove 73",-53,2018-03-29,2018.0,10.0
655,655,Congressional Job Approval,Reuters/Ipsos,"Approve 20, Disapprove 69",-49,2018-04-04,2018.0,10.0
656,656,Congressional Job Approval,Economist/YouGov,"Approve 11, Disapprove 70",-59,2018-04-04,2018.0,9.0
657,657,Congressional Job Approval,Economist/YouGov,"Approve 8, Disapprove 74",-66,2018-04-11,2018.0,9.0
658,658,Congressional Job Approval,Quinnipiac,"Approve 12, Disapprove 81",-69,2018-04-11,2018.0,11.0
659,659,Congressional Job Approval,Reuters/Ipsos,"Approve 19, Disapprove 72",-53,2018-04-11,2018.0,10.0
660,660,Congressional Job Approval,Reuters/Ipsos,"Approve 19, Disapprove 75",-56,2018-04-18,2018.0,10.0
661,661,Congressional Job Approval,Economist/YouGov,"Approve 11, Disapprove 67",-56,2018-04-18,2018.0,9.0
662,662,Congressional Job Approval,Gallup,"Approve 18, Disapprove 78",-60,2018-04-19,2018.0,9.0
663,663,Congressional Job Approval,Economist/YouGov,"Approve 10, Disapprove 68",-58,2018-04-25,2018.0,9.0
664,664,Congressional Job Approval,Reuters/Ipsos,"Approve 27, Disapprove 67",-40,2018-04-25,2018.0,10.0
665,665,Congressional Job Approval,FOX News,"Approve 19, Disapprove 70",-51,2018-04-25,2018.0,12.0
666,666,Congressional Job Approval,Economist/YouGov,"Approve 10, Disapprove 69",-59,2018-05-02,2018.0,9.0
667,667,Congressional Job Approval,Monmouth,"Approve 16, Disapprove 74",-58,2018-05-03,2018.0,13.0
668,668,Congressional Job Approval,Reuters/Ipsos,"Approve 31, Disapprove 63",-32,2018-05-05,2018.0,10.0
669,669,Congressional Job Approval,Economist/YouGov,"Approve 9, Disapprove 67",-58,2018-05-09,2018.0,9.0
670,670,Congressional Job Approval,Reuters/Ipsos,"Approve 22, Disapprove 72",-50,2018-05-09,2018.0,10.0
671,671,Congressional Job Approval,Economist/YouGov,"Approve 11, Disapprove 68",-57,2018-05-16,2018.0,9.0
672,672,Congressional Job Approval,Reuters/Ipsos,"Approve 25, Disapprove 70",-45,2018-05-16,2018.0,10.0
673,673,Congressional Job Approval,Reuters/Ipsos,"Approve 22, Disapprove 70",-48,2018-05-23,2018.0,10.0
674,674,Congressional Job Approval,Economist/YouGov,"Approve 9, Disapprove 68",-59,2018-05-23,2018.0,9.0
675,675,Congressional Job Approval,Economist/YouGov,"Approve 9, Disapprove 70",-61,2018-05-30,2018.0,9.0
676,676,Congressional Job Approval,Reuters/Ipsos,"Approve 23, Disapprove 66",-43,2018-05-31,2018.0,10.0
677,677,Congressional Job Approval,Reuters/Ipsos,"Approve 24, Disapprove 62",-38,2018-06-06,2018.0,10.0
678,678,Congressional Job Approval,Quinnipiac,"Approve 13, Disapprove 78",-65,2018-06-06,2018.0,11.0
679,679,Congressional Job Approval,Economist/YouGov,"Approve 11, Disapprove 69",-58,2018-06-06,2018.0,9.0
680,680,Congressional Job Approval,Gallup,"Approve 17, Disapprove 79",-62,2018-06-07,2018.0,9.0
681,681,Congressional Job Approval,PPP (D),"Approve 6, Disapprove 75",-69,2018-06-13,2018.0,9.0
682,682,Congressional Job Approval,Reuters/Ipsos,"Approve 26, Disapprove 66",-40,2018-06-13,2018.0,10.0
683,683,Congressional Job Approval,Economist/YouGov,"Approve 13, Disapprove 66",-53,2018-06-13,2018.0,9.0
684,684,Congressional Job Approval,Monmouth,"Approve 19, Disapprove 69",-50,2018-06-18,2018.0,13.0
685,685,Congressional Job Approval,Reuters/Ipsos,"Approve 24, Disapprove 68",-44,2018-06-20,2018.0,10.0
686,686,Congressional Job Approval,Economist/YouGov,"Approve 10, Disapprove 66",-56,2018-06-20,2018.0,9.0
687,687,Congressional Job Approval,Economist/YouGov,"Approve 9, Disapprove 71",-62,2018-06-27,2018.0,9.0
688,688,Congressional Job Approval,Reuters/Ipsos,"Approve 24, Disapprove 66",-42,2018-06-27,2018.0,10.0
689,689,Congressional Job Approval,Quinnipiac,"Approve 15, Disapprove 78",-63,2018-07-02,2018.0,11.0
690,690,Congressional Job Approval,Reuters/Ipsos,"Approve 26, Disapprove 65",-39,2018-07-04,2018.0,10.0
691,691,Congressional Job Approval,Economist/YouGov,"Approve 11, Disapprove 66",-55,2018-07-05,2018.0,9.0
692,692,Congressional Job Approval,Reuters/Ipsos,"Approve 24, Disapprove 67",-43,2018-07-11,2018.0,10.0
693,693,Congressional Job Approval,Economist/YouGov,"Approve 10, Disapprove 68",-58,2018-07-11,2018.0,9.0
694,694,Congressional Job Approval,Reuters/Ipsos,"Approve 24, Disapprove 67",-43,2018-07-18,2018.0,10.0
695,695,Congressional Job Approval,Economist/YouGov,"Approve 11, Disapprove 67",-56,2018-07-18,2018.0,9.0
696,696,Congressional Job Approval,Reuters/Ipsos,"Approve 23, Disapprove 70",-47,2018-07-25,2018.0,10.0
697,697,Congressional Job Approval,Economist/YouGov,"Approve 9, Disapprove 71",-62,2018-07-25,2018.0,9.0
698,698,Congressional Job Approval,Gallup,"Approve 17, Disapprove 77",-60,2018-08-01,2018.0,9.0
699,699,Congressional Job Approval,Reuters/Ipsos,"Approve 20, Disapprove 72",-52,2018-08-01,2018.0,10.0
700,700,Congressional Job Approval,Economist/YouGov,"Approve 12, Disapprove 70",-58,2018-08-01,2018.0,9.0
701,701,Congressional Job Approval,Economist/YouGov,"Approve 12, Disapprove 68",-56,2018-08-08,2018.0,9.0
702,702,Congressional Job Approval,Reuters/Ipsos,"Approve 24, Disapprove 69",-45,2018-08-09,2018.0,10.0
703,703,Congressional Job Approval,Gallup,"Approve 17, Disapprove 78",-61,2018-08-14,2018.0,9.0
704,704,Congressional Job Approval,Quinnipiac,"Approve 15, Disapprove 78",-63,2018-08-15,2018.0,11.0
705,705,Congressional Job Approval,Economist/YouGov,"Approve 11, Disapprove 70",-59,2018-08-15,2018.0,9.0
706,706,Congressional Job Approval,Reuters/Ipsos,"Approve 27, Disapprove 65",-38,2018-08-16,2018.0,10.0
707,707,Congressional Job Approval,FOX News,"Approve 23, Disapprove 68",-45,2018-08-22,2018.0,12.0
708,708,Congressional Job Approval,Economist/YouGov,"Approve 12, Disapprove 66",-54,2018-08-22,2018.0,9.0
709,709,Congressional Job Approval,Reuters/Ipsos,"Approve 24, Disapprove 68",-44,2018-08-23,2018.0,10.0
710,710,Congressional Job Approval,NBC News/Wall St. Jrnl,"Approve 20, Disapprove 75",-55,2018-08-26,2018.0,11.0
711,711,Congressional Job Approval,Reuters/Ipsos,"Approve 23, Disapprove 68",-45,2018-08-29,2018.0,10.0
712,712,Congressional Job Approval,Economist/YouGov,"Approve 14, Disapprove 67",-53,2018-08-29,2018.0,9.0
713,713,Congressional Job Approval,Economist/YouGov,"Approve 11, Disapprove 69",-58,2018-09-05,2018.0,9.0
714,714,Congressional Job Approval,Reuters/Ipsos,"Approve 25, Disapprove 66",-41,2018-09-05,2018.0,10.0
715,715,Congressional Job Approval,Quinnipiac,"Approve 18, Disapprove 72",-54,2018-09-12,2018.0,11.0
716,716,Congressional Job Approval,Economist/YouGov,"Approve 13, Disapprove 66",-53,2018-09-12,2018.0,9.0
717,717,Congressional Job Approval,Reuters/Ipsos,"Approve 22, Disapprove 75",-53,2018-09-12,2018.0,10.0
718,718,Congressional Job Approval,Economist/YouGov,"Approve 15, Disapprove 65",-50,2018-09-19,2018.0,9.0
719,719,Congressional Job Approval,Reuters/Ipsos,"Approve 22, Disapprove 74",-52,2018-09-19,2018.0,10.0
720,720,Congressional Job Approval,Reuters/Ipsos,"Approve 22, Disapprove 74",-52,2018-09-26,2018.0,10.0
721,721,Congressional Job Approval,Economist/YouGov,"Approve 12, Disapprove 66",-54,2018-09-26,2018.0,9.0
722,722,Congressional Job Approval,Gallup,"Approve 19, Disapprove 76",-57,2018-09-28,2018.0,9.0
723,723,Congressional Job Approval,Economist/YouGov,"Approve 12, Disapprove 68",-56,2018-10-03,2018.0,9.0
724,724,Congressional Job Approval,Reuters/Ipsos,"Approve 22, Disapprove 74",-52,2018-10-03,2018.0,10.0
725,725,Congressional Job Approval,CNN,"Approve 17, Disapprove 75",-58,2018-10-09,2018.0,10.0
726,726,Congressional Job Approval,Economist/YouGov,"Approve 15, Disapprove 67",-52,2018-10-10,2018.0,9.0
727,727,Congressional Job Approval,Reuters/Ipsos,"Approve 24, Disapprove 73",-49,2018-10-10,2018.0,10.0
728,728,Congressional Job Approval,FOX News,"Approve 22, Disapprove 66",-44,2018-10-17,2018.0,12.0
729,729,Congressional Job Approval,Economist/YouGov,"Approve 16, Disapprove 65",-49,2018-10-17,2018.0,9.0
730,730,Congressional Job Approval,Reuters/Ipsos,"Approve 25, Disapprove 71",-46,2018-10-17,2018.0,10.0
731,731,Congressional Job Approval,CBS News,"Approve 17, Disapprove 75",-58,2018-10-19,2018.0,11.0
732,732,Congressional Job Approval,Economist/YouGov,"Approve 15, Disapprove 68",-53,2018-10-24,2018.0,9.0
733,733,Congressional Job Approval,Reuters/Ipsos,"Approve 25, Disapprove 72",-47,2018-10-25,2018.0,10.0
